boro,gx,gy,lat,lon,total_count,early_count,recent_count,early_rate,recent_rate,rate_diff,years_active,years_ge3,precinct,loc_class,late_share,street_share,housing_share,recent_rank_boro,emerging_rank_boro,persistent_score,persistent_rank_boro,fading_rank_boro
BRONX,-8,33,40.812592869,-73.930534567,10,5,0,0.8333333333333334,0.0,-0.8333333333333334,9,0,40,STREET,40.0,80.0,0.0,383.0,522.0,20.397895272798372,210.0,66.0
BRONX,-8,41,40.831140309,-73.930545555,10,3,0,0.5,0.0,-0.5,8,0,44,STREET,90.0,80.0,0.0,384.0,433.0,18.397895272798372,240.0,121.0
BRONX,-8,42,40.83255742,-73.93057624,3,0,2,0.0,0.6666666666666666,0.6666666666666666,2,0,44,DWELLING,33.33333333333333,33.33333333333333,0.0,107.0,42.0,5.386294361119891,596.0,555.0
BRONX,-8,43,40.83533192,-73.92989395,7,2,0,0.3333333333333333,0.0,-0.3333333333333333,6,0,44,STREET,71.42857142857143,71.42857142857143,14.285714285714285,385.0,352.0,14.079441541679836,349.0,184.0
BRONX,-7,31,40.807445337500006,-73.92839894,4,0,1,0.0,0.3333333333333333,0.3333333333333333,4,0,40,STREET,100.0,100.0,0.0,209.0,86.0,9.6094379124341,474.0,498.0
BRONX,-7,32,40.81076433125,-73.927744675,8,2,1,0.3333333333333333,0.3333333333333333,0.0,8,0,40,STREET,75.0,62.5,12.5,210.0,170.0,18.19722457733622,257.0,359.0
BRONX,-7,33,40.812674183333336,-73.92876018777778,9,2,1,0.3333333333333333,0.3333333333333333,0.0,7,0,40,STREET,55.55555555555556,88.88888888888889,0.0,211.0,171.0,16.302585092994047,287.0,360.0
BRONX,-7,36,40.818945214,-73.927799111,10,4,2,0.6666666666666666,0.6666666666666666,0.0,8,0,44,STREET,50.0,100.0,0.0,108.0,172.0,18.397895272798372,241.0,361.0
BRONX,-7,41,40.83116487,-73.928076378,5,1,1,0.16666666666666666,0.3333333333333333,0.16666666666666666,4,0,44,STREET,60.0,60.0,0.0,212.0,114.0,9.791759469228055,451.0,462.0
BRONX,-7,42,40.83385761666667,-73.928075396,15,3,1,0.5,0.3333333333333333,-0.16666666666666669,12,0,44,STREET,60.0,100.0,0.0,213.0,297.0,26.77258872223978,116.0,283.0
BRONX,-7,43,40.83522551478261,-73.92822386391305,23,9,5,1.5,1.6666666666666667,0.16666666666666674,15,2,44,STREET,60.86956521739131,86.95652173913044,0.0,17.0,113.0,35.17805383034795,32.0,495.0
BRONX,-7,44,40.837592593749996,-73.92777380999999,8,3,0,0.5,0.0,-0.5,6,0,44,STREET,62.5,62.5,37.5,386.0,434.0,14.19722457733622,336.0,122.0
BRONX,-6,30,40.807065318333336,-73.92464500833334,6,2,0,0.3333333333333333,0.0,-0.3333333333333333,6,0,40,STREET,66.66666666666666,83.33333333333334,0.0,387.0,353.0,13.945910149055313,368.0,185.0
BRONX,-6,31,40.808560393200004,-73.92538447640001,25,8,0,1.3333333333333333,0.0,-1.3333333333333333,16,3,40,HOUSING,48.0,16.0,80.0,388.0,588.0,38.25809653802148,16.0,18.0
BRONX,-6,32,40.81064530387097,-73.92525232193549,31,9,10,1.5,3.3333333333333335,1.8333333333333335,13,4,40,STREET,45.16129032258064,70.96774193548387,19.35483870967742,6.0,6.0,33.46573590279973,36.0,602.0
BRONX,-6,33,40.812889426875,-73.924777578125,16,8,4,1.3333333333333333,1.3333333333333333,0.0,11,1,40,HOUSING,50.0,6.25,93.75,33.0,173.0,25.833213344056215,126.0,362.0
BRONX,-6,34,40.814937985,-73.92446811,6,0,0,0.0,0.0,0.0,4,0,40,HOUSING,50.0,16.666666666666664,83.33333333333334,389.0,174.0,9.945910149055313,445.0,363.0
BRONX,-6,35,40.81770709,-73.92397663,13,6,2,1.0,0.6666666666666666,-0.33333333333333337,9,0,40,STREET,61.53846153846154,76.92307692307693,7.6923076923076925,109.0,425.0,20.63905732961526,197.0,178.0
BRONX,-6,36,40.819642785,-73.9260735375,4,1,0,0.16666666666666666,0.0,-0.16666666666666666,3,0,44,STREET,50.0,100.0,0.0,390.0,251.0,7.6094379124341005,522.0,312.0
BRONX,-6,37,40.82187748333333,-73.92506119666666,6,2,1,0.3333333333333333,0.3333333333333333,0.0,6,0,44,STREET,33.33333333333333,66.66666666666666,0.0,214.0,175.0,13.945910149055313,369.0,364.0
BRONX,-6,38,40.824400687692304,-73.92637898384615,13,3,3,0.5,1.0,0.5,10,1,44,STREET,61.53846153846154,76.92307692307693,0.0,56.0,56.0,23.63905732961526,160.0,532.0
BRONX,-6,39,40.82614209571429,-73.92533332428572,7,2,0,0.3333333333333333,0.0,-0.3333333333333333,5,0,44,STREET,42.857142857142854,85.71428571428571,0.0,391.0,354.0,12.079441541679836,393.0,186.0
BRONX,-6,40,40.82789658142857,-73.92505777857143,7,4,0,0.6666666666666666,0.0,-0.6666666666666666,5,0,44,STREET,28.57142857142857,100.0,0.0,392.0,492.0,12.079441541679836,394.0,99.0
BRONX,-6,42,40.83341641166667,-73.92634672083332,12,1,1,0.16666666666666666,0.3333333333333333,0.16666666666666666,10,0,44,STREET,91.66666666666666,75.0,0.0,215.0,115.0,22.564949357461536,173.0,463.0
BRONX,-6,43,40.83515544777777,-73.92521870333334,9,2,1,0.3333333333333333,0.3333333333333333,0.0,8,0,44,STREET,66.66666666666666,77.77777777777779,0.0,216.0,176.0,18.302585092994047,248.0,365.0
BRONX,-6,44,40.837950267,-73.925355703,10,4,2,0.6666666666666666,0.6666666666666666,0.0,7,0,44,STREET,80.0,80.0,0.0,110.0,177.0,16.397895272798372,281.0,366.0
BRONX,-6,45,40.839945057777776,-73.92487882444445,9,4,1,0.6666666666666666,0.3333333333333333,-0.3333333333333333,9,0,44,STREET,55.55555555555556,88.88888888888889,0.0,217.0,355.0,20.302585092994047,215.0,187.0
BRONX,-6,46,40.841936390769234,-73.92464119,13,3,2,0.5,0.6666666666666666,0.16666666666666663,11,0,44,STREET,69.23076923076923,84.61538461538461,0.0,111.0,147.0,24.63905732961526,151.0,440.0
BRONX,-6,47,40.843543489999995,-73.92459586000001,6,3,0,0.5,0.0,-0.5,4,0,44,STREET,50.0,83.33333333333334,0.0,393.0,435.0,9.945910149055313,446.0,123.0
BRONX,-6,48,40.84632637,-73.92480518571429,7,2,1,0.3333333333333333,0.3333333333333333,0.0,7,0,46,STREET,85.71428571428571,100.0,0.0,218.0,178.0,16.079441541679834,315.0,367.0
BRONX,-5,30,40.80616164857143,-73.9228664142857,7,0,1,0.0,0.3333333333333333,0.3333333333333333,5,0,40,STREET,42.857142857142854,85.71428571428571,0.0,219.0,87.0,12.079441541679836,395.0,499.0
BRONX,-5,31,40.808375092,-73.922697692,15,6,1,1.0,0.3333333333333333,-0.6666666666666667,9,1,40,STREET,73.33333333333333,46.666666666666664,40.0,220.0,510.0,21.77258872223978,178.0,88.0
BRONX,-5,32,40.81126719466667,-73.922542122,15,6,6,1.0,2.0,1.0,11,0,40,HOUSING,46.666666666666664,20.0,80.0,10.0,18.0,24.77258872223978,143.0,582.0
BRONX,-5,33,40.812749960789475,-73.9221203,38,13,4,2.1666666666666665,1.3333333333333333,-0.8333333333333333,15,8,40,HOUSING,44.73684210526316,15.789473684210526,84.21052631578947,34.0,521.0,41.663561646129644,6.0,87.0
BRONX,-5,34,40.81455622558139,-73.92256885139535,43,23,5,3.8333333333333335,1.6666666666666667,-2.166666666666667,17,8,40,HOUSING,67.44186046511628,18.6046511627907,76.74418604651163,18.0,604.0,45.78418963391826,1.0,4.0
BRONX,-5,35,40.81785348333333,-73.92207394533334,15,8,1,1.3333333333333333,0.3333333333333333,-1.0,8,1,40,STREET,33.33333333333333,46.666666666666664,0.0,221.0,553.0,19.77258872223978,222.0,31.0
BRONX,-5,36,40.819816617,-73.921831019,10,5,0,0.8333333333333334,0.0,-0.8333333333333334,10,0,40,STREET,50.0,90.0,0.0,394.0,523.0,22.397895272798372,176.0,67.0
BRONX,-5,37,40.82084792,-73.92119103,6,2,0,0.3333333333333333,0.0,-0.3333333333333333,6,0,40,HOUSING,66.66666666666666,16.666666666666664,83.33333333333334,395.0,356.0,13.945910149055313,370.0,188.0
BRONX,-5,39,40.825869527142856,-73.92285441714286,7,2,0,0.3333333333333333,0.0,-0.3333333333333333,6,0,44,STREET,28.57142857142857,71.42857142857143,0.0,396.0,357.0,14.079441541679836,350.0,189.0
BRONX,-5,40,40.82882871444444,-73.92219253444443,9,1,1,0.16666666666666666,0.3333333333333333,0.16666666666666666,7,1,44,STREET,55.55555555555556,66.66666666666666,0.0,222.0,116.0,17.302585092994047,273.0,464.0
BRONX,-5,41,40.831185434000005,-73.92253966,10,5,0,0.8333333333333334,0.0,-0.8333333333333334,5,2,44,STREET,60.0,80.0,0.0,397.0,524.0,14.39789527279837,332.0,68.0
BRONX,-5,43,40.835129818,-73.92287187000001,5,3,0,0.5,0.0,-0.5,5,0,44,STREET,40.0,80.0,0.0,398.0,436.0,11.791759469228055,414.0,124.0
BRONX,-5,45,40.84037785142857,-73.92250871357143,14,6,3,1.0,1.0,0.0,8,2,44,STREET,64.28571428571429,71.42857142857143,0.0,57.0,179.0,20.70805020110221,195.0,368.0
BRONX,-5,46,40.84221380333333,-73.92270735888889,9,5,1,0.8333333333333334,0.3333333333333333,-0.5,7,1,44,STREET,66.66666666666666,66.66666666666666,0.0,223.0,437.0,17.302585092994047,274.0,125.0
BRONX,-5,47,40.84459524333334,-73.92290160733333,15,3,2,0.5,0.6666666666666666,0.16666666666666663,9,1,46,STREET,60.0,60.0,26.666666666666668,112.0,148.0,21.77258872223978,179.0,441.0
BRONX,-5,48,40.847135474285714,-73.922152305,14,6,3,1.0,1.0,0.0,9,2,46,HOUSING,42.857142857142854,50.0,50.0,58.0,180.0,22.70805020110221,167.0,369.0
BRONX,-5,49,40.84854919000001,-73.92224296444445,9,4,2,0.6666666666666666,0.6666666666666666,0.0,7,0,46,STREET,44.44444444444444,66.66666666666666,0.0,113.0,181.0,16.302585092994047,288.0,370.0
BRONX,-5,50,40.85174928200001,-73.92216677333333,15,8,1,1.3333333333333333,0.3333333333333333,-1.0,12,0,46,STREET,33.33333333333333,66.66666666666666,0.0,224.0,554.0,26.77258872223978,117.0,32.0
BRONX,-5,51,40.85225365,-73.92227076,8,7,0,1.1666666666666667,0.0,-1.1666666666666667,6,0,46,STREET,75.0,62.5,0.0,399.0,580.0,14.19722457733622,337.0,21.0
BRONX,-4,30,40.80636704771429,-73.91900131771429,35,13,5,2.1666666666666665,1.6666666666666667,-0.4999999999999998,16,6,40,HOUSING,51.42857142857142,31.428571428571427,57.14285714285714,19.0,432.0,41.58351893845611,7.0,176.0
BRONX,-4,31,40.808370276666665,-73.91966815916666,12,5,0,0.8333333333333334,0.0,-0.8333333333333334,9,0,40,STREET,58.333333333333336,83.33333333333334,0.0,400.0,525.0,20.564949357461536,199.0,69.0
BRONX,-4,32,40.81015540642857,-73.91940521857143,14,7,2,1.1666666666666667,0.6666666666666666,-0.5000000000000001,11,0,40,STREET,35.714285714285715,78.57142857142857,7.142857142857142,114.0,488.0,24.70805020110221,148.0,117.0
BRONX,-4,33,40.812813075,-73.91967784250001,4,2,1,0.3333333333333333,0.3333333333333333,0.0,4,0,40,STREET,50.0,100.0,0.0,225.0,182.0,9.6094379124341,475.0,371.0
BRONX,-4,34,40.81491823,-73.92039675599999,5,0,0,0.0,0.0,0.0,3,0,40,STREET,40.0,100.0,0.0,401.0,183.0,7.7917594692280545,517.0,372.0
BRONX,-4,35,40.8178515,-73.91939674,8,3,2,0.5,0.6666666666666666,0.16666666666666663,5,0,40,STREET,62.5,100.0,0.0,115.0,149.0,12.19722457733622,392.0,442.0
BRONX,-4,36,40.8195528768421,-73.91894436894738,19,10,1,1.6666666666666667,0.3333333333333333,-1.3333333333333335,10,2,40,HOUSING,57.89473684210527,36.84210526315789,57.89473684210527,226.0,591.0,24.99573227355399,137.0,15.0
BRONX,-4,37,40.82218617780487,-73.91921600292682,41,11,7,1.8333333333333333,2.3333333333333335,0.5000000000000002,17,6,40,HOUSING,70.73170731707317,0.0,100.0,8.0,54.0,43.73766961828337,3.0,553.0
BRONX,-4,38,40.823937536,-73.91865345699999,10,4,1,0.6666666666666666,0.3333333333333333,-0.3333333333333333,9,0,44,STREET,90.0,90.0,10.0,227.0,358.0,20.397895272798372,211.0,190.0
BRONX,-4,39,40.825897096666665,-73.91828840333334,3,1,1,0.16666666666666666,0.3333333333333333,0.16666666666666666,3,0,44,STREET,33.33333333333333,66.66666666666666,0.0,228.0,117.0,7.386294361119891,537.0,465.0
BRONX,-4,40,40.82869298909091,-73.91926892181817,11,4,3,0.6666666666666666,1.0,0.33333333333333337,8,1,44,STREET,63.63636363636363,54.54545454545454,0.0,59.0,79.0,19.484906649788,228.0,523.0
BRONX,-4,41,40.83082606782609,-73.91916473565217,23,8,2,1.3333333333333333,0.6666666666666666,-0.6666666666666666,11,3,44,STREET,56.52173913043478,82.6086956521739,0.0,116.0,493.0,28.178053830347945,91.0,100.0
BRONX,-4,42,40.833242625555556,-73.91924464222222,9,4,0,0.6666666666666666,0.0,-0.6666666666666666,7,0,44,STREET,66.66666666666666,66.66666666666666,0.0,402.0,494.0,16.302585092994047,289.0,101.0
BRONX,-4,43,40.83516097380952,-73.91969482809525,21,9,4,1.5,1.3333333333333333,-0.16666666666666674,12,2,44,STREET,66.66666666666666,90.47619047619048,0.0,35.0,326.0,29.091042453358316,81.0,262.0
BRONX,-4,44,40.83790593027027,-73.91954259864865,37,9,15,1.5,5.0,3.5,16,4,44,STREET,56.75675675675676,72.97297297297297,0.0,2.0,4.0,39.63758615972638,11.0,604.0
BRONX,-4,45,40.839930083333336,-73.91985652833334,6,1,1,0.16666666666666666,0.3333333333333333,0.16666666666666666,6,0,44,STREET,50.0,100.0,0.0,229.0,118.0,13.945910149055313,371.0,466.0
BRONX,-4,46,40.8416413425,-73.92008938333333,12,5,0,0.8333333333333334,0.0,-0.8333333333333334,7,1,44,STREET,50.0,83.33333333333334,0.0,403.0,526.0,17.564949357461536,267.0,70.0
BRONX,-4,48,40.84658961277778,-73.91955654444446,18,6,3,1.0,1.0,0.0,14,0,46,STREET,72.22222222222221,72.22222222222221,5.555555555555555,60.0,184.0,30.944438979166442,62.0,373.0
BRONX,-4,49,40.848856838,-73.919919514,5,1,0,0.16666666666666666,0.0,-0.16666666666666666,5,0,46,STREET,60.0,60.0,20.0,404.0,252.0,11.791759469228055,415.0,313.0
BRONX,-4,50,40.851708523750005,-73.92032264125001,8,4,0,0.6666666666666666,0.0,-0.6666666666666666,6,1,46,STREET,100.0,87.5,0.0,405.0,495.0,15.19722457733622,328.0,102.0
BRONX,-4,51,40.852836785,-73.91960375875001,8,3,2,0.5,0.6666666666666666,0.16666666666666663,7,0,46,STREET,62.5,75.0,0.0,117.0,150.0,16.19722457733622,304.0,443.0
BRONX,-3,29,40.803767094,-73.915948448,5,2,0,0.3333333333333333,0.0,-0.3333333333333333,4,0,40,HOUSING,40.0,40.0,40.0,406.0,359.0,9.791759469228055,452.0,191.0
BRONX,-3,30,40.80569795583334,-73.91646105750002,24,11,0,1.8333333333333333,0.0,-1.8333333333333333,13,3,40,HOUSING,58.333333333333336,29.166666666666668,66.66666666666666,407.0,599.0,32.2188758248682,42.0,8.0
BRONX,-3,31,40.808386780000006,-73.91637609600001,10,5,0,0.8333333333333334,0.0,-0.8333333333333334,8,0,40,STREET,60.0,100.0,0.0,408.0,527.0,18.397895272798372,242.0,71.0
BRONX,-3,32,40.81090931705882,-73.91665151470588,17,9,2,1.5,0.6666666666666666,-0.8333333333333334,11,2,40,HOUSING,58.82352941176471,41.17647058823529,58.82352941176471,118.0,528.0,26.890371757896165,111.0,72.0
BRONX,-3,33,40.81320803538461,-73.91617191192309,26,8,3,1.3333333333333333,1.0,-0.33333333333333326,13,4,40,STREET,42.30769230769231,53.84615384615385,38.46153846153847,61.0,347.0,33.29583686600433,37.0,257.0
BRONX,-3,34,40.81490800444444,-73.9163839688889,9,2,3,0.3333333333333333,1.0,0.6666666666666667,9,0,40,STREET,55.55555555555556,66.66666666666666,11.11111111111111,62.0,36.0,20.302585092994047,216.0,567.0
BRONX,-3,35,40.817933610000004,-73.91618437,4,0,1,0.0,0.3333333333333333,0.3333333333333333,4,0,40,STREET,50.0,100.0,0.0,230.0,88.0,9.6094379124341,476.0,500.0
BRONX,-3,36,40.81923767125,-73.9166248575,8,2,1,0.3333333333333333,0.3333333333333333,0.0,8,0,40,STREET,62.5,75.0,0.0,231.0,185.0,18.19722457733622,258.0,374.0
BRONX,-3,37,40.82219453363636,-73.91651805409091,22,6,2,1.0,0.6666666666666666,-0.33333333333333337,12,1,40,STREET,63.63636363636363,59.09090909090909,31.818181818181817,119.0,426.0,28.13549421592915,92.0,179.0
BRONX,-3,38,40.82391704914286,-73.91692550342857,35,16,1,2.6666666666666665,0.3333333333333333,-2.333333333333333,16,6,44,HOUSING,45.714285714285715,17.142857142857142,65.71428571428571,232.0,605.0,41.58351893845611,8.0,3.0
BRONX,-3,39,40.82594632846154,-73.91681778,26,9,6,1.5,2.0,0.5,14,3,44,STREET,61.53846153846154,80.76923076923077,3.8461538461538463,11.0,57.0,34.29583686600433,34.0,533.0
BRONX,-3,40,40.82913728444444,-73.91623679833333,18,5,1,0.8333333333333334,0.3333333333333333,-0.5,14,0,44,STREET,55.55555555555556,94.44444444444444,0.0,233.0,438.0,30.944438979166442,63.0,126.0
BRONX,-3,41,40.83096659352941,-73.91620041588236,17,4,2,0.6666666666666666,0.6666666666666666,0.0,12,1,44,STREET,64.70588235294117,94.11764705882352,0.0,120.0,186.0,27.890371757896165,99.0,375.0
BRONX,-3,42,40.833383784615386,-73.91654649538461,13,5,1,0.8333333333333334,0.3333333333333333,-0.5,10,1,44,STREET,92.3076923076923,84.61538461538461,0.0,234.0,439.0,23.63905732961526,161.0,127.0
BRONX,-3,43,40.83518776666667,-73.91658619291667,24,12,0,2.0,0.0,-2.0,11,4,44,STREET,58.333333333333336,75.0,0.0,409.0,601.0,29.2188758248682,79.0,6.0
BRONX,-3,44,40.83819345,-73.91663257555557,9,2,2,0.3333333333333333,0.6666666666666666,0.3333333333333333,7,0,44,STREET,100.0,88.88888888888889,0.0,121.0,89.0,16.302585092994047,290.0,501.0
BRONX,-3,45,40.839863984666664,-73.91644037866666,15,6,1,1.0,0.3333333333333333,-0.6666666666666667,11,0,44,STREET,66.66666666666666,93.33333333333333,0.0,235.0,511.0,24.77258872223978,144.0,89.0
BRONX,-3,46,40.841751255999995,-73.91670401,15,4,1,0.6666666666666666,0.3333333333333333,-0.3333333333333333,10,2,44,STREET,60.0,66.66666666666666,0.0,236.0,360.0,24.77258872223978,145.0,192.0
BRONX,-3,47,40.84399791909091,-73.91669769090909,11,3,3,0.5,1.0,0.5,9,0,44,STREET,45.45454545454545,81.81818181818183,0.0,63.0,58.0,20.484906649788,206.0,534.0
BRONX,-3,48,40.846582863,-73.91683663,10,5,0,0.8333333333333334,0.0,-0.8333333333333334,8,0,46,STREET,50.0,80.0,10.0,410.0,529.0,18.397895272798372,243.0,73.0
BRONX,-3,49,40.84870545190476,-73.9169159647619,21,8,3,1.3333333333333333,1.0,-0.33333333333333326,14,1,46,STREET,57.14285714285714,71.42857142857143,0.0,64.0,348.0,32.09104245335831,47.0,258.0
BRONX,-3,50,40.85064279692308,-73.91663772923076,13,6,0,1.0,0.0,-1.0,10,0,46,STREET,76.92307692307693,92.3076923076923,0.0,411.0,555.0,22.63905732961526,171.0,33.0
BRONX,-3,51,40.85348853333333,-73.91627983444445,18,9,2,1.5,0.6666666666666666,-0.8333333333333334,11,1,46,STREET,55.55555555555556,77.77777777777779,0.0,122.0,530.0,25.944438979166442,123.0,74.0
BRONX,-2,29,40.804108438,-73.913583548,5,2,1,0.3333333333333333,0.3333333333333333,0.0,5,0,40,STREET,40.0,100.0,0.0,237.0,187.0,11.791759469228055,416.0,376.0
BRONX,-2,30,40.805965603333334,-73.91377554666667,9,3,0,0.5,0.0,-0.5,7,0,40,STREET,55.55555555555556,88.88888888888889,0.0,412.0,440.0,16.302585092994047,291.0,128.0
BRONX,-2,31,40.8083913465625,-73.91376765656251,32,13,3,2.1666666666666665,1.0,-1.1666666666666665,16,4,40,STREET,53.125,93.75,0.0,65.0,578.0,39.49650756146648,13.0,29.0
BRONX,-2,32,40.81033163666667,-73.91430735333333,3,0,0,0.0,0.0,0.0,3,0,40,STREET,66.66666666666666,100.0,0.0,413.0,188.0,7.386294361119891,538.0,377.0
BRONX,-2,33,40.81329183500001,-73.91432159833333,6,1,0,0.16666666666666666,0.0,-0.16666666666666666,6,0,40,STREET,83.33333333333334,66.66666666666666,16.666666666666664,414.0,253.0,13.945910149055313,372.0,314.0
BRONX,-2,34,40.814654126,-73.913456418,5,2,1,0.3333333333333333,0.3333333333333333,0.0,5,0,40,STREET,40.0,100.0,0.0,238.0,189.0,11.791759469228055,417.0,378.0
BRONX,-2,36,40.81949475285714,-73.91350792857143,7,2,1,0.3333333333333333,0.3333333333333333,0.0,6,0,40,STREET,28.57142857142857,100.0,0.0,239.0,190.0,14.079441541679836,351.0,379.0
BRONX,-2,37,40.821369591875005,-73.91376630875,16,4,2,0.6666666666666666,0.6666666666666666,0.0,11,1,40,STREET,50.0,81.25,0.0,123.0,191.0,25.833213344056215,127.0,380.0
BRONX,-2,38,40.82448244375,-73.91376205,8,0,4,0.0,1.3333333333333333,1.3333333333333333,6,0,42,STREET,75.0,87.5,0.0,36.0,10.0,14.19722457733622,338.0,598.0
BRONX,-2,39,40.82618576,-73.9145163775,4,1,1,0.16666666666666666,0.3333333333333333,0.16666666666666666,4,0,44,STREET,25.0,100.0,0.0,240.0,119.0,9.6094379124341,477.0,467.0
BRONX,-2,40,40.82876988125,-73.914020495625,16,3,2,0.5,0.6666666666666666,0.16666666666666663,12,1,44,STREET,56.25,75.0,0.0,124.0,151.0,27.833213344056215,101.0,444.0
BRONX,-2,41,40.83062819,-73.91389867172414,29,12,1,2.0,0.3333333333333333,-1.6666666666666667,15,3,44,STREET,58.620689655172406,75.86206896551724,10.344827586206897,241.0,598.0,36.40119738166216,24.0,10.0
BRONX,-2,42,40.833166438000006,-73.91325165200001,25,14,0,2.3333333333333335,0.0,-2.3333333333333335,14,2,44,STREET,44.0,96.0,0.0,415.0,606.0,33.25809653802148,38.0,2.0
BRONX,-2,43,40.83502250642857,-73.91312920571428,14,8,3,1.3333333333333333,1.0,-0.33333333333333326,10,0,44,STREET,64.28571428571429,78.57142857142857,0.0,66.0,349.0,22.70805020110221,168.0,259.0
BRONX,-2,44,40.83750010210526,-73.91352180052631,19,5,3,0.8333333333333334,1.0,0.16666666666666663,13,2,44,STREET,52.63157894736842,89.47368421052632,0.0,67.0,152.0,30.99573227355399,60.0,445.0
BRONX,-2,45,40.83975787375,-73.913851119375,16,2,3,0.3333333333333333,1.0,0.6666666666666667,12,0,44,STREET,62.5,75.0,0.0,68.0,37.0,26.833213344056215,114.0,568.0
BRONX,-2,46,40.84225117,-73.914405075,24,7,3,1.1666666666666667,1.0,-0.16666666666666674,12,3,44,STREET,58.333333333333336,95.83333333333334,0.0,69.0,327.0,30.2188758248682,68.0,263.0
BRONX,-2,47,40.844536273636365,-73.91349804181819,11,4,1,0.6666666666666666,0.3333333333333333,-0.3333333333333333,8,1,44,STREET,54.54545454545454,81.81818181818183,0.0,242.0,361.0,19.484906649788,229.0,193.0
BRONX,-2,48,40.846870848888884,-73.91433939333334,9,4,3,0.6666666666666666,1.0,0.33333333333333337,9,0,46,STREET,66.66666666666666,77.77777777777779,0.0,70.0,80.0,20.302585092994047,217.0,524.0
BRONX,-2,49,40.84877938333334,-73.91339013055556,18,7,2,1.1666666666666667,0.6666666666666666,-0.5000000000000001,12,1,46,STREET,61.111111111111114,83.33333333333334,0.0,125.0,489.0,27.944438979166442,98.0,118.0
BRONX,-2,50,40.850954555,-73.913381175,4,2,0,0.3333333333333333,0.0,-0.3333333333333333,4,0,46,STREET,75.0,75.0,0.0,416.0,362.0,9.6094379124341,478.0,194.0
BRONX,-2,51,40.85284294631579,-73.91400107578947,19,9,1,1.5,0.3333333333333333,-1.1666666666666667,14,1,46,STREET,73.68421052631578,68.42105263157895,15.789473684210526,243.0,581.0,31.99573227355399,50.0,22.0
BRONX,-2,52,40.854901104545455,-73.91359399363637,11,3,4,0.5,1.3333333333333333,0.8333333333333333,8,0,46,STREET,54.54545454545454,90.9090909090909,0.0,37.0,31.0,18.484906649788,236.0,573.0
BRONX,-1,28,40.80153003666666,-73.91164341666666,3,1,0,0.16666666666666666,0.0,-0.16666666666666666,3,0,40,STREET,0.0,66.66666666666666,0.0,417.0,254.0,7.386294361119891,539.0,315.0
BRONX,-1,33,40.81294065619048,-73.90979790428571,21,8,2,1.3333333333333333,0.6666666666666666,-0.6666666666666666,11,2,40,HOUSING,57.14285714285714,38.095238095238095,61.904761904761905,126.0,496.0,27.091042453358316,106.0,103.0
BRONX,-1,34,40.81500656375,-73.91006951874999,8,4,1,0.6666666666666666,0.3333333333333333,-0.3333333333333333,7,0,40,HOUSING,62.5,25.0,62.5,244.0,363.0,16.19722457733622,305.0,195.0
BRONX,-1,35,40.817253480000005,-73.910009306,5,1,0,0.16666666666666666,0.0,-0.16666666666666666,5,0,40,STREET,60.0,60.0,0.0,418.0,255.0,11.791759469228055,418.0,316.0
BRONX,-1,36,40.819506486,-73.910895044,5,0,0,0.0,0.0,0.0,3,0,40,STREET,60.0,80.0,20.0,419.0,192.0,7.7917594692280545,518.0,381.0
BRONX,-1,37,40.82219326068965,-73.91147810827586,29,6,14,1.0,4.666666666666667,3.666666666666667,13,2,42,STREET,58.620689655172406,93.10344827586206,3.4482758620689653,4.0,3.0,31.401197381662154,52.0,605.0
BRONX,-1,38,40.82403833,-73.90952873333333,6,0,3,0.0,1.0,1.0,4,1,42,STREET,50.0,83.33333333333334,0.0,71.0,19.0,10.945910149055313,443.0,583.0
BRONX,-1,39,40.82638479333333,-73.90976764333332,3,0,2,0.0,0.6666666666666666,0.6666666666666666,3,0,42,STREET,0.0,66.66666666666666,0.0,127.0,43.0,7.386294361119891,540.0,556.0
BRONX,-1,41,40.830827306,-73.911073806,15,7,1,1.1666666666666667,0.3333333333333333,-0.8333333333333335,10,0,44,STREET,60.0,73.33333333333333,20.0,245.0,543.0,22.77258872223978,165.0,56.0
BRONX,-1,42,40.8331135744,-73.9098891348,25,10,5,1.6666666666666667,1.6666666666666667,0.0,15,3,44,STREET,60.0,60.0,32.0,20.0,193.0,36.25809653802148,28.0,382.0
BRONX,-1,43,40.835912437333334,-73.91119349533334,15,5,3,0.8333333333333334,1.0,0.16666666666666663,11,1,44,STREET,46.666666666666664,100.0,0.0,72.0,153.0,25.77258872223978,128.0,446.0
BRONX,-1,44,40.83810261000001,-73.90970204999999,12,5,1,0.8333333333333334,0.3333333333333333,-0.5,10,0,44,STREET,66.66666666666666,66.66666666666666,0.0,246.0,441.0,22.564949357461536,174.0,129.0
BRONX,-1,45,40.83957890555556,-73.91011394888889,9,2,0,0.3333333333333333,0.0,-0.3333333333333333,8,0,44,STREET,66.66666666666666,77.77777777777779,0.0,420.0,364.0,18.302585092994047,249.0,196.0
BRONX,-1,46,40.84187233941177,-73.91044465058825,17,3,5,0.5,1.6666666666666667,1.1666666666666667,11,2,44,STREET,64.70588235294117,76.47058823529412,0.0,21.0,11.0,26.890371757896165,112.0,593.0
BRONX,-1,47,40.843961289333336,-73.911298402,15,3,2,0.5,0.6666666666666666,0.16666666666666663,10,1,44,STREET,26.666666666666668,73.33333333333333,0.0,128.0,154.0,23.77258872223978,158.0,447.0
BRONX,-1,48,40.84666210363636,-73.90981992181818,22,3,5,0.5,1.6666666666666667,1.1666666666666667,14,2,46,STREET,36.36363636363637,90.9090909090909,0.0,22.0,12.0,33.13549421592915,40.0,594.0
BRONX,-1,49,40.8489199145,-73.909985617,20,10,1,1.6666666666666667,0.3333333333333333,-1.3333333333333335,13,1,46,STREET,65.0,90.0,0.0,247.0,592.0,30.044522437723423,71.0,16.0
BRONX,-1,50,40.85128198230769,-73.91056235692308,13,6,0,1.0,0.0,-1.0,10,1,46,STREET,53.84615384615385,92.3076923076923,0.0,421.0,556.0,23.63905732961526,162.0,34.0
BRONX,-1,51,40.8533631875,-73.91034506849999,20,7,2,1.1666666666666667,0.6666666666666666,-0.5000000000000001,12,2,46,STREET,60.0,75.0,15.0,129.0,490.0,29.044522437723423,83.0,119.0
BRONX,-1,52,40.855352929999995,-73.9106570525,4,3,0,0.5,0.0,-0.5,4,0,46,STREET,75.0,75.0,25.0,422.0,442.0,9.6094379124341,479.0,130.0
BRONX,-1,54,40.85951066166667,-73.90973173833333,6,2,0,0.3333333333333333,0.0,-0.3333333333333333,6,0,52,STREET,50.0,100.0,0.0,423.0,365.0,13.945910149055313,373.0,197.0
BRONX,-1,55,40.861816466,-73.91053034,5,2,1,0.3333333333333333,0.3333333333333333,0.0,4,0,52,STREET,40.0,100.0,0.0,248.0,194.0,9.791759469228055,453.0,383.0
BRONX,-1,60,40.87452814,-73.91014103333333,6,3,0,0.5,0.0,-0.5,5,0,50,STREET,66.66666666666666,83.33333333333334,16.666666666666664,424.0,443.0,11.945910149055313,407.0,131.0
BRONX,-1,61,40.875197002,-73.909299546,10,1,1,0.16666666666666666,0.3333333333333333,0.16666666666666666,7,0,50,HOUSING,70.0,40.0,60.0,249.0,120.0,16.397895272798372,282.0,468.0
BRONX,0,32,40.810950728,-73.90751945,5,2,0,0.3333333333333333,0.0,-0.3333333333333333,4,0,40,STREET,60.0,80.0,0.0,425.0,366.0,9.791759469228055,454.0,198.0
BRONX,0,33,40.813186124285714,-73.90832484571428,7,2,1,0.3333333333333333,0.3333333333333333,0.0,6,0,40,STREET,85.71428571428571,71.42857142857143,0.0,250.0,195.0,14.079441541679836,352.0,384.0
BRONX,0,34,40.81583010193548,-73.90778465193549,31,11,7,1.8333333333333333,2.3333333333333335,0.5000000000000002,14,5,40,HOUSING,45.16129032258064,29.03225806451613,58.06451612903226,9.0,55.0,36.46573590279973,23.0,554.0
BRONX,0,35,40.817427903749994,-73.90722848906249,32,8,6,1.3333333333333333,2.0,0.6666666666666667,17,5,40,HOUSING,50.0,15.625,84.375,12.0,38.0,42.49650756146648,5.0,569.0
BRONX,0,36,40.81982380777778,-73.90760193555556,9,1,3,0.16666666666666666,1.0,0.8333333333333334,6,1,40,STREET,66.66666666666666,66.66666666666666,33.33333333333333,73.0,28.0,15.302585092994047,325.0,578.0
BRONX,0,37,40.822193197500006,-73.90752146583334,12,4,2,0.6666666666666666,0.6666666666666666,0.0,9,0,40,STREET,50.0,66.66666666666666,16.666666666666664,130.0,196.0,20.564949357461536,200.0,385.0
BRONX,0,38,40.82391385105263,-73.90785423,19,5,3,0.8333333333333334,1.0,0.16666666666666663,13,2,42,STREET,68.42105263157895,89.47368421052632,0.0,74.0,155.0,30.99573227355399,61.0,448.0
BRONX,0,39,40.82624889428571,-73.907663935,14,3,4,0.5,1.3333333333333333,0.8333333333333333,11,0,42,STREET,64.28571428571429,85.71428571428571,0.0,38.0,32.0,24.70805020110221,149.0,574.0
BRONX,0,40,40.829117036666666,-73.90749628444443,9,3,0,0.5,0.0,-0.5,7,0,42,STREET,44.44444444444444,88.88888888888889,0.0,426.0,444.0,16.302585092994047,292.0,132.0
BRONX,0,41,40.830440826,-73.907326315,20,7,1,1.1666666666666667,0.3333333333333333,-0.8333333333333335,13,0,42,STREET,65.0,55.00000000000001,35.0,251.0,544.0,29.044522437723423,84.0,57.0
BRONX,0,42,40.83256871846154,-73.90677317923077,26,8,5,1.3333333333333333,1.6666666666666667,0.3333333333333335,15,3,42,HOUSING,65.38461538461539,23.076923076923077,61.53846153846154,23.0,78.0,36.29583686600433,26.0,530.0
BRONX,0,43,40.835242176428565,-73.90818461571429,28,10,6,1.6666666666666667,2.0,0.33333333333333326,15,4,42,HOUSING,60.71428571428571,35.714285714285715,57.14285714285714,13.0,111.0,37.367295829986475,21.0,496.0
BRONX,0,44,40.83734097,-73.90687806625,32,7,3,1.1666666666666667,1.0,-0.16666666666666674,15,6,42,HOUSING,65.625,34.375,56.25,75.0,328.0,39.49650756146648,14.0,264.0
BRONX,0,46,40.84288192428571,-73.90676543714285,7,3,1,0.5,0.3333333333333333,-0.16666666666666669,7,0,44,STREET,71.42857142857143,71.42857142857143,0.0,252.0,298.0,16.079441541679834,316.0,284.0
BRONX,0,47,40.844780166250004,-73.9087005575,8,3,1,0.5,0.3333333333333333,-0.16666666666666669,7,0,44,STREET,62.5,75.0,0.0,253.0,299.0,16.19722457733622,306.0,285.0
BRONX,0,48,40.84652864947369,-73.90743159631579,19,5,3,0.8333333333333334,1.0,0.16666666666666663,13,1,46,STREET,42.10526315789473,84.21052631578947,0.0,76.0,156.0,29.99573227355399,72.0,449.0
BRONX,0,49,40.84892544272727,-73.90786648636364,11,6,1,1.0,0.3333333333333333,-0.6666666666666667,8,1,46,STREET,72.72727272727273,81.81818181818183,0.0,254.0,512.0,19.484906649788,230.0,90.0
BRONX,0,50,40.851392133684215,-73.9079845263158,19,6,3,1.0,1.0,0.0,14,1,46,STREET,63.1578947368421,84.21052631578947,0.0,77.0,197.0,31.99573227355399,51.0,386.0
BRONX,0,51,40.853452989333334,-73.90773676533334,15,3,3,0.5,1.0,0.5,11,0,46,STREET,60.0,80.0,0.0,78.0,59.0,24.77258872223978,146.0,535.0
BRONX,0,52,40.85575033,-73.90730874285714,7,3,1,0.5,0.3333333333333333,-0.16666666666666669,5,0,46,STREET,85.71428571428571,57.14285714285714,0.0,255.0,300.0,12.079441541679836,396.0,286.0
BRONX,0,53,40.858194218,-73.908003968,5,1,0,0.16666666666666666,0.0,-0.16666666666666666,4,0,46,STREET,40.0,60.0,0.0,427.0,256.0,9.791759469228055,455.0,317.0
BRONX,0,54,40.86008362846154,-73.90710891384616,13,2,0,0.3333333333333333,0.0,-0.3333333333333333,7,1,52,STREET,69.23076923076923,92.3076923076923,0.0,428.0,367.0,17.63905732961526,265.0,199.0
BRONX,0,55,40.861668037142856,-73.90771675642857,14,3,0,0.5,0.0,-0.5,11,1,52,STREET,57.14285714285714,85.71428571428571,0.0,429.0,445.0,25.70805020110221,133.0,133.0
BRONX,0,58,40.87006297,-73.90610956,4,1,1,0.16666666666666666,0.3333333333333333,0.16666666666666666,4,0,52,HOUSING,100.0,0.0,100.0,256.0,121.0,9.6094379124341,480.0,469.0
BRONX,0,61,40.87606389133333,-73.90737465333333,15,4,5,0.6666666666666666,1.6666666666666667,1.0,11,0,50,HOUSING,66.66666666666666,20.0,80.0,24.0,20.0,24.77258872223978,147.0,584.0
BRONX,0,62,40.877426476,-73.90683322800001,5,2,2,0.3333333333333333,0.6666666666666666,0.3333333333333333,4,0,50,HOUSING,80.0,20.0,80.0,131.0,90.0,9.791759469228055,456.0,502.0
BRONX,1,32,40.811291886666666,-73.90503466666667,6,1,1,0.16666666666666666,0.3333333333333333,0.16666666666666666,4,0,40,STREET,66.66666666666666,100.0,0.0,257.0,122.0,9.945910149055313,447.0,470.0
BRONX,1,33,40.81305624444445,-73.90461008444444,9,3,1,0.5,0.3333333333333333,-0.16666666666666669,9,0,40,STREET,66.66666666666666,100.0,0.0,258.0,301.0,20.302585092994047,218.0,287.0
BRONX,1,34,40.815406754,-73.904456905,10,4,1,0.6666666666666666,0.3333333333333333,-0.3333333333333333,9,0,40,STREET,100.0,50.0,20.0,259.0,368.0,20.397895272798372,212.0,200.0
BRONX,1,35,40.8173143504,-73.90486977799999,25,9,4,1.5,1.3333333333333333,-0.16666666666666674,13,2,40,HOUSING,56.00000000000001,40.0,56.00000000000001,39.0,329.0,31.258096538021483,53.0,265.0
BRONX,1,36,40.819411226666666,-73.90502489333333,3,1,1,0.16666666666666666,0.3333333333333333,0.16666666666666666,3,0,40,STREET,66.66666666666666,100.0,0.0,260.0,123.0,7.386294361119891,541.0,471.0
BRONX,1,37,40.821669288636365,-73.90445983227274,22,8,4,1.3333333333333333,1.3333333333333333,0.0,12,2,42,HOUSING,50.0,27.27272727272727,72.72727272727273,40.0,198.0,29.13549421592915,80.0,387.0
BRONX,1,38,40.82407291516129,-73.90427414612903,31,14,1,2.3333333333333335,0.3333333333333333,-2.0,15,4,42,HOUSING,58.06451612903226,0.0,100.0,261.0,602.0,37.46573590279973,17.0,7.0
BRONX,1,39,40.826583729333336,-73.904363288,15,5,0,0.8333333333333334,0.0,-0.8333333333333334,11,1,42,STREET,66.66666666666666,53.333333333333336,33.33333333333333,430.0,531.0,25.77258872223978,129.0,75.0
BRONX,1,40,40.82828342583334,-73.90434525166667,12,4,0,0.6666666666666666,0.0,-0.6666666666666666,9,1,42,STREET,75.0,91.66666666666666,0.0,431.0,497.0,21.564949357461536,190.0,104.0
BRONX,1,41,40.8306552525,-73.90454269000001,4,3,0,0.5,0.0,-0.5,4,0,42,STREET,50.0,75.0,0.0,432.0,446.0,9.6094379124341,481.0,134.0
BRONX,1,42,40.833659528333335,-73.90504249458334,24,8,3,1.3333333333333333,1.0,-0.33333333333333326,13,3,42,HOUSING,58.333333333333336,20.833333333333336,70.83333333333334,79.0,350.0,32.2188758248682,43.0,260.0
BRONX,1,43,40.83561095857143,-73.90410269857142,14,3,3,0.5,1.0,0.5,9,2,42,HOUSING,71.42857142857143,35.714285714285715,57.14285714285714,80.0,60.0,22.70805020110221,169.0,536.0
BRONX,1,44,40.837063224285714,-73.90377071285714,14,4,3,0.6666666666666666,1.0,0.33333333333333337,10,0,42,HOUSING,78.57142857142857,7.142857142857142,92.85714285714286,81.0,81.0,22.70805020110221,170.0,525.0
BRONX,1,45,40.839420520000004,-73.90493024,7,0,1,0.0,0.3333333333333333,0.3333333333333333,7,0,42,STREET,42.857142857142854,85.71428571428571,0.0,262.0,91.0,16.079441541679834,317.0,503.0
BRONX,1,46,40.84229217111111,-73.90475449444445,9,0,1,0.0,0.3333333333333333,0.3333333333333333,6,1,44,STREET,44.44444444444444,77.77777777777779,0.0,263.0,92.0,15.302585092994047,326.0,504.0
BRONX,1,47,40.84401305,-73.905168307,10,4,1,0.6666666666666666,0.3333333333333333,-0.3333333333333333,7,0,44,STREET,60.0,80.0,0.0,264.0,369.0,16.397895272798372,283.0,201.0
BRONX,1,48,40.847217568,-73.90436928466667,15,2,4,0.3333333333333333,1.3333333333333333,1.0,12,1,46,STREET,46.666666666666664,100.0,0.0,41.0,21.0,27.77258872223978,103.0,585.0
BRONX,1,49,40.84884127277778,-73.90429370055557,18,3,2,0.5,0.6666666666666666,0.16666666666666663,13,1,46,STREET,55.55555555555556,94.44444444444444,0.0,132.0,157.0,29.944438979166442,75.0,450.0
BRONX,1,50,40.85096661714286,-73.90503689071429,14,3,1,0.5,0.3333333333333333,-0.16666666666666669,9,0,46,STREET,64.28571428571429,78.57142857142857,0.0,265.0,302.0,20.70805020110221,196.0,288.0
BRONX,1,51,40.85376774777777,-73.90458075037039,27,9,6,1.5,2.0,0.5,17,2,46,STREET,51.85185185185185,85.18518518518519,0.0,14.0,61.0,39.3322045101752,15.0,537.0
BRONX,1,52,40.855837724,-73.904421239,10,2,4,0.3333333333333333,1.3333333333333333,1.0,7,1,46,STREET,50.0,90.0,0.0,42.0,22.0,17.397895272798372,271.0,586.0
BRONX,1,53,40.858071854,-73.90495074,25,10,3,1.6666666666666667,1.0,-0.6666666666666667,17,3,46,STREET,64.0,88.0,0.0,82.0,513.0,40.25809653802148,10.0,91.0
BRONX,1,54,40.859705154736844,-73.90482483421053,19,6,1,1.0,0.3333333333333333,-0.6666666666666667,13,1,52,STREET,68.42105263157895,89.47368421052632,0.0,266.0,514.0,29.99573227355399,73.0,92.0
BRONX,1,55,40.86246255066667,-73.90412225533333,15,4,5,0.6666666666666666,1.6666666666666667,1.0,11,1,52,STREET,73.33333333333333,66.66666666666666,0.0,25.0,23.0,25.77258872223978,130.0,587.0
BRONX,1,56,40.863854988235296,-73.90478213882352,17,6,0,1.0,0.0,-1.0,12,0,52,STREET,64.70588235294117,88.23529411764706,0.0,433.0,557.0,26.890371757896165,113.0,35.0
BRONX,1,58,40.87001317666667,-73.90342318333333,3,0,0,0.0,0.0,0.0,3,0,50,STREET,100.0,66.66666666666666,0.0,434.0,199.0,7.386294361119891,542.0,388.0
BRONX,1,59,40.87153577333333,-73.90476483333333,3,1,1,0.16666666666666666,0.3333333333333333,0.16666666666666666,3,0,50,STREET,100.0,100.0,0.0,267.0,124.0,7.386294361119891,543.0,472.0
BRONX,1,60,40.873301675,-73.90439468999999,4,3,0,0.5,0.0,-0.5,4,0,50,STREET,75.0,75.0,0.0,435.0,447.0,9.6094379124341,482.0,135.0
BRONX,1,62,40.87761425,-73.90575175333333,3,0,0,0.0,0.0,0.0,3,0,50,STREET,0.0,66.66666666666666,0.0,436.0,200.0,7.386294361119891,544.0,389.0
BRONX,1,64,40.88291314,-73.90352451,5,3,1,0.5,0.3333333333333333,-0.16666666666666669,4,0,50,STREET,40.0,80.0,0.0,268.0,303.0,9.791759469228055,457.0,289.0
BRONX,1,65,40.88449415,-73.90560096,3,1,0,0.16666666666666666,0.0,-0.16666666666666666,3,0,50,DWELLING,66.66666666666666,33.33333333333333,0.0,437.0,257.0,7.386294361119891,545.0,318.0
BRONX,2,33,40.81267886619048,-73.90211709285714,21,9,4,1.5,1.3333333333333333,-0.16666666666666674,13,2,41,STREET,52.38095238095239,76.19047619047619,0.0,43.0,330.0,31.091042453358316,57.0,266.0
BRONX,2,34,40.81497457555556,-73.90179385111111,9,3,0,0.5,0.0,-0.5,9,0,41,STREET,77.77777777777779,77.77777777777779,0.0,438.0,448.0,20.302585092994047,219.0,136.0
BRONX,2,35,40.81679481333333,-73.90201255333334,6,2,1,0.3333333333333333,0.3333333333333333,0.0,6,0,41,STREET,50.0,83.33333333333334,0.0,269.0,201.0,13.945910149055313,374.0,390.0
BRONX,2,36,40.819574231111105,-73.9012126088889,9,3,1,0.5,0.3333333333333333,-0.16666666666666669,8,0,41,STREET,33.33333333333333,77.77777777777779,0.0,270.0,304.0,18.302585092994047,250.0,290.0
BRONX,2,37,40.82238133956522,-73.9008764373913,23,13,0,2.1666666666666665,0.0,-2.1666666666666665,12,3,42,STREET,65.21739130434783,91.30434782608695,0.0,439.0,603.0,30.178053830347945,69.0,5.0
BRONX,2,38,40.823718433636365,-73.90217666090909,22,5,2,0.8333333333333334,0.6666666666666666,-0.16666666666666674,12,1,42,HOUSING,50.0,50.0,50.0,133.0,331.0,28.13549421592915,93.0,267.0
BRONX,2,39,40.826820053333336,-73.90165150888889,9,1,0,0.16666666666666666,0.0,-0.16666666666666666,7,0,42,STREET,55.55555555555556,66.66666666666666,22.22222222222222,440.0,258.0,16.302585092994047,293.0,319.0
BRONX,2,40,40.82894228909091,-73.90163896272728,11,3,4,0.5,1.3333333333333333,0.8333333333333333,7,0,42,STREET,63.63636363636363,63.63636363636363,0.0,44.0,33.0,16.484906649788,278.0,575.0
BRONX,2,41,40.831043453333336,-73.9020362152381,21,8,1,1.3333333333333333,0.3333333333333333,-1.0,13,2,42,STREET,52.38095238095239,85.71428571428571,0.0,271.0,558.0,31.091042453358316,58.0,36.0
BRONX,2,42,40.833565098,-73.901001432,5,3,1,0.5,0.3333333333333333,-0.16666666666666669,5,0,42,STREET,60.0,60.0,20.0,272.0,305.0,11.791759469228055,419.0,291.0
BRONX,2,43,40.835041887500005,-73.90196700999999,4,1,0,0.16666666666666666,0.0,-0.16666666666666666,4,0,42,STREET,100.0,100.0,0.0,441.0,259.0,9.6094379124341,483.0,320.0
BRONX,2,44,40.83739769846154,-73.90141144230769,13,5,1,0.8333333333333334,0.3333333333333333,-0.5,11,1,42,HOUSING,30.76923076923077,30.76923076923077,53.84615384615385,273.0,449.0,25.63905732961526,136.0,137.0
BRONX,2,47,40.84421140961538,-73.9007538326923,26,5,15,0.8333333333333334,5.0,4.166666666666667,11,3,48,STREET,61.53846153846154,92.3076923076923,0.0,3.0,2.0,28.29583686600433,90.0,606.0
BRONX,2,48,40.84701794461539,-73.90120867076922,13,4,3,0.6666666666666666,1.0,0.33333333333333337,9,1,48,STREET,38.46153846153847,84.61538461538461,0.0,83.0,82.0,21.63905732961526,183.0,526.0
BRONX,2,49,40.84928776636364,-73.90125727227273,22,5,4,0.8333333333333334,1.3333333333333333,0.4999999999999999,13,3,46,STREET,81.81818181818183,63.63636363636363,0.0,45.0,77.0,32.13549421592915,46.0,531.0
BRONX,2,50,40.851312578000005,-73.90207965866666,15,5,1,0.8333333333333334,0.3333333333333333,-0.5,12,0,46,STREET,66.66666666666666,86.66666666666667,0.0,274.0,450.0,26.77258872223978,118.0,138.0
BRONX,2,51,40.85359477756098,-73.90068206682926,41,9,22,1.5,7.333333333333333,5.833333333333333,17,3,46,STREET,48.78048780487805,85.36585365853658,2.4390243902439024,1.0,1.0,40.73766961828337,9.0,607.0
BRONX,2,52,40.855681950833336,-73.90152659166667,12,6,0,1.0,0.0,-1.0,9,0,46,STREET,58.333333333333336,75.0,0.0,442.0,559.0,20.564949357461536,201.0,37.0
BRONX,2,53,40.85759694714286,-73.90133046742858,35,12,3,2.0,1.0,-1.0,17,6,46,STREET,45.714285714285715,85.71428571428571,0.0,84.0,560.0,43.58351893845611,4.0,38.0
BRONX,2,54,40.860173773599996,-73.9011953628,25,10,3,1.6666666666666667,1.0,-0.6666666666666667,14,2,46,STREET,56.00000000000001,76.0,0.0,85.0,515.0,33.25809653802148,39.0,93.0
BRONX,2,55,40.86271162333333,-73.90210336083334,12,1,2,0.16666666666666666,0.6666666666666666,0.5,9,1,52,STREET,50.0,100.0,0.0,134.0,62.0,21.564949357461536,191.0,538.0
BRONX,2,56,40.865006216666664,-73.90212830666667,6,2,0,0.3333333333333333,0.0,-0.3333333333333333,6,0,52,STREET,66.66666666666666,83.33333333333334,0.0,443.0,370.0,13.945910149055313,375.0,202.0
BRONX,2,57,40.86610426333333,-73.90178985333334,3,1,0,0.16666666666666666,0.0,-0.16666666666666666,3,0,52,STREET,66.66666666666666,100.0,0.0,444.0,260.0,7.386294361119891,546.0,321.0
BRONX,2,58,40.86895457666666,-73.90190536055555,18,3,5,0.5,1.6666666666666667,1.1666666666666667,13,1,50,STREET,72.22222222222221,94.44444444444444,0.0,26.0,13.0,29.944438979166442,76.0,595.0
BRONX,2,59,40.871287008,-73.902036506,5,2,0,0.3333333333333333,0.0,-0.3333333333333333,5,0,50,STREET,60.0,80.0,0.0,445.0,371.0,11.791759469228055,420.0,203.0
BRONX,2,60,40.87371703428571,-73.90105611999999,7,1,1,0.16666666666666666,0.3333333333333333,0.16666666666666666,7,0,50,DWELLING,28.57142857142857,42.857142857142854,0.0,275.0,125.0,16.079441541679834,318.0,473.0
BRONX,2,61,40.8758588025,-73.90206412375,8,4,0,0.6666666666666666,0.0,-0.6666666666666666,6,0,50,STREET,75.0,87.5,0.0,446.0,498.0,14.19722457733622,339.0,105.0
BRONX,2,63,40.880105801250004,-73.90117053125,8,2,1,0.3333333333333333,0.3333333333333333,0.0,7,0,50,HOUSING,62.5,37.5,50.0,276.0,202.0,16.19722457733622,307.0,391.0
BRONX,3,33,40.81376246000001,-73.89947312333334,3,1,0,0.16666666666666666,0.0,-0.16666666666666666,3,0,41,STREET,66.66666666666666,66.66666666666666,0.0,447.0,261.0,7.386294361119891,547.0,322.0
BRONX,3,34,40.81508905909091,-73.89888487727272,11,3,0,0.5,0.0,-0.5,8,1,41,STREET,63.63636363636363,81.81818181818183,0.0,448.0,451.0,19.484906649788,231.0,139.0
BRONX,3,35,40.817083305000004,-73.898438823,10,3,1,0.5,0.3333333333333333,-0.16666666666666669,8,1,41,STREET,80.0,90.0,0.0,277.0,306.0,19.397895272798372,232.0,292.0
BRONX,3,36,40.819740198333335,-73.89865359166667,12,4,1,0.6666666666666666,0.3333333333333333,-0.3333333333333333,9,1,41,STREET,66.66666666666666,83.33333333333334,8.333333333333332,278.0,372.0,21.564949357461536,192.0,204.0
BRONX,3,37,40.8217036975,-73.898254075,12,6,3,1.0,1.0,0.0,10,1,41,STREET,41.66666666666667,75.0,0.0,86.0,203.0,23.564949357461536,164.0,392.0
BRONX,3,38,40.823986937,-73.89934549050001,20,5,0,0.8333333333333334,0.0,-0.8333333333333334,12,0,41,STREET,50.0,90.0,0.0,449.0,532.0,27.044522437723423,107.0,76.0
BRONX,3,39,40.82644238066666,-73.898899448,15,7,1,1.1666666666666667,0.3333333333333333,-0.8333333333333335,9,1,42,HOUSING,53.333333333333336,33.33333333333333,60.0,279.0,545.0,21.77258872223978,180.0,58.0
BRONX,3,40,40.82836472653846,-73.89871740423078,26,12,3,2.0,1.0,-1.0,14,5,42,HOUSING,69.23076923076923,42.30769230769231,50.0,87.0,561.0,36.29583686600433,27.0,39.0
BRONX,3,41,40.831057303076925,-73.89885020076923,13,1,2,0.16666666666666666,0.6666666666666666,0.5,11,0,42,STREET,61.53846153846154,84.61538461538461,0.0,135.0,63.0,24.63905732961526,152.0,539.0
BRONX,3,42,40.832951439333335,-73.89917166466667,15,8,1,1.3333333333333333,0.3333333333333333,-1.0,11,1,42,STREET,40.0,73.33333333333333,0.0,280.0,562.0,25.77258872223978,131.0,40.0
BRONX,3,44,40.83849879,-73.8995008,5,2,0,0.3333333333333333,0.0,-0.3333333333333333,5,0,42,PLAYGROUND,60.0,40.0,0.0,450.0,373.0,11.791759469228055,421.0,205.0
BRONX,3,45,40.83988397875,-73.89887167625001,8,4,2,0.6666666666666666,0.6666666666666666,0.0,5,1,42,STREET,62.5,62.5,0.0,136.0,204.0,13.19722457733622,390.0,393.0
BRONX,3,48,40.846593930000004,-73.898126664,10,4,2,0.6666666666666666,0.6666666666666666,0.0,8,0,48,STREET,50.0,80.0,0.0,137.0,205.0,18.397895272798372,244.0,394.0
BRONX,3,49,40.849079321,-73.89912842300001,10,5,2,0.8333333333333334,0.6666666666666666,-0.16666666666666674,7,1,48,STREET,50.0,100.0,0.0,138.0,332.0,17.397895272798372,272.0,268.0
BRONX,3,50,40.8509739075,-73.89879697,8,4,1,0.6666666666666666,0.3333333333333333,-0.3333333333333333,8,0,46,DWELLING,75.0,50.0,0.0,281.0,374.0,18.19722457733622,259.0,206.0
BRONX,3,51,40.85334344071429,-73.89892995785715,14,2,2,0.3333333333333333,0.6666666666666666,0.3333333333333333,11,1,46,STREET,71.42857142857143,85.71428571428571,0.0,139.0,93.0,25.70805020110221,134.0,505.0
BRONX,3,52,40.85559004777778,-73.89840938555555,9,2,2,0.3333333333333333,0.6666666666666666,0.3333333333333333,8,0,46,STREET,55.55555555555556,77.77777777777779,0.0,140.0,94.0,18.302585092994047,251.0,506.0
BRONX,3,53,40.85796492769231,-73.89905983,13,2,2,0.3333333333333333,0.6666666666666666,0.3333333333333333,11,0,46,STREET,84.61538461538461,84.61538461538461,0.0,141.0,95.0,24.63905732961526,153.0,507.0
BRONX,3,54,40.86018292318182,-73.89887219590908,22,7,1,1.1666666666666667,0.3333333333333333,-0.8333333333333335,14,3,46,STREET,63.63636363636363,90.9090909090909,0.0,282.0,546.0,34.13549421592915,35.0,59.0
BRONX,3,55,40.86216251090909,-73.89848597181819,11,5,2,0.8333333333333334,0.6666666666666666,-0.16666666666666674,8,0,46,STREET,36.36363636363637,81.81818181818183,0.0,142.0,333.0,18.484906649788,237.0,269.0
BRONX,3,57,40.867413555,-73.898172385,6,2,1,0.3333333333333333,0.3333333333333333,0.0,6,0,52,STREET,50.0,100.0,0.0,283.0,206.0,13.945910149055313,376.0,395.0
BRONX,3,59,40.87097666142857,-73.89880449714286,7,3,0,0.5,0.0,-0.5,7,0,50,STREET,42.857142857142854,100.0,0.0,451.0,452.0,16.079441541679834,319.0,140.0
BRONX,4,34,40.816105030769236,-73.89612557000001,13,3,6,0.5,2.0,1.5,10,1,41,STREET,38.46153846153847,84.61538461538461,0.0,15.0,8.0,23.63905732961526,163.0,600.0
BRONX,4,35,40.817652996,-73.896764134,5,2,0,0.3333333333333333,0.0,-0.3333333333333333,4,0,41,STREET,80.0,100.0,0.0,452.0,375.0,9.791759469228055,458.0,207.0
BRONX,4,36,40.820027455625,-73.89592657687501,16,7,2,1.1666666666666667,0.6666666666666666,-0.5000000000000001,13,0,41,STREET,62.5,81.25,0.0,143.0,491.0,28.833213344056215,88.0,120.0
BRONX,4,37,40.82168770208333,-73.89596447625,24,9,2,1.5,0.6666666666666666,-0.8333333333333334,13,3,41,STREET,62.5,79.16666666666666,0.0,144.0,533.0,32.2188758248682,44.0,77.0
BRONX,4,38,40.82424210375,-73.89493629625001,8,5,0,0.8333333333333334,0.0,-0.8333333333333334,7,0,41,STREET,75.0,100.0,0.0,453.0,534.0,16.19722457733622,308.0,78.0
BRONX,4,39,40.82641595571429,-73.89529716142857,7,2,1,0.3333333333333333,0.3333333333333333,0.0,7,0,41,STREET,100.0,71.42857142857143,0.0,284.0,207.0,16.079441541679834,320.0,396.0
BRONX,4,40,40.82907034555555,-73.8956679288889,9,2,2,0.3333333333333333,0.6666666666666666,0.3333333333333333,7,1,42,STREET,55.55555555555556,100.0,0.0,145.0,96.0,17.302585092994047,275.0,508.0
BRONX,4,41,40.83089822588235,-73.89643289764706,17,8,0,1.3333333333333333,0.0,-1.3333333333333333,11,1,42,STREET,70.58823529411765,94.11764705882352,0.0,454.0,589.0,25.890371757896165,124.0,19.0
BRONX,4,42,40.833574060000004,-73.89530081000001,10,4,2,0.6666666666666666,0.6666666666666666,0.0,9,0,42,STREET,80.0,70.0,0.0,146.0,208.0,20.397895272798372,213.0,397.0
BRONX,4,43,40.83498329,-73.89518919714286,7,2,1,0.3333333333333333,0.3333333333333333,0.0,5,0,42,STREET,71.42857142857143,85.71428571428571,0.0,285.0,209.0,12.079441541679836,397.0,398.0
BRONX,4,45,40.839374,-73.89600112,8,0,3,0.0,1.0,1.0,6,0,42,PLAYGROUND,62.5,50.0,0.0,88.0,24.0,14.19722457733622,340.0,588.0
BRONX,4,46,40.842623753999995,-73.895415964,10,1,0,0.16666666666666666,0.0,-0.16666666666666666,7,0,48,HOUSING,70.0,20.0,70.0,455.0,262.0,16.397895272798372,284.0,323.0
BRONX,4,48,40.846799504,-73.895361324,5,2,2,0.3333333333333333,0.6666666666666666,0.3333333333333333,4,0,48,STREET,20.0,40.0,0.0,147.0,97.0,9.791759469228055,459.0,509.0
BRONX,4,49,40.84879978833333,-73.89499178166666,6,3,2,0.5,0.6666666666666666,0.16666666666666663,4,0,48,DWELLING,33.33333333333333,33.33333333333333,0.0,148.0,158.0,9.945910149055313,448.0,451.0
BRONX,4,50,40.85140580833333,-73.894904835,12,7,1,1.1666666666666667,0.3333333333333333,-0.8333333333333335,8,1,48,STREET,58.333333333333336,58.333333333333336,0.0,286.0,547.0,19.564949357461536,224.0,60.0
BRONX,4,51,40.85404550909091,-73.89577935818181,11,5,2,0.8333333333333334,0.6666666666666666,-0.16666666666666674,9,0,48,STREET,63.63636363636363,72.72727272727273,0.0,149.0,334.0,20.484906649788,207.0,270.0
BRONX,4,52,40.855751304117646,-73.8961317982353,17,4,3,0.6666666666666666,1.0,0.33333333333333337,13,1,46,STREET,58.82352941176471,58.82352941176471,35.294117647058826,89.0,83.0,29.890371757896165,78.0,527.0
BRONX,4,53,40.85771287894737,-73.89573594368422,19,11,1,1.8333333333333333,0.3333333333333333,-1.5,12,1,46,STREET,57.89473684210527,78.94736842105263,0.0,287.0,594.0,27.99573227355399,96.0,12.0
BRONX,4,54,40.85955049499999,-73.89574491285714,14,5,2,0.8333333333333334,0.6666666666666666,-0.16666666666666674,8,1,46,STREET,57.14285714285714,64.28571428571429,0.0,150.0,335.0,19.70805020110221,223.0,271.0
BRONX,4,55,40.86242417818182,-73.89587863727273,11,5,1,0.8333333333333334,0.3333333333333333,-0.5,8,0,46,STREET,63.63636363636363,81.81818181818183,0.0,288.0,453.0,18.484906649788,238.0,141.0
BRONX,4,56,40.864664462727276,-73.89627676727272,11,8,1,1.3333333333333333,0.3333333333333333,-1.0,7,1,52,STREET,27.27272727272727,63.63636363636363,0.0,289.0,563.0,17.484906649788,269.0,41.0
BRONX,4,57,40.867303145624994,-73.895877215625,16,4,3,0.6666666666666666,1.0,0.33333333333333337,11,0,52,STREET,62.5,100.0,0.0,90.0,84.0,24.833213344056215,140.0,528.0
BRONX,4,58,40.868789406,-73.895242118,5,2,1,0.3333333333333333,0.3333333333333333,0.0,4,0,52,STREET,60.0,100.0,0.0,290.0,210.0,9.791759469228055,460.0,399.0
BRONX,5,32,40.810994451999996,-73.892726326,5,4,0,0.6666666666666666,0.0,-0.6666666666666666,5,0,41,STREET,100.0,80.0,0.0,456.0,499.0,11.791759469228055,422.0,106.0
BRONX,5,34,40.81621472,-73.89369263,3,3,0,0.5,0.0,-0.5,1,1,41,STREET,66.66666666666666,100.0,0.0,457.0,454.0,4.386294361119891,606.0,142.0
BRONX,5,35,40.81775476,-73.89278263,5,2,1,0.3333333333333333,0.3333333333333333,0.0,5,0,41,STREET,80.0,100.0,0.0,291.0,211.0,11.791759469228055,423.0,400.0
BRONX,5,36,40.820249671333336,-73.89313243933334,15,7,0,1.1666666666666667,0.0,-1.1666666666666667,12,0,41,STREET,60.0,60.0,0.0,458.0,582.0,26.77258872223978,119.0,23.0
BRONX,5,37,40.82143556411765,-73.89288857117647,17,5,3,0.8333333333333334,1.0,0.16666666666666663,14,0,41,STREET,76.47058823529412,76.47058823529412,0.0,91.0,159.0,30.890371757896165,64.0,452.0
BRONX,5,38,40.824188312222226,-73.89257667000001,9,2,2,0.3333333333333333,0.6666666666666666,0.3333333333333333,6,0,41,STREET,55.55555555555556,55.55555555555556,0.0,151.0,98.0,14.302585092994047,334.0,510.0
BRONX,5,39,40.826532175,-73.8915415825,4,3,0,0.5,0.0,-0.5,3,0,42,STREET,50.0,75.0,0.0,459.0,455.0,7.6094379124341005,523.0,143.0
BRONX,5,40,40.828626492000005,-73.893266646,5,1,1,0.16666666666666666,0.3333333333333333,0.16666666666666666,5,0,42,STREET,80.0,100.0,0.0,292.0,126.0,11.791759469228055,424.0,474.0
BRONX,5,41,40.830891795,-73.89262666750001,8,1,0,0.16666666666666666,0.0,-0.16666666666666666,6,1,42,STREET,62.5,50.0,0.0,460.0,263.0,15.19722457733622,329.0,324.0
BRONX,5,43,40.835388025,-73.8930422325,4,0,2,0.0,0.6666666666666666,0.6666666666666666,4,0,42,STREET,50.0,75.0,0.0,152.0,44.0,9.6094379124341,484.0,557.0
BRONX,5,46,40.8422993975,-73.89299919833333,12,5,2,0.8333333333333334,0.6666666666666666,-0.16666666666666674,11,0,48,STREET,50.0,58.333333333333336,33.33333333333333,153.0,336.0,24.564949357461536,154.0,272.0
BRONX,5,47,40.844770510000004,-73.89217701000001,7,3,1,0.5,0.3333333333333333,-0.16666666666666669,5,0,48,STREET,57.14285714285714,85.71428571428571,0.0,293.0,307.0,12.079441541679836,398.0,293.0
BRONX,5,48,40.84661851741936,-73.89261067354839,31,9,2,1.5,0.6666666666666666,-0.8333333333333334,13,6,48,STREET,45.16129032258064,93.54838709677419,0.0,154.0,535.0,35.46573590279973,29.0,79.0
BRONX,5,49,40.84824352909091,-73.89259849727273,11,3,0,0.5,0.0,-0.5,7,1,48,STREET,63.63636363636363,81.81818181818183,0.0,461.0,456.0,17.484906649788,270.0,144.0
BRONX,5,50,40.850775783125,-73.89272921999999,16,6,2,1.0,0.6666666666666666,-0.33333333333333337,12,0,48,STREET,62.5,50.0,31.25,155.0,427.0,26.833213344056215,115.0,180.0
BRONX,5,51,40.853587606666665,-73.89241351000001,12,4,2,0.6666666666666666,0.6666666666666666,0.0,9,1,48,STREET,58.333333333333336,91.66666666666666,0.0,156.0,212.0,21.564949357461536,193.0,401.0
BRONX,5,52,40.85547607034483,-73.89249928965516,29,11,2,1.8333333333333333,0.6666666666666666,-1.1666666666666665,15,4,48,STREET,62.06896551724138,89.65517241379311,0.0,157.0,579.0,37.40119738166216,19.0,30.0
BRONX,5,53,40.857799672105266,-73.89286587,19,3,3,0.5,1.0,0.5,11,3,48,STREET,78.94736842105263,73.68421052631578,0.0,92.0,64.0,27.99573227355399,97.0,540.0
BRONX,5,54,40.859996996842106,-73.89346092,19,5,3,0.8333333333333334,1.0,0.16666666666666663,13,1,46,STREET,73.68421052631578,78.94736842105263,0.0,93.0,160.0,29.99573227355399,74.0,453.0
BRONX,5,55,40.86199717428572,-73.8927192557143,7,1,3,0.16666666666666666,1.0,0.8333333333333334,5,0,52,STREET,42.857142857142854,57.14285714285714,0.0,94.0,29.0,12.079441541679836,399.0,579.0
BRONX,5,56,40.864651900400006,-73.892689808,25,2,2,0.3333333333333333,0.6666666666666666,0.3333333333333333,14,4,52,STREET,56.00000000000001,88.0,0.0,158.0,99.0,35.25809653802148,31.0,511.0
BRONX,5,57,40.86679033666667,-73.89276977777779,9,1,2,0.16666666666666666,0.6666666666666666,0.5,8,0,52,STREET,77.77777777777779,88.88888888888889,0.0,159.0,65.0,18.302585092994047,252.0,541.0
BRONX,5,58,40.86908807428572,-73.89226774357142,14,7,0,1.1666666666666667,0.0,-1.1666666666666667,11,0,52,STREET,64.28571428571429,85.71428571428571,0.0,462.0,583.0,24.70805020110221,150.0,24.0
BRONX,5,59,40.87070895222222,-73.89189286999999,9,6,0,1.0,0.0,-1.0,7,0,52,STREET,66.66666666666666,100.0,0.0,463.0,564.0,16.302585092994047,294.0,42.0
BRONX,6,35,40.817651171538465,-73.88867378307692,13,3,4,0.5,1.3333333333333333,0.8333333333333333,12,0,41,HOUSING,30.76923076923077,46.15384615384615,46.15384615384615,46.0,34.0,26.63905732961526,121.0,576.0
BRONX,6,36,40.8191575425,-73.88958516583332,12,5,2,0.8333333333333334,0.6666666666666666,-0.16666666666666674,8,1,41,STREET,58.333333333333336,91.66666666666666,0.0,160.0,337.0,19.564949357461536,225.0,273.0
BRONX,6,37,40.82188763,-73.88978606454546,11,3,0,0.5,0.0,-0.5,6,2,41,STREET,36.36363636363637,63.63636363636363,0.0,464.0,457.0,16.484906649788,279.0,145.0
BRONX,6,38,40.824317208125,-73.88957984125,16,6,1,1.0,0.3333333333333333,-0.6666666666666667,11,0,41,STREET,62.5,62.5,18.75,294.0,516.0,24.833213344056215,141.0,94.0
BRONX,6,39,40.82615542904762,-73.88992408380953,21,9,3,1.5,1.0,-0.5,12,3,41,STREET,47.61904761904761,80.95238095238095,9.523809523809524,95.0,458.0,30.091042453358316,70.0,146.0
BRONX,6,40,40.82795441,-73.89089311285714,7,2,1,0.3333333333333333,0.3333333333333333,0.0,6,0,42,STREET,57.14285714285714,57.14285714285714,0.0,295.0,213.0,14.079441541679836,353.0,402.0
BRONX,6,41,40.830935348333334,-73.89005013333333,6,2,1,0.3333333333333333,0.3333333333333333,0.0,6,0,42,STREET,50.0,83.33333333333334,0.0,296.0,214.0,13.945910149055313,377.0,403.0
BRONX,6,42,40.83280793666667,-73.8892072157143,21,7,4,1.1666666666666667,1.3333333333333333,0.16666666666666652,17,0,42,HOUSING,47.61904761904761,38.095238095238095,47.61904761904761,47.0,169.0,37.09104245335831,22.0,439.0
BRONX,6,43,40.83535061538462,-73.88892131846154,13,5,2,0.8333333333333334,0.6666666666666666,-0.16666666666666674,9,1,42,STREET,30.76923076923077,69.23076923076923,30.76923076923077,161.0,338.0,21.63905732961526,184.0,274.0
BRONX,6,44,40.83711719764705,-73.8895710717647,17,4,4,0.6666666666666666,1.3333333333333333,0.6666666666666666,13,0,42,STREET,52.94117647058824,76.47058823529412,0.0,48.0,45.0,28.890371757896165,86.0,558.0
BRONX,6,45,40.839949682857146,-73.88975618857143,7,2,1,0.3333333333333333,0.3333333333333333,0.0,7,0,48,STREET,71.42857142857143,71.42857142857143,0.0,297.0,215.0,16.079441541679834,321.0,404.0
BRONX,6,46,40.84222639642857,-73.88973201071428,14,5,0,0.8333333333333334,0.0,-0.8333333333333334,9,1,48,STREET,78.57142857142857,85.71428571428571,0.0,465.0,536.0,21.70805020110221,181.0,80.0
BRONX,6,47,40.844962998947366,-73.88967855210527,19,11,1,1.8333333333333333,0.3333333333333333,-1.5,11,1,48,STREET,57.89473684210527,78.94736842105263,0.0,298.0,595.0,25.99573227355399,122.0,13.0
BRONX,6,48,40.8462347475,-73.8890089075,12,8,1,1.3333333333333333,0.3333333333333333,-1.0,8,1,48,STREET,83.33333333333334,83.33333333333334,0.0,299.0,565.0,19.564949357461536,226.0,43.0
BRONX,6,49,40.848939108,-73.889583743,10,6,0,1.0,0.0,-1.0,9,0,48,STREET,40.0,90.0,0.0,466.0,566.0,20.397895272798372,214.0,44.0
BRONX,6,50,40.85116108666667,-73.88953656166667,6,2,0,0.3333333333333333,0.0,-0.3333333333333333,6,0,48,STREET,83.33333333333334,100.0,0.0,467.0,376.0,13.945910149055313,378.0,208.0
BRONX,6,51,40.853046688999996,-73.889139542,10,3,3,0.5,1.0,0.5,10,0,48,STREET,40.0,100.0,0.0,96.0,66.0,22.397895272798372,177.0,542.0
BRONX,6,52,40.855816126,-73.889747362,25,10,2,1.6666666666666667,0.6666666666666666,-1.0,13,2,48,STREET,44.0,88.0,0.0,162.0,567.0,31.258096538021483,54.0,45.0
BRONX,6,53,40.857439478,-73.889888108,5,3,0,0.5,0.0,-0.5,4,0,48,STREET,40.0,100.0,0.0,468.0,459.0,9.791759469228055,461.0,147.0
BRONX,6,55,40.86280793625,-73.89042088125001,8,3,2,0.5,0.6666666666666666,0.16666666666666663,6,0,52,STREET,50.0,87.5,0.0,163.0,161.0,14.19722457733622,341.0,454.0
BRONX,6,56,40.86457962157895,-73.89005854157894,19,7,1,1.1666666666666667,0.3333333333333333,-0.8333333333333335,11,2,52,STREET,63.1578947368421,78.94736842105263,0.0,300.0,548.0,26.99573227355399,109.0,61.0
BRONX,6,57,40.86742202666667,-73.88996149,3,1,0,0.16666666666666666,0.0,-0.16666666666666666,3,0,52,STREET,66.66666666666666,100.0,0.0,469.0,264.0,7.386294361119891,548.0,325.0
BRONX,6,58,40.86930472666667,-73.88960211666667,15,6,0,1.0,0.0,-1.0,6,3,52,STREET,73.33333333333333,66.66666666666666,0.0,470.0,568.0,17.77258872223978,264.0,46.0
BRONX,6,59,40.871217703,-73.889998714,10,3,0,0.5,0.0,-0.5,6,0,52,STREET,80.0,90.0,0.0,471.0,460.0,14.39789527279837,333.0,148.0
BRONX,7,33,40.81281098428571,-73.8876145057143,7,4,0,0.6666666666666666,0.0,-0.6666666666666666,7,0,41,STREET,57.14285714285714,85.71428571428571,0.0,472.0,500.0,16.079441541679834,322.0,107.0
BRONX,7,34,40.814969167777775,-73.88690658166666,18,3,2,0.5,0.6666666666666666,0.16666666666666663,11,2,41,STREET,44.44444444444444,77.77777777777779,0.0,164.0,162.0,26.944438979166442,110.0,455.0
BRONX,7,35,40.81720277615385,-73.88720967615384,13,3,0,0.5,0.0,-0.5,7,1,41,STREET,53.84615384615385,84.61538461538461,0.0,473.0,461.0,17.63905732961526,266.0,149.0
BRONX,7,36,40.819781289999995,-73.88723450916666,12,3,2,0.5,0.6666666666666666,0.16666666666666663,9,0,41,STREET,58.333333333333336,100.0,0.0,165.0,163.0,20.564949357461536,202.0,456.0
BRONX,7,39,40.82651424,-73.887574738,5,3,1,0.5,0.3333333333333333,-0.16666666666666669,4,0,41,STREET,60.0,60.0,40.0,301.0,308.0,9.791759469228055,462.0,294.0
BRONX,7,40,40.82873746875,-73.887161675,8,1,1,0.16666666666666666,0.3333333333333333,0.16666666666666666,7,0,42,STREET,37.5,100.0,0.0,302.0,127.0,16.19722457733622,309.0,475.0
BRONX,7,42,40.83272649777778,-73.88712795222222,9,3,1,0.5,0.3333333333333333,-0.16666666666666669,8,0,42,STREET,55.55555555555556,66.66666666666666,0.0,303.0,309.0,18.302585092994047,253.0,295.0
BRONX,7,43,40.83575374678571,-73.88676121928572,28,11,0,1.8333333333333333,0.0,-1.8333333333333333,14,4,42,STREET,60.71428571428571,82.14285714285714,7.142857142857142,474.0,600.0,35.367295829986475,30.0,9.0
BRONX,7,44,40.83721484125,-73.88713645,16,6,1,1.0,0.3333333333333333,-0.6666666666666667,12,1,42,STREET,75.0,81.25,0.0,304.0,517.0,27.833213344056215,102.0,95.0
BRONX,7,45,40.840141044444444,-73.88636123333333,9,2,0,0.3333333333333333,0.0,-0.3333333333333333,7,1,48,STREET,88.88888888888889,88.88888888888889,0.0,475.0,377.0,17.302585092994047,276.0,209.0
BRONX,7,46,40.84234541866667,-73.88630374333333,15,1,4,0.16666666666666666,1.3333333333333333,1.1666666666666665,9,2,48,STREET,66.66666666666666,80.0,0.0,49.0,16.0,22.77258872223978,166.0,591.0
BRONX,7,47,40.84466048454546,-73.88716082636364,11,5,3,0.8333333333333334,1.0,0.16666666666666663,7,0,48,STREET,54.54545454545454,54.54545454545454,0.0,97.0,164.0,16.484906649788,280.0,457.0
BRONX,7,48,40.84647983642857,-73.88721813,14,4,0,0.6666666666666666,0.0,-0.6666666666666666,9,1,48,STREET,50.0,85.71428571428571,0.0,476.0,501.0,21.70805020110221,182.0,108.0
BRONX,7,49,40.848701819999995,-73.88616331285715,7,2,0,0.3333333333333333,0.0,-0.3333333333333333,6,0,48,STREET,57.14285714285714,85.71428571428571,0.0,477.0,378.0,14.079441541679836,354.0,210.0
BRONX,7,50,40.85100777,-73.88616917,3,1,0,0.16666666666666666,0.0,-0.16666666666666666,3,0,48,STREET,33.33333333333333,66.66666666666666,0.0,478.0,265.0,7.386294361119891,549.0,326.0
BRONX,7,51,40.85350064285714,-73.88686049571429,7,5,0,0.8333333333333334,0.0,-0.8333333333333334,5,0,48,STREET,71.42857142857143,71.42857142857143,0.0,479.0,537.0,12.079441541679836,400.0,81.0
BRONX,7,52,40.85520286375,-73.88632511,8,2,2,0.3333333333333333,0.6666666666666666,0.3333333333333333,7,0,48,STREET,62.5,75.0,0.0,166.0,100.0,16.19722457733622,310.0,512.0
BRONX,7,56,40.86567158666667,-73.88688162000001,3,2,0,0.3333333333333333,0.0,-0.3333333333333333,3,0,52,STREET,66.66666666666666,100.0,0.0,480.0,379.0,7.386294361119891,550.0,211.0
BRONX,7,57,40.867017354,-73.88645704199999,5,1,0,0.16666666666666666,0.0,-0.16666666666666666,3,0,52,STREET,80.0,80.0,0.0,481.0,266.0,7.7917594692280545,519.0,327.0
BRONX,7,58,40.869397668000005,-73.887130548,5,3,1,0.5,0.3333333333333333,-0.16666666666666669,4,0,52,STREET,40.0,80.0,0.0,305.0,310.0,9.791759469228055,463.0,296.0
BRONX,7,59,40.87106356666667,-73.88736661000002,3,1,0,0.16666666666666666,0.0,-0.16666666666666666,3,0,52,STREET,66.66666666666666,100.0,0.0,482.0,267.0,7.386294361119891,551.0,328.0
BRONX,7,60,40.873789592,-73.886425227,10,7,1,1.1666666666666667,0.3333333333333333,-0.8333333333333335,6,1,52,STREET,80.0,80.0,0.0,306.0,549.0,15.39789527279837,324.0,62.0
BRONX,7,63,40.88009488666667,-73.88587105666666,3,2,0,0.3333333333333333,0.0,-0.3333333333333333,3,0,52,STREET,66.66666666666666,66.66666666666666,0.0,483.0,380.0,7.386294361119891,552.0,212.0
BRONX,8,33,40.813255059999996,-73.88481327000001,5,0,3,0.0,1.0,1.0,4,0,41,STREET,80.0,100.0,0.0,98.0,25.0,9.791759469228055,464.0,589.0
BRONX,8,42,40.83329405999999,-73.88406740666666,3,0,0,0.0,0.0,0.0,3,0,43,COMMERCIAL,66.66666666666666,33.33333333333333,0.0,484.0,216.0,7.386294361119891,553.0,405.0
BRONX,8,43,40.836019296,-73.88435248600001,5,1,3,0.16666666666666666,1.0,0.8333333333333334,4,0,42,STREET,80.0,80.0,0.0,99.0,30.0,9.791759469228055,465.0,580.0
BRONX,8,44,40.8379695,-73.8852627,4,1,2,0.16666666666666666,0.6666666666666666,0.5,3,0,42,STREET,75.0,100.0,0.0,167.0,67.0,7.6094379124341005,524.0,543.0
BRONX,8,46,40.8425005,-73.884194488,5,0,2,0.0,0.6666666666666666,0.6666666666666666,3,1,48,STREET,40.0,100.0,0.0,168.0,46.0,8.791759469228055,514.0,559.0
BRONX,8,47,40.84424165625,-73.88404064500001,8,1,1,0.16666666666666666,0.3333333333333333,0.16666666666666666,8,0,48,STREET,50.0,87.5,0.0,307.0,128.0,18.19722457733622,260.0,476.0
BRONX,8,48,40.84628294848485,-73.88431595272726,33,11,5,1.8333333333333333,1.6666666666666667,-0.16666666666666652,16,4,48,STREET,60.60606060606061,78.78787878787878,0.0,27.0,250.0,39.52636052461616,12.0,358.0
BRONX,8,49,40.84881107384615,-73.88438235615385,13,5,1,0.8333333333333334,0.3333333333333333,-0.5,9,0,48,STREET,30.76923076923077,69.23076923076923,0.0,308.0,462.0,20.63905732961526,198.0,150.0
BRONX,8,50,40.85134890681818,-73.88433283227273,22,8,0,1.3333333333333333,0.0,-1.3333333333333333,11,2,48,STREET,36.36363636363637,95.45454545454545,0.0,485.0,590.0,27.13549421592915,105.0,20.0
BRONX,8,51,40.853529081851846,-73.8838674637037,27,9,4,1.5,1.3333333333333333,-0.16666666666666674,14,5,48,STREET,44.44444444444444,85.18518518518519,0.0,50.0,339.0,36.3322045101752,25.0,275.0
BRONX,8,52,40.85481888,-73.88418472583334,12,2,1,0.3333333333333333,0.3333333333333333,0.0,10,0,48,STREET,83.33333333333334,75.0,0.0,309.0,217.0,22.564949357461536,175.0,406.0
BRONX,8,60,40.873547985,-73.8841481825,4,1,1,0.16666666666666666,0.3333333333333333,0.16666666666666666,4,0,52,STREET,50.0,75.0,0.0,310.0,129.0,9.6094379124341,485.0,477.0
BRONX,8,63,40.880742164,-73.88393259400002,5,3,0,0.5,0.0,-0.5,5,0,52,STREET,80.0,80.0,0.0,486.0,463.0,11.791759469228055,425.0,151.0
BRONX,8,64,40.882244400833336,-73.88332237416667,12,5,0,0.8333333333333334,0.0,-0.8333333333333334,9,0,52,STREET,91.66666666666666,75.0,0.0,487.0,538.0,20.564949357461536,203.0,82.0
BRONX,9,32,40.81015457,-73.88079993333332,3,1,0,0.16666666666666666,0.0,-0.16666666666666666,3,0,41,STREET,33.33333333333333,100.0,0.0,488.0,268.0,7.386294361119891,554.0,329.0
BRONX,9,39,40.82680726142858,-73.87998790142856,7,5,0,0.8333333333333334,0.0,-0.8333333333333334,6,0,43,DWELLING,85.71428571428571,42.857142857142854,14.285714285714285,489.0,539.0,14.079441541679836,355.0,83.0
BRONX,9,40,40.82847901833333,-73.8805813175,12,10,1,1.6666666666666667,0.3333333333333333,-1.3333333333333335,7,1,43,STREET,66.66666666666666,100.0,0.0,311.0,593.0,17.564949357461536,268.0,17.0
BRONX,9,41,40.830343661250005,-73.88054169,8,1,2,0.16666666666666666,0.6666666666666666,0.5,7,0,43,STREET,50.0,100.0,0.0,169.0,68.0,16.19722457733622,311.0,544.0
BRONX,9,45,40.83999998454545,-73.88097392181818,11,1,4,0.16666666666666666,1.3333333333333333,1.1666666666666665,8,0,48,STREET,45.45454545454545,63.63636363636363,0.0,51.0,17.0,18.484906649788,239.0,592.0
BRONX,9,46,40.84196557181818,-73.88049136954545,22,5,2,0.8333333333333334,0.6666666666666666,-0.16666666666666674,15,2,48,STREET,50.0,72.72727272727273,18.181818181818183,170.0,340.0,35.13549421592915,33.0,276.0
BRONX,9,47,40.84434926823529,-73.8806572014706,34,12,5,2.0,1.6666666666666667,-0.33333333333333326,17,7,48,STREET,67.64705882352942,85.29411764705883,0.0,28.0,351.0,44.55534806148941,2.0,261.0
BRONX,9,51,40.85425957666667,-73.88231020833334,6,1,0,0.16666666666666666,0.0,-0.16666666666666666,6,0,48,STREET,83.33333333333334,66.66666666666666,0.0,490.0,269.0,13.945910149055313,379.0,330.0
BRONX,9,58,40.869453934,-73.880184792,20,4,6,0.6666666666666666,2.0,1.3333333333333335,11,2,52,STREET,55.00000000000001,80.0,0.0,16.0,9.0,27.044522437723423,108.0,599.0
BRONX,9,63,40.880014107499996,-73.881074885,4,0,1,0.0,0.3333333333333333,0.3333333333333333,4,0,52,DWELLING,75.0,50.0,0.0,312.0,101.0,9.6094379124341,486.0,513.0
BRONX,9,64,40.88269918416667,-73.88070995166667,12,7,0,1.1666666666666667,0.0,-1.1666666666666667,9,0,52,STREET,66.66666666666666,100.0,0.0,491.0,584.0,20.564949357461536,204.0,25.0
BRONX,10,37,40.821751713333335,-73.87709986666668,3,1,0,0.16666666666666666,0.0,-0.16666666666666666,3,0,43,STREET,66.66666666666666,100.0,0.0,492.0,270.0,7.386294361119891,555.0,331.0
BRONX,10,38,40.82497551294118,-73.8775462064706,17,3,2,0.5,0.6666666666666666,0.16666666666666663,11,1,43,STREET,52.94117647058824,64.70588235294117,11.76470588235294,171.0,165.0,25.890371757896165,125.0,458.0
BRONX,10,39,40.82677776769231,-73.87831300538461,26,16,3,2.6666666666666665,1.0,-1.6666666666666665,13,3,43,STREET,57.692307692307686,96.15384615384616,0.0,100.0,597.0,32.29583686600433,41.0,11.0
BRONX,10,40,40.82852340888889,-73.87841549222223,9,6,0,1.0,0.0,-1.0,7,0,43,STREET,77.77777777777779,88.88888888888889,0.0,493.0,569.0,16.302585092994047,295.0,47.0
BRONX,10,41,40.83080912833333,-73.877387275,6,2,2,0.3333333333333333,0.6666666666666666,0.3333333333333333,5,0,43,STREET,50.0,83.33333333333334,0.0,172.0,102.0,11.945910149055313,408.0,514.0
BRONX,10,42,40.833773858125,-73.877907228125,16,3,1,0.5,0.3333333333333333,-0.16666666666666669,10,2,43,STREET,68.75,56.25,43.75,313.0,311.0,24.833213344056215,142.0,297.0
BRONX,10,43,40.835434824,-73.87810090400001,10,4,2,0.6666666666666666,0.6666666666666666,0.0,8,1,43,HOUSING,90.0,10.0,90.0,173.0,218.0,19.397895272798372,233.0,407.0
BRONX,10,45,40.8398295075,-73.8770542725,8,3,1,0.5,0.3333333333333333,-0.16666666666666669,8,0,48,STREET,50.0,87.5,0.0,314.0,312.0,18.19722457733622,261.0,298.0
BRONX,10,46,40.84233020777778,-73.87867216555556,9,3,0,0.5,0.0,-0.5,8,0,48,STREET,44.44444444444444,100.0,0.0,494.0,464.0,18.302585092994047,254.0,152.0
BRONX,10,47,40.844362587142854,-73.87862256142857,7,3,0,0.5,0.0,-0.5,5,0,48,STREET,42.857142857142854,57.14285714285714,0.0,495.0,465.0,12.079441541679836,401.0,153.0
BRONX,10,59,40.871339062000004,-73.87759541666667,15,7,1,1.1666666666666667,0.3333333333333333,-0.8333333333333335,11,1,52,STREET,46.666666666666664,93.33333333333333,0.0,315.0,550.0,25.77258872223978,132.0,63.0
BRONX,10,60,40.8735215,-73.8780853325,8,4,0,0.6666666666666666,0.0,-0.6666666666666666,8,0,52,STREET,75.0,62.5,0.0,496.0,502.0,18.19722457733622,262.0,109.0
BRONX,10,61,40.875544355,-73.8777742575,4,1,2,0.16666666666666666,0.6666666666666666,0.5,3,0,52,STREET,75.0,100.0,0.0,174.0,69.0,7.6094379124341005,525.0,545.0
BRONX,10,63,40.880173363333334,-73.87763677333334,3,2,1,0.3333333333333333,0.3333333333333333,0.0,3,0,52,DWELLING,0.0,0.0,0.0,316.0,219.0,7.386294361119891,556.0,408.0
BRONX,10,64,40.88292817333333,-73.87855387666666,3,1,1,0.16666666666666666,0.3333333333333333,0.16666666666666666,3,0,52,STREET,33.33333333333333,100.0,0.0,317.0,130.0,7.386294361119891,557.0,478.0
BRONX,10,65,40.884611517500005,-73.8787096225,12,7,1,1.1666666666666667,0.3333333333333333,-0.8333333333333335,7,2,52,STREET,75.0,83.33333333333334,0.0,318.0,551.0,18.564949357461536,235.0,64.0
BRONX,10,66,40.88629686,-73.87858268,3,2,0,0.3333333333333333,0.0,-0.3333333333333333,2,0,52,STREET,66.66666666666666,100.0,0.0,497.0,381.0,5.386294361119891,597.0,213.0
BRONX,11,36,40.82073174,-73.87638638,5,4,0,0.6666666666666666,0.0,-0.6666666666666666,3,1,43,STREET,20.0,80.0,0.0,498.0,503.0,8.791759469228055,515.0,110.0
BRONX,11,39,40.826254034,-73.875288512,5,4,0,0.6666666666666666,0.0,-0.6666666666666666,4,0,43,STREET,60.0,80.0,0.0,499.0,504.0,9.791759469228055,466.0,111.0
BRONX,11,40,40.828476691333336,-73.87510536466667,15,10,4,1.6666666666666667,1.3333333333333333,-0.3333333333333335,8,2,43,STREET,73.33333333333333,93.33333333333333,0.0,52.0,431.0,20.77258872223978,194.0,177.0
BRONX,11,41,40.830755105,-73.8751693235,20,2,3,0.3333333333333333,1.0,0.6666666666666667,12,2,43,STREET,40.0,80.0,0.0,101.0,39.0,29.044522437723423,85.0,570.0
BRONX,11,42,40.83348003333333,-73.87581220666667,9,1,0,0.16666666666666666,0.0,-0.16666666666666666,8,0,43,HOUSING,44.44444444444444,33.33333333333333,55.55555555555556,500.0,271.0,18.302585092994047,255.0,332.0
BRONX,11,43,40.83526468833333,-73.87480242833333,6,1,1,0.16666666666666666,0.3333333333333333,0.16666666666666666,6,0,43,HOUSING,33.33333333333333,0.0,83.33333333333334,319.0,131.0,13.945910149055313,380.0,479.0
BRONX,11,44,40.83667484,-73.87548822000001,3,1,0,0.16666666666666666,0.0,-0.16666666666666666,2,0,48,STREET,66.66666666666666,100.0,0.0,501.0,272.0,5.386294361119891,598.0,333.0
BRONX,11,45,40.83968477333334,-73.87540066,3,0,1,0.0,0.3333333333333333,0.3333333333333333,3,0,48,STREET,100.0,66.66666666666666,0.0,320.0,103.0,7.386294361119891,558.0,515.0
BRONX,11,60,40.874138603333336,-73.87498656999999,3,2,0,0.3333333333333333,0.0,-0.3333333333333333,3,0,52,STREET,33.33333333333333,66.66666666666666,0.0,502.0,382.0,7.386294361119891,559.0,214.0
BRONX,11,61,40.87639005428571,-73.87452241285715,7,3,0,0.5,0.0,-0.5,5,1,52,STREET,85.71428571428571,85.71428571428571,0.0,503.0,466.0,13.079441541679836,391.0,154.0
BRONX,11,62,40.878058857,-73.87415027,10,2,3,0.3333333333333333,1.0,0.6666666666666667,8,1,52,STREET,50.0,70.0,0.0,102.0,40.0,19.397895272798372,234.0,571.0
BRONX,11,63,40.87965262714286,-73.87552828,7,2,1,0.3333333333333333,0.3333333333333333,0.0,6,0,52,STREET,42.857142857142854,100.0,0.0,321.0,220.0,14.079441541679836,356.0,409.0
BRONX,12,37,40.8212328,-73.87273268,3,1,0,0.16666666666666666,0.0,-0.16666666666666666,3,0,43,STREET,66.66666666666666,66.66666666666666,0.0,504.0,273.0,7.386294361119891,560.0,334.0
BRONX,12,39,40.82622997888889,-73.87104976222221,9,1,1,0.16666666666666666,0.3333333333333333,0.16666666666666666,7,0,43,HOUSING,66.66666666666666,11.11111111111111,88.88888888888889,322.0,132.0,16.302585092994047,296.0,480.0
BRONX,12,40,40.828372475,-73.87147690500001,4,2,0,0.3333333333333333,0.0,-0.3333333333333333,4,0,43,STREET,50.0,75.0,0.0,505.0,383.0,9.6094379124341,487.0,215.0
BRONX,12,42,40.833370816666665,-73.87187469333333,3,1,1,0.16666666666666666,0.3333333333333333,0.16666666666666666,3,0,43,STREET,66.66666666666666,66.66666666666666,0.0,323.0,133.0,7.386294361119891,561.0,481.0
BRONX,12,43,40.83480497714286,-73.87161896857144,7,2,2,0.3333333333333333,0.6666666666666666,0.3333333333333333,7,0,43,STREET,42.857142857142854,57.14285714285714,0.0,175.0,104.0,16.079441541679834,323.0,516.0
BRONX,12,45,40.840110169999996,-73.87264416,4,0,0,0.0,0.0,0.0,4,0,48,STREET,75.0,100.0,0.0,506.0,221.0,9.6094379124341,488.0,410.0
BRONX,12,53,40.85855522666667,-73.87093326333334,3,0,0,0.0,0.0,0.0,2,0,49,STREET,66.66666666666666,100.0,0.0,507.0,222.0,5.386294361119891,599.0,411.0
BRONX,12,62,40.87806186142857,-73.87263371428571,7,2,0,0.3333333333333333,0.0,-0.3333333333333333,6,0,52,STREET,71.42857142857143,85.71428571428571,0.0,508.0,384.0,14.079441541679836,357.0,216.0
BRONX,12,63,40.879500215,-73.87275856000001,4,0,1,0.0,0.3333333333333333,0.3333333333333333,3,0,52,STREET,75.0,100.0,0.0,324.0,105.0,7.6094379124341005,526.0,517.0
BRONX,13,35,40.81711138058823,-73.86787624,17,5,3,0.8333333333333334,1.0,0.16666666666666663,11,0,43,HOUSING,70.58823529411765,0.0,100.0,103.0,166.0,24.890371757896165,139.0,459.0
BRONX,13,36,40.81949365384615,-73.86836852692308,13,7,1,1.1666666666666667,0.3333333333333333,-0.8333333333333335,9,1,43,HOUSING,69.23076923076923,7.6923076923076925,92.3076923076923,325.0,552.0,21.63905732961526,185.0,65.0
BRONX,13,37,40.82278780769231,-73.86963521192307,26,7,12,1.1666666666666667,4.0,2.833333333333333,12,3,43,STREET,73.07692307692307,65.38461538461539,7.6923076923076925,5.0,5.0,30.29583686600433,66.0,603.0
BRONX,13,38,40.824684092000005,-73.86888666600001,5,0,2,0.0,0.6666666666666666,0.6666666666666666,5,0,43,HOUSING,60.0,0.0,100.0,176.0,47.0,11.791759469228055,426.0,560.0
BRONX,13,39,40.82639166333333,-73.86920624666668,18,6,5,1.0,1.6666666666666667,0.6666666666666667,13,1,43,HOUSING,55.55555555555556,22.22222222222222,72.22222222222221,29.0,41.0,29.944438979166442,77.0,572.0
BRONX,13,41,40.831097275,-73.86902210874999,8,4,1,0.6666666666666666,0.3333333333333333,-0.3333333333333333,6,0,43,STREET,50.0,50.0,0.0,326.0,385.0,14.19722457733622,342.0,217.0
BRONX,13,42,40.832905000000004,-73.86901041625,8,3,1,0.5,0.3333333333333333,-0.16666666666666669,6,0,43,STREET,75.0,87.5,0.0,327.0,313.0,14.19722457733622,343.0,299.0
BRONX,13,43,40.83557700666667,-73.86933657,6,3,1,0.5,0.3333333333333333,-0.16666666666666669,6,0,43,STREET,50.0,66.66666666666666,0.0,328.0,314.0,13.945910149055313,381.0,300.0
BRONX,13,44,40.837885525000004,-73.86912303666666,6,2,0,0.3333333333333333,0.0,-0.3333333333333333,5,0,43,STREET,66.66666666666666,83.33333333333334,0.0,509.0,386.0,11.945910149055313,409.0,218.0
BRONX,13,45,40.83940985,-73.8691995375,4,2,0,0.3333333333333333,0.0,-0.3333333333333333,4,0,43,STREET,75.0,75.0,0.0,510.0,387.0,9.6094379124341,489.0,219.0
BRONX,13,46,40.84172599777777,-73.86885886666667,9,5,2,0.8333333333333334,0.6666666666666666,-0.16666666666666674,7,0,49,STREET,44.44444444444444,55.55555555555556,0.0,177.0,341.0,16.302585092994047,297.0,277.0
BRONX,13,52,40.85592207333333,-73.86764518666666,3,0,2,0.0,0.6666666666666666,0.6666666666666666,3,0,49,STREET,0.0,66.66666666666666,0.0,178.0,48.0,7.386294361119891,562.0,561.0
BRONX,13,55,40.861692973333334,-73.86899182333333,3,0,0,0.0,0.0,0.0,3,0,49,STREET,33.33333333333333,100.0,0.0,511.0,223.0,7.386294361119891,563.0,412.0
BRONX,13,56,40.865414987142856,-73.86835919571429,7,3,2,0.5,0.6666666666666666,0.16666666666666663,6,0,49,STREET,71.42857142857143,57.14285714285714,0.0,179.0,167.0,14.079441541679836,358.0,460.0
BRONX,13,57,40.86697611428571,-73.86874485238096,21,9,1,1.5,0.3333333333333333,-1.1666666666666667,11,3,49,STREET,71.42857142857143,71.42857142857143,19.047619047619047,329.0,585.0,28.091042453358316,94.0,26.0
BRONX,13,58,40.869687458,-73.868907136,5,3,1,0.5,0.3333333333333333,-0.16666666666666669,5,0,49,HOUSING,0.0,20.0,80.0,330.0,315.0,11.791759469228055,427.0,301.0
BRONX,13,60,40.8737910925,-73.86954591749999,4,2,1,0.3333333333333333,0.3333333333333333,0.0,4,0,47,PLAYGROUND,50.0,50.0,0.0,331.0,224.0,9.6094379124341,490.0,413.0
BRONX,13,61,40.875764053333334,-73.86811796,3,1,0,0.16666666666666666,0.0,-0.16666666666666666,3,0,47,STREET,66.66666666666666,100.0,0.0,512.0,274.0,7.386294361119891,564.0,335.0
BRONX,13,62,40.878177855,-73.8695906575,4,1,1,0.16666666666666666,0.3333333333333333,0.16666666666666666,4,0,47,STREET,100.0,100.0,0.0,332.0,134.0,9.6094379124341,491.0,482.0
BRONX,13,63,40.87957489666667,-73.86837799666668,3,2,0,0.3333333333333333,0.0,-0.3333333333333333,3,0,47,STREET,66.66666666666666,100.0,0.0,513.0,388.0,7.386294361119891,565.0,220.0
BRONX,14,34,40.815161384,-73.865402562,5,0,2,0.0,0.6666666666666666,0.6666666666666666,5,0,43,HOUSING,20.0,40.0,60.0,180.0,49.0,11.791759469228055,428.0,562.0
BRONX,14,35,40.81669363285714,-73.86566495000001,7,1,1,0.16666666666666666,0.3333333333333333,0.16666666666666666,5,0,43,STREET,57.14285714285714,71.42857142857143,28.57142857142857,333.0,135.0,12.079441541679836,402.0,483.0
BRONX,14,36,40.8194858475,-73.86612796500002,4,2,0,0.3333333333333333,0.0,-0.3333333333333333,3,0,43,STREET,75.0,75.0,25.0,514.0,389.0,7.6094379124341005,527.0,221.0
BRONX,14,37,40.821663771428575,-73.86653994904762,21,6,4,1.0,1.3333333333333333,0.33333333333333326,14,1,43,HOUSING,47.61904761904761,38.095238095238095,52.38095238095239,53.0,112.0,32.09104245335831,48.0,497.0
BRONX,14,38,40.82339231586207,-73.86538838103448,29,6,2,1.0,0.6666666666666666,-0.33333333333333337,15,4,43,HOUSING,55.172413793103445,3.4482758620689653,96.55172413793103,181.0,428.0,37.40119738166216,20.0,181.0
BRONX,14,39,40.82580143,-73.86551997,4,2,0,0.3333333333333333,0.0,-0.3333333333333333,3,0,43,HOUSING,25.0,0.0,100.0,515.0,390.0,7.6094379124341005,528.0,222.0
BRONX,14,40,40.82811337166667,-73.86589139499999,6,2,1,0.3333333333333333,0.3333333333333333,0.0,6,0,43,HOUSING,50.0,50.0,50.0,334.0,225.0,13.945910149055313,382.0,414.0
BRONX,14,41,40.830742255714284,-73.86698702,7,3,1,0.5,0.3333333333333333,-0.16666666666666669,6,0,43,STREET,57.14285714285714,71.42857142857143,0.0,335.0,316.0,14.079441541679836,359.0,302.0
BRONX,14,42,40.8330933075,-73.86539140500001,4,3,0,0.5,0.0,-0.5,3,0,43,STREET,75.0,75.0,0.0,516.0,467.0,7.6094379124341005,529.0,155.0
BRONX,14,43,40.835316150000004,-73.86644303333334,3,1,0,0.16666666666666666,0.0,-0.16666666666666666,3,0,43,STREET,66.66666666666666,100.0,0.0,517.0,275.0,7.386294361119891,566.0,336.0
BRONX,14,44,40.837778355,-73.866534945,20,9,0,1.5,0.0,-1.5,12,1,43,STREET,70.0,90.0,0.0,518.0,596.0,28.044522437723423,95.0,14.0
BRONX,14,45,40.83910267076923,-73.8653659776923,13,6,0,1.0,0.0,-1.0,6,2,43,STREET,61.53846153846154,84.61538461538461,0.0,519.0,570.0,16.63905732961526,277.0,48.0
BRONX,14,46,40.8418936275,-73.8666421575,4,3,0,0.5,0.0,-0.5,3,0,49,STREET,100.0,100.0,0.0,520.0,468.0,7.6094379124341005,530.0,156.0
BRONX,14,47,40.84480348571429,-73.86636615428573,7,3,1,0.5,0.3333333333333333,-0.16666666666666669,5,0,49,STREET,42.857142857142854,85.71428571428571,0.0,336.0,317.0,12.079441541679836,403.0,303.0
BRONX,14,51,40.853418886,-73.865419846,5,5,0,0.8333333333333334,0.0,-0.8333333333333334,5,0,49,STREET,80.0,100.0,0.0,521.0,540.0,11.791759469228055,429.0,84.0
BRONX,14,52,40.855567245,-73.866191805,4,0,0,0.0,0.0,0.0,3,0,49,DWELLING,50.0,50.0,0.0,522.0,226.0,7.6094379124341005,531.0,415.0
BRONX,14,53,40.8582388075,-73.8646663075,4,0,0,0.0,0.0,0.0,2,1,49,HOUSING,0.0,50.0,50.0,523.0,227.0,6.6094379124341005,594.0,416.0
BRONX,14,54,40.859971909,-73.865688939,10,4,2,0.6666666666666666,0.6666666666666666,0.0,8,0,49,STREET,70.0,90.0,0.0,182.0,228.0,18.397895272798372,245.0,417.0
BRONX,14,55,40.86245614,-73.866323455,6,1,0,0.16666666666666666,0.0,-0.16666666666666666,6,0,49,STREET,50.0,83.33333333333334,16.666666666666664,524.0,276.0,13.945910149055313,383.0,337.0
BRONX,14,56,40.86437615333334,-73.86640034555556,9,0,2,0.0,0.6666666666666666,0.6666666666666666,6,0,49,STREET,55.55555555555556,77.77777777777779,0.0,183.0,50.0,14.302585092994047,335.0,563.0
BRONX,14,57,40.86708467909091,-73.86676740272726,11,5,1,0.8333333333333334,0.3333333333333333,-0.5,9,0,49,STREET,54.54545454545454,63.63636363636363,0.0,337.0,469.0,20.484906649788,208.0,157.0
BRONX,14,58,40.869166397777775,-73.86678160555556,9,3,1,0.5,0.3333333333333333,-0.16666666666666669,7,0,49,HOUSING,66.66666666666666,33.33333333333333,55.55555555555556,338.0,318.0,16.302585092994047,298.0,304.0
BRONX,14,59,40.87173947,-73.86614981318182,22,9,4,1.5,1.3333333333333333,-0.16666666666666674,13,2,47,STREET,54.54545454545454,81.81818181818183,0.0,54.0,342.0,31.13549421592915,55.0,278.0
BRONX,14,60,40.87345066666667,-73.8664719,6,3,1,0.5,0.3333333333333333,-0.16666666666666669,6,0,47,STREET,83.33333333333334,83.33333333333334,0.0,339.0,319.0,13.945910149055313,384.0,305.0
BRONX,14,61,40.87504667375,-73.8658506725,8,3,1,0.5,0.3333333333333333,-0.16666666666666669,7,0,47,HOUSING,50.0,0.0,87.5,340.0,320.0,16.19722457733622,312.0,306.0
BRONX,14,62,40.878112226,-73.865738349,20,10,2,1.6666666666666667,0.6666666666666666,-1.0,14,1,47,STREET,45.0,65.0,25.0,184.0,571.0,32.04452243772342,49.0,49.0
BRONX,14,63,40.879803987500004,-73.8653239525,4,1,0,0.16666666666666666,0.0,-0.16666666666666666,4,0,47,STREET,75.0,75.0,0.0,525.0,277.0,9.6094379124341,492.0,338.0
BRONX,14,64,40.882427235,-73.86533129749999,4,2,0,0.3333333333333333,0.0,-0.3333333333333333,4,0,47,STREET,50.0,75.0,0.0,526.0,391.0,9.6094379124341,493.0,223.0
BRONX,14,65,40.884799935714284,-73.86559191571428,7,4,2,0.6666666666666666,0.6666666666666666,0.0,6,0,47,STREET,85.71428571428571,71.42857142857143,0.0,185.0,229.0,14.079441541679836,360.0,418.0
BRONX,15,34,40.81572026,-73.8645062,4,2,0,0.3333333333333333,0.0,-0.3333333333333333,3,0,43,STREET,75.0,75.0,0.0,527.0,392.0,7.6094379124341005,532.0,224.0
BRONX,15,35,40.81728501125,-73.86357135625,8,2,2,0.3333333333333333,0.6666666666666666,0.3333333333333333,6,1,43,STREET,75.0,87.5,0.0,186.0,106.0,15.19722457733622,330.0,518.0
BRONX,15,36,40.820176853999996,-73.862874898,5,2,0,0.3333333333333333,0.0,-0.3333333333333333,4,0,43,STREET,40.0,60.0,20.0,528.0,393.0,9.791759469228055,467.0,225.0
BRONX,15,37,40.822017148571426,-73.86326700000001,7,2,1,0.3333333333333333,0.3333333333333333,0.0,6,0,43,HOUSING,57.14285714285714,0.0,100.0,341.0,230.0,14.079441541679836,361.0,419.0
BRONX,15,41,40.830828763333336,-73.86197245,3,1,0,0.16666666666666666,0.0,-0.16666666666666666,3,0,43,STREET,0.0,66.66666666666666,0.0,529.0,278.0,7.386294361119891,567.0,339.0
BRONX,15,42,40.83268970230769,-73.86370693692308,13,3,5,0.5,1.6666666666666667,1.1666666666666667,9,1,43,STREET,69.23076923076923,84.61538461538461,0.0,30.0,14.0,21.63905732961526,186.0,596.0
BRONX,15,44,40.83767759714286,-73.86382749571429,7,3,0,0.5,0.0,-0.5,6,0,43,STREET,85.71428571428571,85.71428571428571,0.0,530.0,470.0,14.079441541679836,362.0,158.0
BRONX,15,45,40.83966386875,-73.86339852125,8,3,1,0.5,0.3333333333333333,-0.16666666666666669,6,0,43,STREET,62.5,75.0,0.0,342.0,321.0,14.19722457733622,344.0,307.0
BRONX,15,53,40.857967450000004,-73.86265744800001,5,2,0,0.3333333333333333,0.0,-0.3333333333333333,5,0,49,HOUSING,80.0,40.0,60.0,531.0,394.0,11.791759469228055,430.0,226.0
BRONX,15,54,40.85975106857143,-73.86360877714286,7,3,0,0.5,0.0,-0.5,5,0,49,HOUSING,57.14285714285714,14.285714285714285,85.71428571428571,532.0,471.0,12.079441541679836,404.0,159.0
BRONX,15,57,40.866733994,-73.86309127999999,5,1,2,0.16666666666666666,0.6666666666666666,0.5,5,0,49,STREET,80.0,60.0,0.0,187.0,70.0,11.791759469228055,431.0,546.0
BRONX,15,59,40.871041174,-73.863720946,5,2,0,0.3333333333333333,0.0,-0.3333333333333333,3,0,47,STREET,20.0,100.0,0.0,533.0,395.0,7.7917594692280545,520.0,227.0
BRONX,15,62,40.87857998347826,-73.86353003478261,23,10,2,1.6666666666666667,0.6666666666666666,-1.0,13,3,47,STREET,56.52173913043478,86.95652173913044,0.0,188.0,572.0,32.17805383034795,45.0,50.0
BRONX,15,63,40.880303908,-73.863319367,20,4,3,0.6666666666666666,1.0,0.33333333333333337,13,2,47,STREET,55.00000000000001,95.0,0.0,104.0,85.0,31.044522437723423,59.0,529.0
BRONX,15,64,40.88251423533333,-73.86283770333334,15,5,2,0.8333333333333334,0.6666666666666666,-0.16666666666666674,12,0,47,STREET,46.666666666666664,80.0,0.0,189.0,343.0,26.77258872223978,120.0,279.0
BRONX,15,65,40.884687882307695,-73.86297552615385,13,6,1,1.0,0.3333333333333333,-0.6666666666666667,10,0,47,STREET,46.15384615384615,76.92307692307693,0.0,343.0,518.0,22.63905732961526,172.0,96.0
BRONX,15,66,40.88725286076923,-73.8631182376923,13,5,2,0.8333333333333334,0.6666666666666666,-0.16666666666666674,9,1,47,STREET,69.23076923076923,92.3076923076923,0.0,190.0,344.0,21.63905732961526,187.0,280.0
BRONX,15,67,40.889183028000005,-73.863704736,5,1,0,0.16666666666666666,0.0,-0.16666666666666666,4,0,47,STREET,60.0,60.0,0.0,534.0,279.0,9.791759469228055,468.0,340.0
BRONX,16,37,40.822225017142856,-73.8603709442857,7,2,1,0.3333333333333333,0.3333333333333333,0.0,6,0,43,STREET,71.42857142857143,71.42857142857143,0.0,344.0,231.0,14.079441541679836,363.0,420.0
BRONX,16,38,40.82409201,-73.85975299799999,5,3,0,0.5,0.0,-0.5,5,0,43,STREET,80.0,80.0,0.0,535.0,472.0,11.791759469228055,432.0,160.0
BRONX,16,39,40.82679891,-73.86013771,4,1,0,0.16666666666666666,0.0,-0.16666666666666666,4,0,43,STREET,25.0,50.0,0.0,536.0,280.0,9.6094379124341,494.0,341.0
BRONX,16,42,40.833257763333336,-73.86039063999999,3,1,0,0.16666666666666666,0.0,-0.16666666666666666,3,0,43,STREET,66.66666666666666,100.0,0.0,537.0,281.0,7.386294361119891,568.0,342.0
BRONX,16,43,40.83501793,-73.860904432,5,4,1,0.6666666666666666,0.3333333333333333,-0.3333333333333333,3,1,43,STREET,60.0,80.0,0.0,345.0,396.0,8.791759469228055,516.0,228.0
BRONX,16,54,40.8612063975,-73.8593965325,4,1,0,0.16666666666666666,0.0,-0.16666666666666666,4,0,49,HOUSING,50.0,0.0,100.0,538.0,282.0,9.6094379124341,495.0,343.0
BRONX,16,55,40.86229614285714,-73.86061373285715,7,4,0,0.6666666666666666,0.0,-0.6666666666666666,6,0,49,HOUSING,42.857142857142854,14.285714285714285,85.71428571428571,539.0,505.0,14.079441541679836,364.0,112.0
BRONX,16,56,40.86512457999999,-73.86025384000001,3,2,0,0.3333333333333333,0.0,-0.3333333333333333,3,0,49,STREET,33.33333333333333,66.66666666666666,0.0,540.0,397.0,7.386294361119891,569.0,229.0
BRONX,16,61,40.876397656,-73.85999487,5,2,0,0.3333333333333333,0.0,-0.3333333333333333,5,0,47,STREET,40.0,80.0,0.0,541.0,398.0,11.791759469228055,433.0,230.0
BRONX,16,62,40.878002253333335,-73.85913109,3,1,1,0.16666666666666666,0.3333333333333333,0.16666666666666666,3,0,47,COMMERCIAL,100.0,33.33333333333333,0.0,346.0,136.0,7.386294361119891,570.0,484.0
BRONX,16,63,40.880533713333335,-73.86040045749999,12,7,0,1.1666666666666667,0.0,-1.1666666666666667,8,1,47,STREET,50.0,91.66666666666666,0.0,542.0,586.0,19.564949357461536,227.0,27.0
BRONX,16,64,40.882798578333336,-73.860994215,6,3,0,0.5,0.0,-0.5,6,0,47,DWELLING,33.33333333333333,50.0,0.0,543.0,473.0,13.945910149055313,385.0,161.0
BRONX,16,65,40.884971826666664,-73.85979080166666,6,5,0,0.8333333333333334,0.0,-0.8333333333333334,4,0,47,STREET,66.66666666666666,100.0,0.0,544.0,541.0,9.945910149055313,449.0,85.0
BRONX,16,66,40.887228738,-73.8602492296,25,15,0,2.5,0.0,-2.5,12,3,47,STREET,60.0,76.0,0.0,545.0,607.0,30.258096538021483,67.0,1.0
BRONX,16,67,40.88979165,-73.85955968615384,13,0,5,0.0,1.6666666666666667,1.6666666666666667,9,1,47,STREET,23.076923076923077,84.61538461538461,0.0,31.0,7.0,21.63905732961526,188.0,601.0
BRONX,16,69,40.89408941916667,-73.8599521225,12,3,5,0.5,1.6666666666666667,1.1666666666666667,8,2,47,STREET,50.0,66.66666666666666,0.0,32.0,15.0,20.564949357461536,205.0,597.0
BRONX,17,32,40.810813715,-73.8562887975,4,2,2,0.3333333333333333,0.6666666666666666,0.3333333333333333,4,0,43,STREET,50.0,75.0,0.0,191.0,107.0,9.6094379124341,496.0,519.0
BRONX,17,37,40.82140147470589,-73.85777586823531,17,8,1,1.3333333333333333,0.3333333333333333,-1.0,12,1,43,STREET,64.70588235294117,70.58823529411765,0.0,347.0,573.0,27.890371757896165,100.0,51.0
BRONX,17,41,40.83167834444445,-73.85691847666666,9,1,2,0.16666666666666666,0.6666666666666666,0.5,6,1,43,STREET,66.66666666666666,100.0,0.0,192.0,71.0,15.302585092994047,327.0,547.0
BRONX,17,42,40.833084602,-73.857350456,5,1,1,0.16666666666666666,0.3333333333333333,0.16666666666666666,4,0,43,STREET,80.0,80.0,0.0,348.0,137.0,9.791759469228055,469.0,485.0
BRONX,17,44,40.83696138,-73.85746285,4,1,0,0.16666666666666666,0.0,-0.16666666666666666,3,0,43,DWELLING,25.0,25.0,0.0,546.0,283.0,7.6094379124341005,533.0,344.0
BRONX,17,54,40.860620804999996,-73.8574898725,4,1,0,0.16666666666666666,0.0,-0.16666666666666666,4,0,49,HOUSING,75.0,0.0,100.0,547.0,284.0,9.6094379124341,497.0,345.0
BRONX,17,55,40.86189843,-73.857738395,8,0,0,0.0,0.0,0.0,6,1,49,HOUSING,62.5,37.5,50.0,548.0,232.0,15.19722457733622,331.0,421.0
BRONX,17,62,40.877736080000005,-73.85732239833334,6,2,2,0.3333333333333333,0.6666666666666666,0.3333333333333333,6,0,47,STREET,50.0,83.33333333333334,0.0,193.0,108.0,13.945910149055313,386.0,520.0
BRONX,17,63,40.88043789666667,-73.85705081666666,6,5,1,0.8333333333333334,0.3333333333333333,-0.5,4,0,47,STREET,66.66666666666666,66.66666666666666,0.0,349.0,474.0,9.945910149055313,450.0,162.0
BRONX,17,64,40.883148486,-73.856625358,10,6,0,1.0,0.0,-1.0,8,0,47,STREET,40.0,70.0,0.0,549.0,574.0,18.397895272798372,246.0,52.0
BRONX,17,65,40.885512575,-73.85730677000001,8,3,0,0.5,0.0,-0.5,6,0,47,STREET,75.0,100.0,0.0,550.0,475.0,14.19722457733622,345.0,163.0
BRONX,17,66,40.88715760666667,-73.85688326166667,6,3,0,0.5,0.0,-0.5,3,1,47,STREET,83.33333333333334,83.33333333333334,0.0,551.0,476.0,8.945910149055313,513.0,164.0
BRONX,17,67,40.88943421928571,-73.857640715,14,6,0,1.0,0.0,-1.0,12,1,47,DWELLING,35.714285714285715,50.0,0.0,552.0,575.0,27.70805020110221,104.0,53.0
BRONX,17,68,40.892008244,-73.857208096,5,3,1,0.5,0.3333333333333333,-0.16666666666666669,5,0,47,STREET,80.0,100.0,0.0,350.0,322.0,11.791759469228055,434.0,308.0
BRONX,17,69,40.894325448888885,-73.85732417333334,9,6,1,1.0,0.3333333333333333,-0.6666666666666667,7,0,47,STREET,44.44444444444444,77.77777777777779,0.0,351.0,519.0,16.302585092994047,299.0,97.0
BRONX,17,70,40.895959966666666,-73.85626447333334,3,2,0,0.3333333333333333,0.0,-0.3333333333333333,3,0,47,STREET,66.66666666666666,66.66666666666666,0.0,553.0,399.0,7.386294361119891,571.0,231.0
BRONX,17,71,40.898820714,-73.85645048399999,5,2,1,0.3333333333333333,0.3333333333333333,0.0,4,0,47,STREET,60.0,100.0,0.0,352.0,233.0,9.791759469228055,470.0,422.0
BRONX,18,36,40.820224278000005,-73.853673278,5,1,2,0.16666666666666666,0.6666666666666666,0.5,4,0,43,STREET,20.0,60.0,0.0,194.0,72.0,9.791759469228055,471.0,548.0
BRONX,18,37,40.82124263,-73.85328373,3,2,0,0.3333333333333333,0.0,-0.3333333333333333,3,0,43,DWELLING,66.66666666666666,33.33333333333333,0.0,554.0,400.0,7.386294361119891,572.0,232.0
BRONX,18,44,40.837467196,-73.85414420000001,5,2,0,0.3333333333333333,0.0,-0.3333333333333333,4,0,43,STREET,80.0,60.0,0.0,555.0,401.0,9.791759469228055,472.0,233.0
BRONX,18,45,40.84036732333333,-73.85506545333334,3,2,1,0.3333333333333333,0.3333333333333333,0.0,2,0,43,STREET,100.0,66.66666666666666,0.0,353.0,234.0,5.386294361119891,600.0,423.0
BRONX,18,49,40.84941968666667,-73.85530838333334,3,2,0,0.3333333333333333,0.0,-0.3333333333333333,3,0,49,STREET,33.33333333333333,100.0,0.0,556.0,402.0,7.386294361119891,573.0,234.0
BRONX,18,59,40.870917865555555,-73.85396395666668,9,3,1,0.5,0.3333333333333333,-0.16666666666666669,7,0,49,HOUSING,77.77777777777779,11.11111111111111,88.88888888888889,354.0,323.0,16.302585092994047,300.0,309.0
BRONX,18,60,40.87342792416666,-73.85411202499999,12,5,1,0.8333333333333334,0.3333333333333333,-0.5,11,0,47,STREET,41.66666666666667,75.0,0.0,355.0,477.0,24.564949357461536,155.0,165.0
BRONX,18,61,40.87606746666667,-73.85415715666667,3,1,0,0.16666666666666666,0.0,-0.16666666666666666,3,0,47,STREET,0.0,66.66666666666666,0.0,557.0,285.0,7.386294361119891,574.0,346.0
BRONX,18,62,40.87795088888889,-73.85436235,9,4,1,0.6666666666666666,0.3333333333333333,-0.3333333333333333,7,0,47,STREET,33.33333333333333,77.77777777777779,0.0,356.0,403.0,16.302585092994047,301.0,235.0
BRONX,18,64,40.8826455275,-73.854657155,4,0,2,0.0,0.6666666666666666,0.6666666666666666,4,0,47,STREET,25.0,75.0,0.0,195.0,51.0,9.6094379124341,498.0,564.0
BRONX,18,65,40.88484081,-73.85374145,8,2,0,0.3333333333333333,0.0,-0.3333333333333333,6,0,47,STREET,50.0,62.5,0.0,558.0,404.0,14.19722457733622,346.0,236.0
BRONX,18,66,40.88659843666667,-73.853827255,6,3,1,0.5,0.3333333333333333,-0.16666666666666669,6,0,47,STREET,83.33333333333334,83.33333333333334,0.0,357.0,324.0,13.945910149055313,387.0,310.0
BRONX,18,70,40.89631240333333,-73.85423451,3,2,0,0.3333333333333333,0.0,-0.3333333333333333,3,0,47,DWELLING,0.0,33.33333333333333,0.0,559.0,405.0,7.386294361119891,575.0,237.0
BRONX,18,71,40.89839566714286,-73.853909475,14,4,2,0.6666666666666666,0.6666666666666666,0.0,11,1,47,STREET,64.28571428571429,78.57142857142857,0.0,196.0,235.0,25.70805020110221,135.0,424.0
BRONX,18,73,40.9033332325,-73.853816065,4,1,1,0.16666666666666666,0.3333333333333333,0.16666666666666666,4,0,47,STREET,100.0,100.0,0.0,358.0,138.0,9.6094379124341,499.0,486.0
BRONX,19,35,40.81713039666667,-73.85100769833333,6,1,1,0.16666666666666666,0.3333333333333333,0.16666666666666666,6,0,43,HOUSING,66.66666666666666,16.666666666666664,83.33333333333334,359.0,139.0,13.945910149055313,388.0,487.0
BRONX,19,37,40.820919026,-73.850084036,5,1,1,0.16666666666666666,0.3333333333333333,0.16666666666666666,5,0,43,HOUSING,60.0,0.0,100.0,360.0,140.0,11.791759469228055,435.0,488.0
BRONX,19,40,40.828553925,-73.8506487825,4,1,0,0.16666666666666666,0.0,-0.16666666666666666,4,0,43,COMMERCIAL,75.0,25.0,0.0,560.0,286.0,9.6094379124341,500.0,347.0
BRONX,19,41,40.83139928,-73.85121315800001,5,3,0,0.5,0.0,-0.5,4,0,43,STREET,40.0,80.0,0.0,561.0,478.0,9.791759469228055,473.0,166.0
BRONX,19,42,40.83416054666666,-73.85213016333333,3,0,0,0.0,0.0,0.0,3,0,43,STREET,33.33333333333333,100.0,0.0,562.0,236.0,7.386294361119891,576.0,425.0
BRONX,19,43,40.83602754,-73.8509852525,4,1,0,0.16666666666666666,0.0,-0.16666666666666666,4,0,45,STREET,75.0,75.0,0.0,563.0,287.0,9.6094379124341,501.0,348.0
BRONX,19,46,40.84231509333333,-73.85213131333335,3,1,0,0.16666666666666666,0.0,-0.16666666666666666,3,0,45,STREET,66.66666666666666,100.0,0.0,564.0,288.0,7.386294361119891,577.0,349.0
BRONX,19,58,40.86947354125,-73.85100928,8,0,3,0.0,1.0,1.0,7,0,49,HOUSING,37.5,0.0,100.0,105.0,26.0,16.19722457733622,313.0,590.0
BRONX,19,59,40.87122973411764,-73.85098527470588,17,5,2,0.8333333333333334,0.6666666666666666,-0.16666666666666674,13,0,49,HOUSING,70.58823529411765,17.647058823529413,76.47058823529412,197.0,345.0,28.890371757896165,87.0,281.0
BRONX,19,60,40.873004091666665,-73.85141643666665,6,5,0,0.8333333333333334,0.0,-0.8333333333333334,5,0,47,STREET,83.33333333333334,50.0,0.0,565.0,542.0,11.945910149055313,410.0,86.0
BRONX,19,61,40.875550000000004,-73.851042219375,16,3,4,0.5,1.3333333333333333,0.8333333333333333,10,1,47,STREET,56.25,81.25,0.0,55.0,35.0,23.833213344056215,157.0,577.0
BRONX,19,62,40.878381823333335,-73.85103135333333,3,2,0,0.3333333333333333,0.0,-0.3333333333333333,3,0,47,STREET,100.0,100.0,0.0,566.0,406.0,7.386294361119891,578.0,238.0
BRONX,19,63,40.88032183,-73.85064609666667,3,0,1,0.0,0.3333333333333333,0.3333333333333333,3,0,47,STREET,33.33333333333333,100.0,0.0,361.0,109.0,7.386294361119891,579.0,521.0
BRONX,19,65,40.885127346666664,-73.85030861333334,3,1,0,0.16666666666666666,0.0,-0.16666666666666666,3,0,47,STREET,66.66666666666666,100.0,0.0,567.0,289.0,7.386294361119891,580.0,350.0
BRONX,19,66,40.88682977333333,-73.85086294,3,2,0,0.3333333333333333,0.0,-0.3333333333333333,3,0,47,STREET,66.66666666666666,66.66666666666666,0.0,568.0,407.0,7.386294361119891,581.0,239.0
BRONX,19,71,40.898679924999996,-73.85083484,4,0,0,0.0,0.0,0.0,3,0,47,STREET,100.0,100.0,0.0,569.0,237.0,7.6094379124341005,534.0,426.0
BRONX,19,73,40.903249866818186,-73.85057949727272,22,6,2,1.0,0.6666666666666666,-0.33333333333333337,13,2,47,STREET,86.36363636363636,81.81818181818183,0.0,198.0,429.0,31.13549421592915,56.0,182.0
BRONX,19,74,40.904531236000004,-73.849925104,5,1,1,0.16666666666666666,0.3333333333333333,0.16666666666666666,5,0,47,STREET,80.0,80.0,0.0,362.0,141.0,11.791759469228055,436.0,489.0
BRONX,20,35,40.81749449,-73.84763233545455,11,4,1,0.6666666666666666,0.3333333333333333,-0.3333333333333333,11,0,43,HOUSING,45.45454545454545,0.0,100.0,363.0,408.0,24.484906649788,156.0,240.0
BRONX,20,36,40.81961681,-73.8485137552381,21,7,0,1.1666666666666667,0.0,-1.1666666666666667,12,2,43,HOUSING,76.19047619047619,28.57142857142857,52.38095238095239,570.0,587.0,29.091042453358316,82.0,28.0
BRONX,20,42,40.83251821,-73.84854667333333,3,1,0,0.16666666666666666,0.0,-0.16666666666666666,3,0,43,STREET,100.0,66.66666666666666,0.0,571.0,290.0,7.386294361119891,582.0,351.0
BRONX,20,44,40.836918823333335,-73.84709231333333,3,0,0,0.0,0.0,0.0,2,0,45,STREET,0.0,100.0,0.0,572.0,238.0,5.386294361119891,601.0,427.0
BRONX,20,59,40.871456183750006,-73.84780941125,8,4,0,0.6666666666666666,0.0,-0.6666666666666666,6,0,49,STREET,62.5,87.5,0.0,573.0,506.0,14.19722457733622,347.0,113.0
BRONX,20,60,40.87299914,-73.84866178333334,3,1,0,0.16666666666666666,0.0,-0.16666666666666666,2,0,47,STREET,66.66666666666666,66.66666666666666,0.0,574.0,291.0,5.386294361119891,602.0,352.0
BRONX,20,61,40.875475732,-73.84870230199999,10,6,0,1.0,0.0,-1.0,7,0,47,STREET,40.0,90.0,0.0,575.0,576.0,16.397895272798372,285.0,54.0
BRONX,20,62,40.877773384444446,-73.84842913000001,9,4,1,0.6666666666666666,0.3333333333333333,-0.3333333333333333,7,0,47,STREET,77.77777777777779,100.0,0.0,364.0,409.0,16.302585092994047,302.0,241.0
BRONX,20,63,40.88006353,-73.8477910675,4,2,0,0.3333333333333333,0.0,-0.3333333333333333,4,0,47,STREET,75.0,100.0,0.0,576.0,410.0,9.6094379124341,502.0,242.0
BRONX,20,64,40.88304607285714,-73.84789685857142,7,2,0,0.3333333333333333,0.0,-0.3333333333333333,6,0,47,HOUSING,85.71428571428571,42.857142857142854,57.14285714285714,577.0,411.0,14.079441541679836,365.0,243.0
BRONX,20,65,40.88503361722223,-73.84847405277777,18,8,1,1.3333333333333333,0.3333333333333333,-1.0,10,2,47,HOUSING,72.22222222222221,38.88888888888889,50.0,365.0,577.0,24.944438979166442,138.0,55.0
BRONX,20,66,40.88712671354839,-73.84739631870968,31,10,8,1.6666666666666667,2.6666666666666665,0.9999999999999998,15,4,47,STREET,51.61290322580645,77.41935483870968,19.35483870967742,7.0,27.0,37.46573590279973,18.0,581.0
BRONX,20,68,40.89113795,-73.848841344,5,2,0,0.3333333333333333,0.0,-0.3333333333333333,3,0,47,STREET,100.0,100.0,0.0,578.0,412.0,7.7917594692280545,521.0,244.0
BRONX,20,70,40.89597793571429,-73.84824499857143,7,4,0,0.6666666666666666,0.0,-0.6666666666666666,6,0,47,STREET,42.857142857142854,71.42857142857143,0.0,579.0,507.0,14.079441541679836,366.0,114.0
BRONX,20,71,40.89880038333333,-73.84814244,3,2,0,0.3333333333333333,0.0,-0.3333333333333333,2,0,47,STREET,0.0,100.0,0.0,580.0,413.0,5.386294361119891,603.0,245.0
BRONX,20,73,40.90264090666667,-73.84798655333334,3,0,0,0.0,0.0,0.0,3,0,47,STREET,66.66666666666666,100.0,0.0,581.0,239.0,7.386294361119891,583.0,428.0
BRONX,20,74,40.904863459999994,-73.84894643615384,13,2,1,0.3333333333333333,0.3333333333333333,0.0,9,1,47,STREET,53.84615384615385,84.61538461538461,0.0,366.0,240.0,21.63905732961526,189.0,429.0
BRONX,21,40,40.82756425,-73.84528785,3,0,0,0.0,0.0,0.0,1,1,43,STREET,33.33333333333333,100.0,0.0,582.0,241.0,4.386294361119891,607.0,430.0
BRONX,21,44,40.83745963,-73.84630655,4,2,0,0.3333333333333333,0.0,-0.3333333333333333,4,0,45,STREET,50.0,75.0,0.0,583.0,414.0,9.6094379124341,503.0,246.0
BRONX,21,45,40.839594427499996,-73.8448415475,4,0,2,0.0,0.6666666666666666,0.6666666666666666,4,0,45,STREET,0.0,75.0,0.0,199.0,52.0,9.6094379124341,504.0,565.0
BRONX,21,52,40.85657673,-73.84389368,9,5,2,0.8333333333333334,0.6666666666666666,-0.16666666666666674,7,0,49,STREET,55.55555555555556,88.88888888888889,0.0,200.0,346.0,16.302585092994047,303.0,282.0
BRONX,21,53,40.85743118,-73.846574,10,1,2,0.16666666666666666,0.6666666666666666,0.5,7,0,49,STREET,60.0,80.0,0.0,201.0,73.0,16.397895272798372,286.0,549.0
BRONX,21,58,40.86946706470589,-73.84491429764707,17,6,2,1.0,0.6666666666666666,-0.33333333333333337,13,2,49,STREET,41.17647058823529,70.58823529411765,0.0,202.0,430.0,30.890371757896165,65.0,183.0
BRONX,21,59,40.87138864,-73.84637306,3,1,0,0.16666666666666666,0.0,-0.16666666666666666,3,0,47,STREET,66.66666666666666,100.0,0.0,584.0,292.0,7.386294361119891,584.0,353.0
BRONX,21,60,40.87366674857143,-73.84501734857143,7,1,0,0.16666666666666666,0.0,-0.16666666666666666,5,0,47,STREET,71.42857142857143,100.0,0.0,585.0,293.0,12.079441541679836,405.0,354.0
BRONX,21,62,40.878180335,-73.84530507333334,6,2,1,0.3333333333333333,0.3333333333333333,0.0,6,0,47,STREET,50.0,66.66666666666666,0.0,367.0,242.0,13.945910149055313,389.0,431.0
BRONX,21,64,40.882449609999995,-73.84540243,4,2,0,0.3333333333333333,0.0,-0.3333333333333333,4,0,47,HOUSING,75.0,25.0,50.0,586.0,415.0,9.6094379124341,505.0,247.0
BRONX,21,65,40.88486498636363,-73.84473992545455,11,4,2,0.6666666666666666,0.6666666666666666,0.0,9,0,47,HOUSING,63.63636363636363,9.090909090909092,90.9090909090909,203.0,243.0,20.484906649788,209.0,432.0
BRONX,21,66,40.886308434375,-73.845242235625,16,6,1,1.0,0.3333333333333333,-0.6666666666666667,12,2,47,HOUSING,50.0,0.0,100.0,368.0,520.0,28.833213344056215,89.0,98.0
BRONX,21,67,40.88925979333333,-73.84602433666666,3,1,2,0.16666666666666666,0.6666666666666666,0.5,3,0,47,STREET,66.66666666666666,66.66666666666666,0.0,204.0,74.0,7.386294361119891,585.0,550.0
BRONX,21,68,40.89133798,-73.84568105000001,4,1,1,0.16666666666666666,0.3333333333333333,0.16666666666666666,4,0,47,STREET,50.0,75.0,0.0,369.0,142.0,9.6094379124341,506.0,490.0
BRONX,21,70,40.89623092,-73.84505929000001,3,3,0,0.5,0.0,-0.5,2,0,47,STREET,66.66666666666666,100.0,0.0,587.0,479.0,5.386294361119891,604.0,167.0
BRONX,21,72,40.90063103,-73.845343255,6,2,0,0.3333333333333333,0.0,-0.3333333333333333,5,0,47,STREET,83.33333333333334,100.0,0.0,588.0,416.0,11.945910149055313,411.0,248.0
BRONX,21,73,40.90268559333334,-73.84546809666666,6,0,2,0.0,0.6666666666666666,0.6666666666666666,5,0,47,STREET,66.66666666666666,100.0,0.0,205.0,53.0,11.945910149055313,412.0,566.0
BRONX,21,74,40.904671277999995,-73.84580799599999,5,1,0,0.16666666666666666,0.0,-0.16666666666666666,5,0,47,STREET,40.0,100.0,0.0,589.0,294.0,11.791759469228055,437.0,355.0
BRONX,22,46,40.841572230000004,-73.84298921,4,1,1,0.16666666666666666,0.3333333333333333,0.16666666666666666,3,0,45,STREET,50.0,75.0,0.0,370.0,143.0,7.6094379124341005,535.0,491.0
BRONX,22,58,40.869505546,-73.84240188000001,5,2,0,0.3333333333333333,0.0,-0.3333333333333333,5,0,47,STREET,40.0,80.0,0.0,590.0,417.0,11.791759469228055,438.0,249.0
BRONX,22,60,40.873821134,-73.841474658,5,1,1,0.16666666666666666,0.3333333333333333,0.16666666666666666,5,0,47,STREET,40.0,60.0,0.0,371.0,144.0,11.791759469228055,439.0,492.0
BRONX,22,61,40.876360543333334,-73.84155225500001,6,4,0,0.6666666666666666,0.0,-0.6666666666666666,5,0,47,STREET,66.66666666666666,66.66666666666666,0.0,591.0,508.0,11.945910149055313,413.0,115.0
BRONX,22,62,40.87844550857143,-73.84258650285715,7,3,0,0.5,0.0,-0.5,4,0,47,STREET,42.857142857142854,85.71428571428571,0.0,592.0,480.0,10.079441541679836,444.0,168.0
BRONX,22,64,40.8831372875,-73.84295704750001,4,2,1,0.3333333333333333,0.3333333333333333,0.0,4,0,47,HOUSING,100.0,25.0,50.0,372.0,244.0,9.6094379124341,507.0,433.0
BRONX,22,66,40.887099013333334,-73.84144469,3,1,1,0.16666666666666666,0.3333333333333333,0.16666666666666666,3,0,47,HOUSING,0.0,33.33333333333333,66.66666666666666,373.0,145.0,7.386294361119891,586.0,493.0
BRONX,22,67,40.889309422000004,-73.84266597000001,5,3,0,0.5,0.0,-0.5,5,0,47,STREET,60.0,80.0,20.0,593.0,481.0,11.791759469228055,440.0,169.0
BRONX,22,69,40.89362092666667,-73.84251060666666,3,1,1,0.16666666666666666,0.3333333333333333,0.16666666666666666,3,0,47,STREET,66.66666666666666,100.0,0.0,374.0,146.0,7.386294361119891,587.0,494.0
BRONX,23,59,40.87176880666667,-73.83868384333333,3,2,0,0.3333333333333333,0.0,-0.3333333333333333,2,0,47,STREET,66.66666666666666,100.0,0.0,594.0,418.0,5.386294361119891,605.0,250.0
BRONX,23,61,40.87616442,-73.83965432000001,3,2,0,0.3333333333333333,0.0,-0.3333333333333333,3,0,47,STREET,66.66666666666666,66.66666666666666,0.0,595.0,419.0,7.386294361119891,588.0,251.0
BRONX,23,68,40.8920420225,-73.83917084500001,4,3,0,0.5,0.0,-0.5,4,0,47,DWELLING,50.0,50.0,0.0,596.0,482.0,9.6094379124341,508.0,170.0
BRONX,24,59,40.87132138,-73.836832214,5,3,0,0.5,0.0,-0.5,5,0,47,STREET,40.0,100.0,0.0,597.0,483.0,11.791759469228055,441.0,171.0
BRONX,24,62,40.8783555,-73.8361600675,4,2,1,0.3333333333333333,0.3333333333333333,0.0,4,0,47,STREET,75.0,100.0,0.0,375.0,245.0,9.6094379124341,509.0,434.0
BRONX,25,56,40.86383594,-73.83369222,3,1,0,0.16666666666666666,0.0,-0.16666666666666666,3,0,47,STREET,0.0,66.66666666666666,0.0,598.0,295.0,7.386294361119891,589.0,356.0
BRONX,25,61,40.87572427,-73.83250898,4,2,0,0.3333333333333333,0.0,-0.3333333333333333,2,0,45,STREET,100.0,50.0,0.0,599.0,420.0,5.6094379124341005,595.0,252.0
BRONX,25,64,40.88301908133334,-73.83323823066667,15,8,2,1.3333333333333333,0.6666666666666666,-0.6666666666666666,10,1,47,HOUSING,80.0,6.666666666666667,93.33333333333333,206.0,509.0,23.77258872223978,159.0,116.0
BRONX,25,65,40.88455994428571,-73.8331258,7,2,0,0.3333333333333333,0.0,-0.3333333333333333,5,0,47,STREET,71.42857142857143,85.71428571428571,0.0,600.0,421.0,12.079441541679836,406.0,253.0
BRONX,25,66,40.88741854333334,-73.83380801999999,3,0,1,0.0,0.3333333333333333,0.3333333333333333,3,0,47,STREET,100.0,100.0,0.0,376.0,110.0,7.386294361119891,590.0,522.0
BRONX,26,59,40.87218559,-73.83010616,4,2,1,0.3333333333333333,0.3333333333333333,0.0,3,0,45,STREET,25.0,75.0,0.0,377.0,246.0,7.6094379124341005,536.0,435.0
BRONX,26,62,40.87773805333334,-73.83006666,3,2,0,0.3333333333333333,0.0,-0.3333333333333333,3,0,45,STREET,33.33333333333333,100.0,0.0,601.0,422.0,7.386294361119891,591.0,254.0
BRONX,26,64,40.882203075,-73.8310632975,4,2,1,0.3333333333333333,0.3333333333333333,0.0,4,0,47,HOUSING,100.0,0.0,75.0,378.0,247.0,9.6094379124341,510.0,436.0
BRONX,26,66,40.887751017142854,-73.8308222542857,7,2,0,0.3333333333333333,0.0,-0.3333333333333333,6,0,47,STREET,42.857142857142854,71.42857142857143,0.0,602.0,423.0,14.079441541679836,367.0,255.0
BRONX,26,67,40.888883461111114,-73.83118908333334,9,5,3,0.8333333333333334,1.0,0.16666666666666663,9,0,47,STREET,33.33333333333333,66.66666666666666,0.0,106.0,168.0,20.302585092994047,220.0,461.0
BRONX,27,41,40.83074095888889,-73.82714367777778,9,2,1,0.3333333333333333,0.3333333333333333,0.0,8,0,45,STREET,55.55555555555556,55.55555555555556,0.0,379.0,248.0,18.302585092994047,256.0,437.0
BRONX,27,64,40.882939830000005,-73.82722263875,8,1,2,0.16666666666666666,0.6666666666666666,0.5,6,0,45,COMMERCIAL,62.5,25.0,0.0,207.0,75.0,14.19722457733622,348.0,551.0
BRONX,27,66,40.88657051333333,-73.82639976666667,3,0,0,0.0,0.0,0.0,3,0,47,STREET,33.33333333333333,100.0,0.0,603.0,249.0,7.386294361119891,592.0,438.0
BRONX,28,36,40.82067201,-73.82405944,8,5,1,0.8333333333333334,0.3333333333333333,-0.5,7,0,45,HOUSING,87.5,0.0,100.0,380.0,484.0,16.19722457733622,314.0,172.0
BRONX,28,37,40.822574804,-73.824701515,10,5,1,0.8333333333333334,0.3333333333333333,-0.5,8,0,45,HOUSING,70.0,0.0,100.0,381.0,485.0,18.397895272798372,247.0,173.0
BRONX,28,62,40.87820723,-73.82536268250001,4,2,0,0.3333333333333333,0.0,-0.3333333333333333,4,0,45,STREET,50.0,75.0,0.0,604.0,424.0,9.6094379124341,511.0,256.0
BRONX,29,36,40.819319220000004,-73.82214888600001,5,1,2,0.16666666666666666,0.6666666666666666,0.5,5,0,45,HOUSING,60.0,0.0,100.0,208.0,76.0,11.791759469228055,442.0,552.0
BRONX,29,37,40.8215283075,-73.821570045,8,3,1,0.5,0.3333333333333333,-0.16666666666666669,8,0,45,HOUSING,37.5,12.5,87.5,382.0,325.0,18.19722457733622,263.0,311.0
BRONX,29,56,40.864223683333336,-73.82192604444444,9,3,0,0.5,0.0,-0.5,9,0,45,STREET,88.88888888888889,100.0,0.0,605.0,486.0,20.302585092994047,221.0,174.0
BRONX,29,57,40.86699764,-73.8220577075,4,1,0,0.16666666666666666,0.0,-0.16666666666666666,4,0,45,STREET,50.0,75.0,0.0,606.0,296.0,9.6094379124341,512.0,357.0
BRONX,30,36,40.81964091333334,-73.81758536333334,3,3,0,0.5,0.0,-0.5,3,0,45,STREET,100.0,100.0,0.0,607.0,487.0,7.386294361119891,593.0,175.0
BROOKLYN,-37,-43,40.641807586666665,-74.01743364333335,6,3,2,0.5,0.6666666666666666,0.16666666666666663,4,0,72,STREET,33.33333333333333,83.33333333333334,0.0,81.0,124.0,9.945910149055313,575.0,695.0
BROOKLYN,-37,-42,40.6439391075,-74.0176257775,4,1,1,0.16666666666666666,0.3333333333333333,0.16666666666666666,4,0,72,STREET,25.0,100.0,0.0,187.0,84.0,9.6094379124341,606.0,705.0
BROOKLYN,-35,-42,40.6438308075,-74.01121843375,8,1,0,0.16666666666666666,0.0,-0.16666666666666666,5,1,72,STREET,37.5,75.0,0.0,415.0,227.0,13.19722457733622,486.0,526.0
BROOKLYN,-35,-41,40.64630154333334,-74.01153520333334,3,2,0,0.3333333333333333,0.0,-0.3333333333333333,3,0,72,STREET,100.0,100.0,0.0,416.0,355.0,7.386294361119891,719.0,360.0
BROOKLYN,-35,-27,40.67719044666667,-74.01084114,3,2,0,0.3333333333333333,0.0,-0.3333333333333333,3,0,76,HOUSING,66.66666666666666,33.33333333333333,66.66666666666666,417.0,356.0,7.386294361119891,720.0,361.0
BROOKLYN,-34,-44,40.639346045,-74.008697705,4,1,1,0.16666666666666666,0.3333333333333333,0.16666666666666666,4,0,72,STREET,75.0,100.0,0.0,188.0,85.0,9.6094379124341,607.0,706.0
BROOKLYN,-34,-42,40.644589245000006,-74.00907585,4,1,0,0.16666666666666666,0.0,-0.16666666666666666,4,0,72,DWELLING,75.0,50.0,0.0,418.0,228.0,9.6094379124341,608.0,527.0
BROOKLYN,-34,-41,40.64604739333333,-74.00934901333333,3,1,1,0.16666666666666666,0.3333333333333333,0.16666666666666666,3,0,72,COMMERCIAL,33.33333333333333,33.33333333333333,0.0,189.0,86.0,7.386294361119891,721.0,707.0
BROOKLYN,-34,-40,40.64809881666667,-74.00721474666666,3,0,0,0.0,0.0,0.0,2,0,72,STREET,100.0,100.0,0.0,419.0,134.0,5.386294361119891,811.0,603.0
BROOKLYN,-34,-28,40.675638776,-74.00811252,15,4,0,0.6666666666666666,0.0,-0.6666666666666666,9,1,76,HOUSING,60.0,6.666666666666667,93.33333333333333,420.0,557.0,21.77258872223978,239.0,219.0
BROOKLYN,-33,-44,40.63985082,-74.00563325666667,3,1,1,0.16666666666666666,0.3333333333333333,0.16666666666666666,3,0,72,DWELLING,66.66666666666666,33.33333333333333,0.0,190.0,87.0,7.386294361119891,722.0,708.0
BROOKLYN,-33,-39,40.65126091333333,-74.0051501,3,3,0,0.5,0.0,-0.5,2,0,72,STREET,33.33333333333333,66.66666666666666,0.0,421.0,483.0,5.386294361119891,812.0,275.0
BROOKLYN,-33,-38,40.65375959,-74.00500372333333,3,0,1,0.0,0.3333333333333333,0.3333333333333333,3,0,72,COMMERCIAL,0.0,33.33333333333333,0.0,191.0,55.0,7.386294361119891,723.0,747.0
BROOKLYN,-33,-29,40.674104740000004,-74.006255853,10,4,2,0.6666666666666666,0.6666666666666666,0.0,7,0,76,HOUSING,60.0,20.0,60.0,82.0,135.0,16.397895272798372,360.0,604.0
BROOKLYN,-33,-28,40.6758017953125,-74.006131878125,32,12,2,2.0,0.6666666666666666,-1.3333333333333335,17,4,76,HOUSING,56.25,6.25,87.5,83.0,777.0,41.49650756146648,21.0,47.0
BROOKLYN,-33,-27,40.677181899000004,-74.006547441,10,3,1,0.5,0.3333333333333333,-0.16666666666666669,10,0,76,HOUSING,70.0,40.0,60.0,192.0,303.0,22.397895272798372,237.0,492.0
BROOKLYN,-32,-72,40.57684265500001,-74.00221043,14,5,2,0.8333333333333334,0.6666666666666666,-0.16666666666666674,11,1,60,STREET,50.0,78.57142857142857,0.0,84.0,337.0,25.70805020110221,164.0,475.0
BROOKLYN,-32,-42,40.644215146666674,-74.00228841666667,3,1,0,0.16666666666666666,0.0,-0.16666666666666666,3,0,72,STREET,33.33333333333333,66.66666666666666,0.0,422.0,229.0,7.386294361119891,724.0,528.0
BROOKLYN,-32,-28,40.675129498,-74.00311445400001,10,4,0,0.6666666666666666,0.0,-0.6666666666666666,9,0,76,HOUSING,60.0,0.0,90.0,423.0,558.0,20.397895272798372,280.0,220.0
BROOKLYN,-31,-73,40.57450533352941,-73.99942506235296,17,9,2,1.5,0.6666666666666666,-0.8333333333333334,11,1,60,HOUSING,47.05882352941176,35.294117647058826,47.05882352941176,85.0,636.0,25.890371757896165,157.0,147.0
BROOKLYN,-31,-72,40.57663206555556,-73.99986604944445,18,9,3,1.5,1.0,-0.5,11,1,60,HOUSING,50.0,11.11111111111111,61.111111111111114,43.0,484.0,25.944438979166442,154.0,276.0
BROOKLYN,-31,-71,40.5794259123077,-73.99994965076922,26,7,2,1.1666666666666667,0.6666666666666666,-0.5000000000000001,14,4,60,HOUSING,42.30769230769231,26.923076923076923,57.692307692307686,86.0,554.0,35.29583686600433,47.0,272.0
BROOKLYN,-31,-29,40.6738969975,-73.99990050499999,4,1,2,0.16666666666666666,0.6666666666666666,0.5,4,0,76,STREET,50.0,75.0,0.0,87.0,31.0,9.6094379124341,609.0,783.0
BROOKLYN,-30,-74,40.57281593,-73.99584640615385,13,5,2,0.8333333333333334,0.6666666666666666,-0.16666666666666674,8,1,60,HOUSING,69.23076923076923,30.76923076923077,46.15384615384615,88.0,338.0,19.63905732961526,293.0,476.0
BROOKLYN,-30,-73,40.57456177625,-73.99697186062501,16,8,1,1.3333333333333333,0.3333333333333333,-1.0,12,1,60,STREET,50.0,62.5,25.0,193.0,689.0,27.833213344056215,126.0,101.0
BROOKLYN,-30,-72,40.577720795714285,-73.99768210571428,7,3,0,0.5,0.0,-0.5,7,0,60,HOUSING,57.14285714285714,28.57142857142857,42.857142857142854,424.0,485.0,16.079441541679834,401.0,277.0
BROOKLYN,-29,-74,40.5726243575,-73.9943285025,4,0,0,0.0,0.0,0.0,3,0,60,HOUSING,25.0,50.0,50.0,425.0,136.0,7.6094379124341005,689.0,605.0
BROOKLYN,-29,-73,40.5746327175,-73.99397449650002,20,8,1,1.3333333333333333,0.3333333333333333,-1.0,11,3,60,STREET,60.0,50.0,20.0,194.0,690.0,28.044522437723423,117.0,102.0
BROOKLYN,-29,-72,40.57608459,-73.99333228666666,3,3,0,0.5,0.0,-0.5,1,1,60,STREET,33.33333333333333,100.0,0.0,426.0,486.0,4.386294361119891,825.0,278.0
BROOKLYN,-28,-73,40.57476495952381,-73.99096861142857,21,4,0,0.6666666666666666,0.0,-0.6666666666666666,11,3,60,HOUSING,47.61904761904761,23.809523809523807,66.66666666666666,427.0,559.0,28.091042453358316,115.0,221.0
BROOKLYN,-28,-72,40.57626054333333,-73.9908367175,12,2,1,0.3333333333333333,0.3333333333333333,0.0,7,2,60,STREET,50.0,66.66666666666666,16.666666666666664,195.0,137.0,18.564949357461536,307.0,606.0
BROOKLYN,-28,-25,40.68301404,-73.99021242,6,2,1,0.3333333333333333,0.3333333333333333,0.0,6,0,76,HOUSING,50.0,33.33333333333333,66.66666666666666,196.0,138.0,13.945910149055313,462.0,607.0
BROOKLYN,-28,-24,40.68400093785715,-73.98973479000001,14,7,1,1.1666666666666667,0.3333333333333333,-0.8333333333333335,10,0,76,HOUSING,57.14285714285714,35.714285714285715,50.0,197.0,682.0,22.70805020110221,216.0,140.0
BROOKLYN,-27,-73,40.57521852076923,-73.98763060153846,13,2,0,0.3333333333333333,0.0,-0.3333333333333333,5,3,60,STREET,46.15384615384615,38.46153846153847,23.076923076923077,428.0,357.0,15.639057329615259,412.0,362.0
BROOKLYN,-27,-72,40.5766291775,-73.9874831625,4,3,0,0.5,0.0,-0.5,3,0,60,STREET,75.0,100.0,0.0,429.0,487.0,7.6094379124341005,690.0,279.0
BROOKLYN,-27,-69,40.582878269999995,-73.98630295000001,3,0,1,0.0,0.3333333333333333,0.3333333333333333,3,0,60,STREET,33.33333333333333,66.66666666666666,0.0,198.0,56.0,7.386294361119891,725.0,748.0
BROOKLYN,-27,-62,40.59887060333333,-73.98821419666666,3,1,0,0.16666666666666666,0.0,-0.16666666666666666,3,0,62,COMMERCIAL,66.66666666666666,33.33333333333333,0.0,430.0,230.0,7.386294361119891,726.0,529.0
BROOKLYN,-27,-25,40.683244076,-73.98816328240001,25,9,4,1.5,1.3333333333333333,-0.16666666666666674,14,2,76,HOUSING,72.0,4.0,96.0,17.0,339.0,33.25809653802148,60.0,477.0
BROOKLYN,-27,-24,40.68432490153846,-73.98724315615384,13,2,1,0.3333333333333333,0.3333333333333333,0.0,11,0,76,HOUSING,53.84615384615385,38.46153846153847,53.84615384615385,199.0,139.0,24.63905732961526,184.0,608.0
BROOKLYN,-27,-21,40.69182557800001,-73.987412142,5,0,2,0.0,0.6666666666666666,0.6666666666666666,3,0,84,STREET,0.0,100.0,0.0,89.0,25.0,7.7917594692280545,682.0,798.0
BROOKLYN,-26,-73,40.57503085,-73.98609578,3,1,0,0.16666666666666666,0.0,-0.16666666666666666,3,0,60,COMMERCIAL,33.33333333333333,33.33333333333333,0.0,431.0,231.0,7.386294361119891,727.0,530.0
BROOKLYN,-26,-72,40.577303976,-73.985119752,5,2,1,0.3333333333333333,0.3333333333333333,0.0,5,0,60,STREET,40.0,100.0,0.0,200.0,140.0,11.791759469228055,525.0,609.0
BROOKLYN,-26,-66,40.590803320000006,-73.984035856,5,1,0,0.16666666666666666,0.0,-0.16666666666666666,4,0,60,COMMERCIAL,40.0,40.0,20.0,432.0,232.0,9.791759469228055,586.0,531.0
BROOKLYN,-26,-65,40.59288191,-73.98434694,3,1,0,0.16666666666666666,0.0,-0.16666666666666666,3,0,60,HOUSING,100.0,0.0,100.0,433.0,233.0,7.386294361119891,728.0,532.0
BROOKLYN,-26,-27,40.67764197,-73.985165865,4,1,0,0.16666666666666666,0.0,-0.16666666666666666,4,0,78,STREET,100.0,50.0,0.0,434.0,234.0,9.6094379124341,610.0,533.0
BROOKLYN,-26,-25,40.68294750166666,-73.98428252916666,12,5,1,0.8333333333333334,0.3333333333333333,-0.5,10,0,78,HOUSING,83.33333333333334,8.333333333333332,91.66666666666666,201.0,488.0,22.564949357461536,227.0,280.0
BROOKLYN,-26,-20,40.69354695666667,-73.98475003333333,3,0,0,0.0,0.0,0.0,3,0,84,STREET,33.33333333333333,100.0,0.0,435.0,141.0,7.386294361119891,729.0,610.0
BROOKLYN,-26,-17,40.70082050457143,-73.98428299,35,11,2,1.8333333333333333,0.6666666666666666,-1.1666666666666665,16,6,84,HOUSING,62.857142857142854,14.285714285714285,82.85714285714286,90.0,730.0,41.58351893845611,18.0,98.0
BROOKLYN,-25,-72,40.57690869,-73.98228679333333,3,1,0,0.16666666666666666,0.0,-0.16666666666666666,3,0,60,STREET,33.33333333333333,100.0,0.0,436.0,235.0,7.386294361119891,730.0,534.0
BROOKLYN,-25,-66,40.590801936666665,-73.98210588444444,9,7,0,1.1666666666666667,0.0,-1.1666666666666667,6,1,60,HOUSING,66.66666666666666,11.11111111111111,88.88888888888889,437.0,731.0,15.302585092994047,419.0,67.0
BROOKLYN,-25,-65,40.59247709666667,-73.98159974333333,18,9,1,1.5,0.3333333333333333,-1.1666666666666667,11,2,60,HOUSING,66.66666666666666,0.0,100.0,202.0,732.0,26.944438979166442,136.0,68.0
BROOKLYN,-25,-64,40.593732483333326,-73.98223912333334,6,1,0,0.16666666666666666,0.0,-0.16666666666666666,5,0,60,HOUSING,50.0,0.0,100.0,438.0,236.0,11.945910149055313,503.0,535.0
BROOKLYN,-25,-25,40.68187835428571,-73.98250073642858,14,9,1,1.5,0.3333333333333333,-1.1666666666666667,9,0,78,HOUSING,57.14285714285714,14.285714285714285,85.71428571428571,203.0,733.0,20.70805020110221,261.0,69.0
BROOKLYN,-25,-24,40.684928793333334,-73.98139033333332,3,1,0,0.16666666666666666,0.0,-0.16666666666666666,3,0,84,STREET,66.66666666666666,100.0,0.0,439.0,237.0,7.386294361119891,731.0,536.0
BROOKLYN,-25,-22,40.688976679999996,-73.9815737125,4,1,0,0.16666666666666666,0.0,-0.16666666666666666,3,0,84,STREET,25.0,100.0,0.0,440.0,238.0,7.6094379124341005,691.0,537.0
BROOKLYN,-25,-20,40.6941960475,-73.98131563916667,12,7,0,1.1666666666666667,0.0,-1.1666666666666667,10,0,88,HOUSING,58.333333333333336,0.0,100.0,441.0,734.0,22.564949357461536,228.0,70.0
BROOKLYN,-25,-19,40.69540380947368,-73.98203704789474,19,4,2,0.6666666666666666,0.6666666666666666,0.0,13,2,88,HOUSING,42.10526315789473,42.10526315789473,57.89473684210527,91.0,142.0,30.99573227355399,86.0,611.0
BROOKLYN,-25,-18,40.69831785,-73.98180014,7,2,2,0.3333333333333333,0.6666666666666666,0.3333333333333333,7,0,84,HOUSING,42.857142857142854,14.285714285714285,85.71428571428571,92.0,57.0,16.079441541679834,402.0,749.0
BROOKLYN,-25,-17,40.70016961961539,-73.98177341807693,26,10,3,1.6666666666666667,1.0,-0.6666666666666667,16,4,84,HOUSING,65.38461538461539,3.8461538461538463,96.15384615384616,44.0,610.0,39.29583686600433,27.0,193.0
BROOKLYN,-24,-73,40.57528611000001,-73.97985501333334,3,2,0,0.3333333333333333,0.0,-0.3333333333333333,3,0,60,COMMERCIAL,100.0,33.33333333333333,0.0,442.0,358.0,7.386294361119891,732.0,363.0
BROOKLYN,-24,-66,40.590797492,-73.978567332,10,4,0,0.6666666666666666,0.0,-0.6666666666666666,9,0,60,HOUSING,60.0,0.0,100.0,443.0,560.0,20.397895272798372,281.0,222.0
BROOKLYN,-24,-65,40.59316749,-73.97932632000001,5,3,1,0.5,0.3333333333333333,-0.16666666666666669,5,0,61,HOUSING,60.0,40.0,40.0,204.0,304.0,11.791759469228055,526.0,493.0
BROOKLYN,-24,-25,40.68281773,-73.97940188333334,3,0,1,0.0,0.3333333333333333,0.3333333333333333,3,0,84,STREET,33.33333333333333,100.0,0.0,205.0,58.0,7.386294361119891,733.0,750.0
BROOKLYN,-24,-24,40.684467123333334,-73.97825359666666,3,1,0,0.16666666666666666,0.0,-0.16666666666666666,2,0,78,STREET,33.33333333333333,100.0,0.0,444.0,239.0,5.386294361119891,813.0,538.0
BROOKLYN,-24,-22,40.689432435,-73.978366155,6,2,0,0.3333333333333333,0.0,-0.3333333333333333,6,0,88,STREET,66.66666666666666,83.33333333333334,0.0,445.0,359.0,13.945910149055313,463.0,364.0
BROOKLYN,-24,-20,40.69417380833333,-73.97840368749999,12,6,0,1.0,0.0,-1.0,8,1,88,HOUSING,50.0,8.333333333333332,83.33333333333334,446.0,691.0,19.564949357461536,296.0,103.0
BROOKLYN,-24,-19,40.69558369914285,-73.97877104714286,35,9,4,1.5,1.3333333333333333,-0.16666666666666674,18,5,88,HOUSING,48.57142857142857,11.428571428571429,88.57142857142857,18.0,340.0,44.58351893845611,9.0,478.0
BROOKLYN,-24,-18,40.697691289999995,-73.97749796000001,4,2,0,0.3333333333333333,0.0,-0.3333333333333333,4,0,88,STREET,100.0,100.0,0.0,447.0,360.0,9.6094379124341,611.0,365.0
BROOKLYN,-23,-72,40.5765845525,-73.976418775,8,3,3,0.5,1.0,0.5,8,0,60,STREET,37.5,62.5,12.5,45.0,32.0,18.19722457733622,336.0,784.0
BROOKLYN,-23,-26,40.680161415,-73.9755903225,4,0,1,0.0,0.3333333333333333,0.3333333333333333,4,0,78,STREET,50.0,75.0,0.0,206.0,59.0,9.6094379124341,612.0,751.0
BROOKLYN,-23,-25,40.6832700325,-73.9763724875,4,1,0,0.16666666666666666,0.0,-0.16666666666666666,4,0,78,STREET,0.0,75.0,0.0,448.0,240.0,9.6094379124341,613.0,539.0
BROOKLYN,-23,-23,40.6869320875,-73.97561489,4,1,1,0.16666666666666666,0.3333333333333333,0.16666666666666666,4,0,88,STREET,75.0,100.0,0.0,207.0,88.0,9.6094379124341,614.0,709.0
BROOKLYN,-23,-20,40.69380898909091,-73.97534346636364,11,3,3,0.5,1.0,0.5,10,0,88,HOUSING,81.81818181818183,9.090909090909092,90.9090909090909,46.0,33.0,22.484906649788,231.0,785.0
BROOKLYN,-23,-19,40.6952830123077,-73.97567722923078,26,10,4,1.6666666666666667,1.3333333333333333,-0.3333333333333335,14,2,88,HOUSING,57.692307692307686,15.384615384615385,84.61538461538461,19.0,480.0,33.29583686600433,59.0,347.0
BROOKLYN,-22,-59,40.60509864666667,-73.97266377,3,0,0,0.0,0.0,0.0,1,1,62,STREET,66.66666666666666,100.0,0.0,449.0,143.0,4.386294361119891,826.0,612.0
BROOKLYN,-22,-48,40.63059985,-73.97370532,6,4,1,0.6666666666666666,0.3333333333333333,-0.3333333333333333,6,0,70,STREET,33.33333333333333,100.0,0.0,208.0,361.0,13.945910149055313,464.0,366.0
BROOKLYN,-22,-20,40.69349422571428,-73.973305995,14,6,0,1.0,0.0,-1.0,9,1,88,STREET,85.71428571428571,57.14285714285714,28.57142857142857,450.0,692.0,21.70805020110221,245.0,104.0
BROOKLYN,-22,-19,40.695465561,-73.9736507045,20,9,1,1.5,0.3333333333333333,-1.1666666666666667,12,1,88,HOUSING,55.00000000000001,10.0,80.0,209.0,735.0,28.044522437723423,118.0,71.0
BROOKLYN,-21,-24,40.68418583176471,-73.97078125529413,17,4,3,0.6666666666666666,1.0,0.33333333333333337,12,0,88,HOUSING,76.47058823529412,35.294117647058826,47.05882352941176,47.0,47.0,26.890371757896165,139.0,774.0
BROOKLYN,-20,-58,40.60834348000001,-73.96748348,3,1,0,0.16666666666666666,0.0,-0.16666666666666666,3,0,61,STREET,66.66666666666666,66.66666666666666,0.0,451.0,241.0,7.386294361119891,734.0,540.0
BROOKLYN,-20,-46,40.63524713333334,-73.96789192333334,3,0,1,0.0,0.3333333333333333,0.3333333333333333,3,0,70,STREET,66.66666666666666,100.0,0.0,210.0,60.0,7.386294361119891,735.0,752.0
BROOKLYN,-20,-39,40.65212778,-73.96549804,3,2,0,0.3333333333333333,0.0,-0.3333333333333333,3,0,70,PLAYGROUND,66.66666666666666,33.33333333333333,0.0,452.0,362.0,7.386294361119891,736.0,367.0
BROOKLYN,-20,-28,40.675243886666664,-73.96716486,3,1,0,0.16666666666666666,0.0,-0.16666666666666666,2,0,77,DWELLING,66.66666666666666,0.0,0.0,453.0,242.0,5.386294361119891,814.0,541.0
BROOKLYN,-20,-25,40.683119791818186,-73.96710712636364,11,6,1,1.0,0.3333333333333333,-0.6666666666666667,8,0,88,STREET,45.45454545454545,63.63636363636363,0.0,211.0,611.0,18.484906649788,312.0,194.0
BROOKLYN,-20,-23,40.68688155666667,-73.96656778333333,3,2,0,0.3333333333333333,0.0,-0.3333333333333333,3,0,88,STREET,66.66666666666666,66.66666666666666,0.0,454.0,363.0,7.386294361119891,737.0,368.0
BROOKLYN,-20,-19,40.696496374,-73.966826712,5,2,2,0.3333333333333333,0.6666666666666666,0.3333333333333333,5,0,88,STREET,80.0,60.0,0.0,93.0,61.0,11.791759469228055,527.0,753.0
BROOKLYN,-20,-15,40.70523649,-73.9657086,3,0,1,0.0,0.3333333333333333,0.3333333333333333,3,0,90,HOUSING,66.66666666666666,0.0,100.0,212.0,62.0,7.386294361119891,738.0,754.0
BROOKLYN,-20,-14,40.70783979000001,-73.96651745125,8,3,1,0.5,0.3333333333333333,-0.16666666666666669,7,0,90,HOUSING,50.0,25.0,62.5,213.0,305.0,16.19722457733622,376.0,494.0
BROOKLYN,-19,-70,40.58115379,-73.9638804875,4,1,0,0.16666666666666666,0.0,-0.16666666666666666,4,0,60,STREET,25.0,50.0,0.0,455.0,243.0,9.6094379124341,615.0,542.0
BROOKLYN,-19,-46,40.635101375,-73.9638575925,4,2,1,0.3333333333333333,0.3333333333333333,0.0,4,0,70,STREET,25.0,100.0,0.0,214.0,144.0,9.6094379124341,616.0,613.0
BROOKLYN,-19,-40,40.648968091,-73.963183222,10,6,1,1.0,0.3333333333333333,-0.6666666666666667,8,1,70,STREET,70.0,70.0,0.0,215.0,612.0,19.397895272798372,305.0,195.0
BROOKLYN,-19,-39,40.650733028333335,-73.9634404,12,3,1,0.5,0.3333333333333333,-0.16666666666666669,8,0,70,STREET,41.66666666666667,83.33333333333334,0.0,216.0,306.0,18.564949357461536,308.0,495.0
BROOKLYN,-19,-38,40.653254351818184,-73.96296192909091,11,6,2,1.0,0.6666666666666666,-0.33333333333333337,7,1,70,STREET,54.54545454545454,81.81818181818183,0.0,94.0,469.0,17.484906649788,342.0,349.0
BROOKLYN,-19,-29,40.673632828,-73.96391608066668,15,8,4,1.3333333333333333,1.3333333333333333,0.0,10,1,77,STREET,46.666666666666664,80.0,0.0,20.0,145.0,23.77258872223978,197.0,614.0
BROOKLYN,-19,-27,40.677526178,-73.96326552,5,1,0,0.16666666666666666,0.0,-0.16666666666666666,5,0,77,STREET,60.0,100.0,0.0,456.0,244.0,11.791759469228055,528.0,543.0
BROOKLYN,-19,-26,40.68072575,-73.964107428,5,2,1,0.3333333333333333,0.3333333333333333,0.0,5,0,77,STREET,80.0,60.0,0.0,217.0,146.0,11.791759469228055,529.0,615.0
BROOKLYN,-19,-25,40.682934785,-73.9642427025,4,1,0,0.16666666666666666,0.0,-0.16666666666666666,4,0,88,STREET,50.0,75.0,0.0,457.0,245.0,9.6094379124341,617.0,544.0
BROOKLYN,-19,-23,40.68740475,-73.96310599,3,2,0,0.3333333333333333,0.0,-0.3333333333333333,3,0,88,COMMERCIAL,33.33333333333333,0.0,0.0,458.0,364.0,7.386294361119891,739.0,369.0
BROOKLYN,-19,-15,40.704865989,-73.964073502,10,4,1,0.6666666666666666,0.3333333333333333,-0.3333333333333333,9,0,90,HOUSING,90.0,0.0,100.0,218.0,365.0,20.397895272798372,282.0,370.0
BROOKLYN,-19,-13,40.70920488,-73.96396559333334,3,0,0,0.0,0.0,0.0,3,0,90,STREET,66.66666666666666,66.66666666666666,0.0,459.0,147.0,7.386294361119891,740.0,616.0
BROOKLYN,-18,-64,40.59401906,-73.96085432,5,2,1,0.3333333333333333,0.3333333333333333,0.0,5,0,61,TRANSIT,20.0,20.0,0.0,219.0,148.0,11.791759469228055,530.0,617.0
BROOKLYN,-18,-50,40.62603351333333,-73.96108411,3,0,1,0.0,0.3333333333333333,0.3333333333333333,3,0,70,DWELLING,0.0,33.33333333333333,0.0,220.0,63.0,7.386294361119891,741.0,755.0
BROOKLYN,-18,-43,40.641577096666666,-73.96062223,3,0,1,0.0,0.3333333333333333,0.3333333333333333,3,0,70,STREET,33.33333333333333,66.66666666666666,0.0,221.0,64.0,7.386294361119891,742.0,756.0
BROOKLYN,-18,-42,40.644803036,-73.96034814800001,5,2,0,0.3333333333333333,0.0,-0.3333333333333333,3,0,70,STREET,20.0,80.0,0.0,460.0,366.0,7.7917594692280545,683.0,371.0
BROOKLYN,-18,-41,40.64656509769231,-73.96069791846155,13,4,4,0.6666666666666666,1.3333333333333333,0.6666666666666666,12,0,70,STREET,61.53846153846154,92.3076923076923,0.0,21.0,26.0,26.63905732961526,149.0,799.0
BROOKLYN,-18,-40,40.648738326190475,-73.96126803714287,21,10,0,1.6666666666666667,0.0,-1.6666666666666667,13,3,70,STREET,52.38095238095239,85.71428571428571,0.0,461.0,792.0,32.09104245335831,69.0,30.0
BROOKLYN,-18,-39,40.651100250588236,-73.96091770235294,17,6,0,1.0,0.0,-1.0,12,0,70,STREET,76.47058823529412,64.70588235294117,0.0,462.0,693.0,26.890371757896165,140.0,105.0
BROOKLYN,-18,-38,40.65355206888889,-73.96088786,9,5,0,0.8333333333333334,0.0,-0.8333333333333334,7,0,70,STREET,33.33333333333333,88.88888888888889,0.0,463.0,637.0,16.302585092994047,364.0,148.0
BROOKLYN,-18,-37,40.65546555625001,-73.96053263875001,16,8,0,1.3333333333333333,0.0,-1.3333333333333333,10,0,70,STREET,68.75,62.5,0.0,464.0,762.0,22.833213344056215,210.0,52.0
BROOKLYN,-18,-36,40.657565713125,-73.960695390625,16,11,1,1.8333333333333333,0.3333333333333333,-1.5,11,2,71,STREET,87.5,75.0,0.0,222.0,782.0,26.833213344056215,142.0,37.0
BROOKLYN,-18,-35,40.66009697727273,-73.96109799,11,4,1,0.6666666666666666,0.3333333333333333,-0.3333333333333333,9,1,71,STREET,63.63636363636363,90.9090909090909,0.0,223.0,367.0,21.484906649788,258.0,372.0
BROOKLYN,-18,-34,40.66257311111111,-73.96137517777777,9,3,0,0.5,0.0,-0.5,7,0,71,STREET,44.44444444444444,66.66666666666666,0.0,465.0,489.0,16.302585092994047,365.0,281.0
BROOKLYN,-18,-32,40.666999694000005,-73.960792024,5,3,0,0.5,0.0,-0.5,5,0,71,STREET,60.0,80.0,0.0,466.0,490.0,11.791759469228055,531.0,282.0
BROOKLYN,-18,-31,40.66908830125,-73.96070571874999,8,3,1,0.5,0.3333333333333333,-0.16666666666666669,7,0,71,STREET,62.5,87.5,0.0,224.0,307.0,16.19722457733622,377.0,496.0
BROOKLYN,-18,-30,40.670638675384616,-73.95993725,13,6,2,1.0,0.6666666666666666,-0.33333333333333337,9,1,71,STREET,46.15384615384615,76.92307692307693,0.0,95.0,470.0,21.63905732961526,248.0,350.0
BROOKLYN,-18,-29,40.673677986,-73.961533616,5,1,1,0.16666666666666666,0.3333333333333333,0.16666666666666666,5,0,77,STREET,80.0,100.0,0.0,225.0,89.0,11.791759469228055,532.0,710.0
BROOKLYN,-18,-28,40.67557838,-73.96086998875,8,2,2,0.3333333333333333,0.6666666666666666,0.3333333333333333,7,0,77,STREET,37.5,75.0,0.0,96.0,65.0,16.19722457733622,378.0,757.0
BROOKLYN,-18,-27,40.67718684,-73.96091455749999,4,1,0,0.16666666666666666,0.0,-0.16666666666666666,3,0,77,STREET,75.0,100.0,0.0,467.0,246.0,7.6094379124341005,692.0,545.0
BROOKLYN,-18,-26,40.680680432142864,-73.96031594571429,14,5,1,0.8333333333333334,0.3333333333333333,-0.5,10,0,88,STREET,71.42857142857143,71.42857142857143,0.0,226.0,491.0,22.70805020110221,217.0,283.0
BROOKLYN,-18,-25,40.682470720000005,-73.96082163,3,2,0,0.3333333333333333,0.0,-0.3333333333333333,3,0,88,STREET,33.33333333333333,66.66666666666666,0.0,468.0,368.0,7.386294361119891,743.0,373.0
BROOKLYN,-18,-24,40.684318309999995,-73.96109799714287,7,5,0,0.8333333333333334,0.0,-0.8333333333333334,7,0,88,STREET,57.14285714285714,57.14285714285714,0.0,469.0,638.0,16.079441541679834,403.0,149.0
BROOKLYN,-18,-23,40.687210384000004,-73.9602537,5,4,0,0.6666666666666666,0.0,-0.6666666666666666,5,0,79,STREET,40.0,80.0,0.0,470.0,561.0,11.791759469228055,533.0,223.0
BROOKLYN,-18,-22,40.689733318636364,-73.96037541818183,22,12,4,2.0,1.3333333333333333,-0.6666666666666667,12,3,88,STREET,40.909090909090914,68.18181818181817,22.727272727272727,22.0,613.0,30.13549421592915,91.0,196.0
BROOKLYN,-18,-21,40.692111856000004,-73.959852674,5,3,1,0.5,0.3333333333333333,-0.16666666666666669,5,0,79,STREET,40.0,100.0,0.0,227.0,308.0,11.791759469228055,534.0,497.0
BROOKLYN,-17,-45,40.637583088,-73.957113264,5,1,0,0.16666666666666666,0.0,-0.16666666666666666,3,1,70,STREET,80.0,60.0,0.0,471.0,247.0,8.791759469228055,677.0,546.0
BROOKLYN,-17,-44,40.63993959904762,-73.9575822647619,21,10,2,1.6666666666666667,0.6666666666666666,-1.0,13,2,70,STREET,57.14285714285714,76.19047619047619,0.0,97.0,694.0,31.091042453358316,81.0,106.0
BROOKLYN,-17,-43,40.64238037444444,-73.9579622888889,18,9,3,1.5,1.0,-0.5,13,1,70,STREET,61.111111111111114,83.33333333333334,0.0,48.0,492.0,29.944438979166442,100.0,284.0
BROOKLYN,-17,-42,40.64454245888889,-73.95783380944445,18,5,1,0.8333333333333334,0.3333333333333333,-0.5,10,2,70,STREET,44.44444444444444,66.66666666666666,0.0,228.0,493.0,24.944438979166442,168.0,285.0
BROOKLYN,-17,-41,40.6464818625,-73.958526944375,16,7,1,1.1666666666666667,0.3333333333333333,-0.8333333333333335,11,0,70,STREET,68.75,81.25,0.0,229.0,683.0,24.833213344056215,174.0,141.0
BROOKLYN,-17,-40,40.64873429714286,-73.95797685428572,7,1,0,0.16666666666666666,0.0,-0.16666666666666666,6,0,70,STREET,57.14285714285714,100.0,0.0,472.0,248.0,14.079441541679836,448.0,547.0
BROOKLYN,-17,-39,40.65091031266667,-73.95812842333333,15,6,0,1.0,0.0,-1.0,10,0,70,STREET,46.666666666666664,73.33333333333333,0.0,473.0,695.0,22.77258872223978,212.0,107.0
BROOKLYN,-17,-38,40.653031106111115,-73.95810514222222,18,8,1,1.3333333333333333,0.3333333333333333,-1.0,11,1,70,STREET,66.66666666666666,83.33333333333334,0.0,230.0,696.0,25.944438979166442,155.0,108.0
BROOKLYN,-17,-37,40.65515279500001,-73.95803253000001,8,5,1,0.8333333333333334,0.3333333333333333,-0.5,7,0,70,STREET,62.5,75.0,0.0,231.0,494.0,16.19722457733622,379.0,286.0
BROOKLYN,-17,-36,40.657772855000005,-73.958472395,4,2,0,0.3333333333333333,0.0,-0.3333333333333333,3,0,71,STREET,75.0,75.0,0.0,474.0,369.0,7.6094379124341005,693.0,374.0
BROOKLYN,-17,-34,40.662396810000004,-73.9573591,7,4,1,0.6666666666666666,0.3333333333333333,-0.3333333333333333,7,0,71,STREET,57.14285714285714,71.42857142857143,0.0,232.0,370.0,16.079441541679834,404.0,375.0
BROOKLYN,-17,-33,40.66486103945946,-73.95790621216216,37,20,3,3.3333333333333335,1.0,-2.3333333333333335,15,5,71,STREET,56.75675675675676,72.97297297297297,0.0,49.0,818.0,38.63758615972638,28.0,7.0
BROOKLYN,-17,-32,40.666793469999995,-73.958204004,10,1,4,0.16666666666666666,1.3333333333333333,1.1666666666666665,9,0,71,STREET,50.0,60.0,0.0,23.0,9.0,20.397895272798372,283.0,817.0
BROOKLYN,-17,-31,40.669029212000005,-73.95827781666668,15,9,0,1.5,0.0,-1.5,7,1,71,STREET,26.666666666666668,80.0,0.0,475.0,783.0,17.77258872223978,339.0,38.0
BROOKLYN,-17,-30,40.671295572702704,-73.95799802027028,37,20,2,3.3333333333333335,0.6666666666666666,-2.666666666666667,17,6,77,STREET,56.75675675675676,83.78378378378379,0.0,98.0,822.0,43.63758615972638,11.0,6.0
BROOKLYN,-17,-29,40.67391404533334,-73.95740498533333,15,5,0,0.8333333333333334,0.0,-0.8333333333333334,10,1,77,STREET,66.66666666666666,100.0,0.0,476.0,639.0,23.77258872223978,198.0,150.0
BROOKLYN,-17,-28,40.675994753333335,-73.95785958666667,3,2,0,0.3333333333333333,0.0,-0.3333333333333333,2,0,77,STREET,33.33333333333333,66.66666666666666,0.0,477.0,371.0,5.386294361119891,815.0,376.0
BROOKLYN,-17,-26,40.680239122500005,-73.95731459250001,8,5,0,0.8333333333333334,0.0,-0.8333333333333334,6,0,79,STREET,75.0,62.5,0.0,478.0,640.0,14.19722457733622,433.0,151.0
BROOKLYN,-17,-25,40.68190483833334,-73.95820678833333,6,3,1,0.5,0.3333333333333333,-0.16666666666666669,5,0,79,STREET,100.0,83.33333333333334,0.0,233.0,309.0,11.945910149055313,504.0,498.0
BROOKLYN,-17,-24,40.68464808,-73.95777239,4,3,0,0.5,0.0,-0.5,4,0,79,STREET,75.0,75.0,0.0,479.0,495.0,9.6094379124341,618.0,287.0
BROOKLYN,-17,-23,40.686860332500004,-73.95768715749999,8,5,0,0.8333333333333334,0.0,-0.8333333333333334,5,1,79,STREET,62.5,75.0,0.0,480.0,641.0,13.19722457733622,487.0,152.0
BROOKLYN,-17,-22,40.68905355649999,-73.9584667925,20,5,2,0.8333333333333334,0.6666666666666666,-0.16666666666666674,13,1,79,HOUSING,45.0,15.0,85.0,99.0,341.0,30.044522437723423,96.0,479.0
BROOKLYN,-17,-21,40.69055528354839,-73.95855020838711,31,15,4,2.5,1.3333333333333333,-1.1666666666666667,13,5,79,HOUSING,41.935483870967744,12.903225806451612,83.87096774193549,24.0,736.0,34.46573590279973,52.0,72.0
BROOKLYN,-17,-13,40.70911422166667,-73.958301545,6,1,0,0.16666666666666666,0.0,-0.16666666666666666,6,0,90,STREET,16.666666666666664,83.33333333333334,0.0,481.0,249.0,13.945910149055313,465.0,548.0
BROOKLYN,-17,-12,40.71163157666667,-73.95775048888889,9,1,1,0.16666666666666666,0.3333333333333333,0.16666666666666666,8,0,90,STREET,88.88888888888889,88.88888888888889,0.0,234.0,90.0,18.302585092994047,325.0,711.0
BROOKLYN,-16,-45,40.6375899625,-73.955336765,4,2,0,0.3333333333333333,0.0,-0.3333333333333333,4,0,70,STREET,75.0,75.0,0.0,482.0,372.0,9.6094379124341,619.0,377.0
BROOKLYN,-16,-44,40.63980534457143,-73.95484902828572,35,18,2,3.0,0.6666666666666666,-2.3333333333333335,15,5,70,STREET,74.28571428571429,85.71428571428571,0.0,100.0,819.0,38.58351893845611,29.0,8.0
BROOKLYN,-16,-43,40.64199511571429,-73.95550689714285,14,6,0,1.0,0.0,-1.0,10,0,70,STREET,85.71428571428571,100.0,0.0,483.0,697.0,22.70805020110221,218.0,109.0
BROOKLYN,-16,-42,40.64374657,-73.95546867124999,8,6,1,1.0,0.3333333333333333,-0.6666666666666667,7,0,70,STREET,87.5,75.0,0.0,235.0,614.0,16.19722457733622,380.0,197.0
BROOKLYN,-16,-41,40.64707809000001,-73.95497666083334,12,5,0,0.8333333333333334,0.0,-0.8333333333333334,8,1,67,STREET,75.0,75.0,0.0,484.0,642.0,19.564949357461536,297.0,153.0
BROOKLYN,-16,-40,40.648951252,-73.955168614,5,2,0,0.3333333333333333,0.0,-0.3333333333333333,4,0,67,STREET,80.0,60.0,0.0,485.0,373.0,9.791759469228055,587.0,378.0
BROOKLYN,-16,-39,40.65127012875,-73.95485325375,8,1,1,0.16666666666666666,0.3333333333333333,0.16666666666666666,6,0,67,STREET,75.0,75.0,0.0,236.0,91.0,14.19722457733622,434.0,712.0
BROOKLYN,-16,-38,40.65280342727272,-73.95453527727273,11,6,2,1.0,0.6666666666666666,-0.33333333333333337,9,1,67,STREET,63.63636363636363,72.72727272727273,0.0,101.0,471.0,21.484906649788,259.0,351.0
BROOKLYN,-16,-37,40.65555568928572,-73.95491683428571,14,7,0,1.1666666666666667,0.0,-1.1666666666666667,10,0,71,STREET,50.0,64.28571428571429,0.0,486.0,737.0,22.70805020110221,219.0,73.0
BROOKLYN,-16,-36,40.65719234,-73.9548524,6,1,0,0.16666666666666666,0.0,-0.16666666666666666,5,0,71,STREET,66.66666666666666,83.33333333333334,0.0,487.0,250.0,11.945910149055313,505.0,549.0
BROOKLYN,-16,-34,40.662503174,-73.95474716400001,5,2,0,0.3333333333333333,0.0,-0.3333333333333333,5,0,71,STREET,100.0,80.0,0.0,488.0,374.0,11.791759469228055,535.0,379.0
BROOKLYN,-16,-33,40.664489686,-73.954352909,10,7,0,1.1666666666666667,0.0,-1.1666666666666667,7,1,71,STREET,40.0,80.0,0.0,489.0,738.0,17.397895272798372,344.0,74.0
BROOKLYN,-16,-32,40.66629949,-73.95362306,3,0,0,0.0,0.0,0.0,3,0,71,STREET,66.66666666666666,100.0,0.0,490.0,149.0,7.386294361119891,744.0,618.0
BROOKLYN,-16,-31,40.66867833222222,-73.95526397555557,9,0,3,0.0,1.0,1.0,7,0,71,STREET,33.33333333333333,66.66666666666666,0.0,50.0,12.0,16.302585092994047,366.0,815.0
BROOKLYN,-16,-30,40.67134359666667,-73.955085545,6,4,0,0.6666666666666666,0.0,-0.6666666666666666,6,0,77,STREET,33.33333333333333,83.33333333333334,0.0,491.0,562.0,13.945910149055313,466.0,224.0
BROOKLYN,-16,-29,40.6731616875,-73.95544272375,8,3,1,0.5,0.3333333333333333,-0.16666666666666669,8,0,77,STREET,75.0,50.0,0.0,237.0,310.0,18.19722457733622,337.0,499.0
BROOKLYN,-16,-28,40.67568757,-73.9554383275,4,2,1,0.3333333333333333,0.3333333333333333,0.0,4,0,77,STREET,50.0,75.0,0.0,238.0,150.0,9.6094379124341,620.0,619.0
BROOKLYN,-16,-26,40.68081388,-73.95540576666667,12,4,0,0.6666666666666666,0.0,-0.6666666666666666,9,1,79,STREET,75.0,100.0,0.0,492.0,563.0,21.564949357461536,252.0,225.0
BROOKLYN,-16,-25,40.682331555714285,-73.95484567857142,7,4,0,0.6666666666666666,0.0,-0.6666666666666666,6,0,79,STREET,42.857142857142854,100.0,0.0,493.0,564.0,14.079441541679836,449.0,226.0
BROOKLYN,-16,-24,40.68517417333334,-73.95537790666667,3,1,0,0.16666666666666666,0.0,-0.16666666666666666,3,0,79,STREET,66.66666666666666,66.66666666666666,0.0,494.0,251.0,7.386294361119891,745.0,550.0
BROOKLYN,-16,-23,40.687658025000005,-73.95495076166667,6,2,0,0.3333333333333333,0.0,-0.3333333333333333,5,0,79,STREET,33.33333333333333,83.33333333333334,0.0,495.0,375.0,11.945910149055313,506.0,380.0
BROOKLYN,-16,-22,40.68898661,-73.95525275600001,5,2,0,0.3333333333333333,0.0,-0.3333333333333333,5,0,79,STREET,40.0,40.0,0.0,496.0,376.0,11.791759469228055,536.0,381.0
BROOKLYN,-16,-21,40.691490449999996,-73.95504552999999,4,2,0,0.3333333333333333,0.0,-0.3333333333333333,3,0,79,STREET,50.0,100.0,0.0,497.0,377.0,7.6094379124341005,694.0,382.0
BROOKLYN,-16,-14,40.707517374000005,-73.95457882400001,5,2,0,0.3333333333333333,0.0,-0.3333333333333333,3,0,90,STREET,20.0,80.0,0.0,498.0,378.0,7.7917594692280545,684.0,383.0
BROOKLYN,-16,-13,40.7093636325,-73.95492167,4,1,0,0.16666666666666666,0.0,-0.16666666666666666,4,0,90,STREET,25.0,100.0,0.0,499.0,252.0,9.6094379124341,621.0,551.0
BROOKLYN,-16,-12,40.71126144666667,-73.95561174333334,3,2,0,0.3333333333333333,0.0,-0.3333333333333333,3,0,90,STREET,100.0,66.66666666666666,0.0,500.0,379.0,7.386294361119891,746.0,384.0
BROOKLYN,-15,-68,40.585877563333334,-73.95248961,3,1,0,0.16666666666666666,0.0,-0.16666666666666666,3,0,61,STREET,33.33333333333333,66.66666666666666,0.0,501.0,253.0,7.386294361119891,747.0,552.0
BROOKLYN,-15,-45,40.6376549,-73.95252918454545,11,7,0,1.1666666666666667,0.0,-1.1666666666666667,6,1,70,STREET,36.36363636363637,90.9090909090909,0.0,502.0,739.0,15.484906649788,413.0,75.0
BROOKLYN,-15,-44,40.63958821833333,-73.95224578944445,18,7,0,1.1666666666666667,0.0,-1.1666666666666667,11,3,67,STREET,61.111111111111114,94.44444444444444,0.0,503.0,740.0,27.944438979166442,122.0,76.0
BROOKLYN,-15,-43,40.642455242500006,-73.95229859,4,2,0,0.3333333333333333,0.0,-0.3333333333333333,4,0,67,STREET,25.0,100.0,0.0,504.0,380.0,9.6094379124341,622.0,385.0
BROOKLYN,-15,-42,40.64380288166667,-73.95162378666666,6,4,1,0.6666666666666666,0.3333333333333333,-0.3333333333333333,6,0,67,STREET,50.0,83.33333333333334,0.0,239.0,381.0,13.945910149055313,467.0,386.0
BROOKLYN,-15,-41,40.64625968428572,-73.95198262142857,7,1,0,0.16666666666666666,0.0,-0.16666666666666666,5,0,67,STREET,28.57142857142857,85.71428571428571,0.0,505.0,254.0,12.079441541679836,495.0,553.0
BROOKLYN,-15,-40,40.6488458604,-73.95113889480001,25,10,9,1.6666666666666667,3.0,1.3333333333333333,12,3,67,STREET,52.0,88.0,0.0,3.0,7.0,30.258096538021483,89.0,821.0
BROOKLYN,-15,-39,40.65160611846154,-73.95159304230769,13,7,0,1.1666666666666667,0.0,-1.1666666666666667,11,1,67,STREET,76.92307692307693,84.61538461538461,0.0,506.0,741.0,25.63905732961526,166.0,77.0
BROOKLYN,-15,-38,40.65299617846154,-73.95193662692309,13,7,0,1.1666666666666667,0.0,-1.1666666666666667,10,1,67,STREET,69.23076923076923,92.3076923076923,0.0,507.0,742.0,23.63905732961526,208.0,78.0
BROOKLYN,-15,-37,40.65527766307692,-73.95229399769231,13,3,1,0.5,0.3333333333333333,-0.16666666666666669,8,1,67,STREET,53.84615384615385,69.23076923076923,0.0,240.0,311.0,19.63905732961526,294.0,500.0
BROOKLYN,-15,-36,40.657938574,-73.9523033815,20,6,0,1.0,0.0,-1.0,14,1,71,STREET,75.0,75.0,0.0,508.0,698.0,32.04452243772342,72.0,110.0
BROOKLYN,-15,-35,40.6604331725,-73.95133239249999,4,2,0,0.3333333333333333,0.0,-0.3333333333333333,4,0,71,STREET,50.0,100.0,0.0,509.0,382.0,9.6094379124341,623.0,387.0
BROOKLYN,-15,-34,40.662323119,-73.95139012799999,10,5,0,0.8333333333333334,0.0,-0.8333333333333334,8,0,71,STREET,40.0,50.0,0.0,510.0,643.0,18.397895272798372,316.0,154.0
BROOKLYN,-15,-33,40.66488097923077,-73.95220034153846,13,4,1,0.6666666666666666,0.3333333333333333,-0.3333333333333333,11,1,71,STREET,61.53846153846154,84.61538461538461,0.0,241.0,383.0,25.63905732961526,167.0,388.0
BROOKLYN,-15,-32,40.666553118,-73.951441837,10,4,0,0.6666666666666666,0.0,-0.6666666666666666,8,1,71,STREET,40.0,100.0,0.0,511.0,565.0,19.397895272798372,306.0,227.0
BROOKLYN,-15,-31,40.668907486,-73.951845664,10,6,0,1.0,0.0,-1.0,6,1,71,STREET,40.0,80.0,0.0,512.0,699.0,15.39789527279837,415.0,111.0
BROOKLYN,-15,-29,40.673643755,-73.9520617875,8,6,2,1.0,0.6666666666666666,-0.33333333333333337,6,0,77,STREET,25.0,62.5,0.0,102.0,472.0,14.19722457733622,435.0,352.0
BROOKLYN,-15,-28,40.675966716249995,-73.95169915250001,8,4,0,0.6666666666666666,0.0,-0.6666666666666666,6,0,77,STREET,25.0,62.5,0.0,513.0,566.0,14.19722457733622,436.0,228.0
BROOKLYN,-15,-27,40.678022775454544,-73.95163911636365,11,6,0,1.0,0.0,-1.0,10,0,77,STREET,54.54545454545454,90.9090909090909,0.0,514.0,700.0,22.484906649788,232.0,112.0
BROOKLYN,-15,-26,40.67999552125,-73.95209778,8,1,0,0.16666666666666666,0.0,-0.16666666666666666,6,1,79,STREET,62.5,100.0,0.0,515.0,255.0,15.19722457733622,424.0,554.0
BROOKLYN,-15,-24,40.68543528833334,-73.95120807749998,12,11,0,1.8333333333333333,0.0,-1.8333333333333333,6,2,79,STREET,58.333333333333336,91.66666666666666,0.0,516.0,800.0,16.564949357461536,355.0,20.0
BROOKLYN,-15,-23,40.68697871933333,-73.95164066466667,15,11,0,1.8333333333333333,0.0,-1.8333333333333333,8,3,79,STREET,46.666666666666664,66.66666666666666,6.666666666666667,517.0,801.0,21.77258872223978,240.0,21.0
BROOKLYN,-15,-22,40.689112745,-73.95155080125,8,1,1,0.16666666666666666,0.3333333333333333,0.16666666666666666,6,0,79,STREET,37.5,87.5,0.0,242.0,92.0,14.19722457733622,437.0,713.0
BROOKLYN,-15,-20,40.6938820025,-73.952085095,4,3,1,0.5,0.3333333333333333,-0.16666666666666669,4,0,79,STREET,75.0,100.0,0.0,243.0,312.0,9.6094379124341,624.0,501.0
BROOKLYN,-15,-19,40.69602458,-73.95275972785714,14,7,0,1.1666666666666667,0.0,-1.1666666666666667,9,0,79,HOUSING,57.14285714285714,7.142857142857142,85.71428571428571,518.0,743.0,20.70805020110221,262.0,79.0
BROOKLYN,-15,-18,40.697821406923076,-73.95214760461538,26,7,2,1.1666666666666667,0.6666666666666666,-0.5000000000000001,14,4,79,HOUSING,46.15384615384615,0.0,100.0,103.0,555.0,35.29583686600433,48.0,273.0
BROOKLYN,-15,-17,40.69959647,-73.95173297,6,2,0,0.3333333333333333,0.0,-0.3333333333333333,4,0,79,HOUSING,33.33333333333333,0.0,100.0,519.0,384.0,9.945910149055313,576.0,389.0
BROOKLYN,-15,-13,40.709626748,-73.95260293,5,2,1,0.3333333333333333,0.3333333333333333,0.0,5,0,90,STREET,40.0,80.0,0.0,244.0,151.0,11.791759469228055,537.0,620.0
BROOKLYN,-15,-5,40.72700069,-73.95298311,3,0,1,0.0,0.3333333333333333,0.3333333333333333,3,0,94,STREET,33.33333333333333,100.0,0.0,245.0,66.0,7.386294361119891,748.0,758.0
BROOKLYN,-14,-47,40.63309323285714,-73.94813242571429,7,3,1,0.5,0.3333333333333333,-0.16666666666666669,6,0,70,STREET,28.57142857142857,85.71428571428571,0.0,246.0,313.0,14.079441541679836,450.0,502.0
BROOKLYN,-14,-46,40.635418052727275,-73.94882365000001,11,4,2,0.6666666666666666,0.6666666666666666,0.0,9,0,70,STREET,0.0,90.9090909090909,0.0,104.0,152.0,20.484906649788,272.0,621.0
BROOKLYN,-14,-45,40.63759981833333,-73.94880406833333,6,3,0,0.5,0.0,-0.5,4,0,70,STREET,83.33333333333334,66.66666666666666,0.0,520.0,496.0,9.945910149055313,577.0,288.0
BROOKLYN,-14,-44,40.64000946588235,-73.94878901294118,17,4,1,0.6666666666666666,0.3333333333333333,-0.3333333333333333,10,2,67,STREET,58.82352941176471,94.11764705882352,0.0,247.0,385.0,24.890371757896165,170.0,390.0
BROOKLYN,-14,-43,40.64193885,-73.9490488448,25,9,2,1.5,0.6666666666666666,-0.8333333333333334,15,2,67,STREET,68.0,84.0,0.0,105.0,644.0,35.25809653802148,49.0,155.0
BROOKLYN,-14,-42,40.64442388125,-73.94895070125,16,10,0,1.6666666666666667,0.0,-1.6666666666666667,12,0,67,STREET,50.0,81.25,0.0,521.0,793.0,26.833213344056215,143.0,31.0
BROOKLYN,-14,-41,40.64629179117647,-73.94914835705882,17,5,1,0.8333333333333334,0.3333333333333333,-0.5,12,1,67,STREET,35.294117647058826,76.47058823529412,0.0,248.0,497.0,27.890371757896165,124.0,289.0
BROOKLYN,-14,-40,40.6489028625,-73.9493560775,4,0,0,0.0,0.0,0.0,3,0,67,DWELLING,50.0,50.0,0.0,522.0,153.0,7.6094379124341005,695.0,622.0
BROOKLYN,-14,-39,40.650999895333335,-73.949290874,15,9,1,1.5,0.3333333333333333,-1.1666666666666667,9,2,67,STREET,53.333333333333336,80.0,0.0,249.0,744.0,22.77258872223978,213.0,80.0
BROOKLYN,-14,-38,40.652788189090906,-73.94912452000001,11,4,0,0.6666666666666666,0.0,-0.6666666666666666,9,0,67,STREET,63.63636363636363,90.9090909090909,0.0,523.0,567.0,20.484906649788,273.0,229.0
BROOKLYN,-14,-36,40.657622205,-73.95006277833333,6,2,0,0.3333333333333333,0.0,-0.3333333333333333,6,0,71,STREET,50.0,83.33333333333334,0.0,524.0,386.0,13.945910149055313,468.0,391.0
BROOKLYN,-14,-35,40.65980932,-73.94986590307693,13,6,2,1.0,0.6666666666666666,-0.33333333333333337,9,1,71,STREET,69.23076923076923,61.53846153846154,0.0,106.0,473.0,21.63905732961526,249.0,353.0
BROOKLYN,-14,-33,40.664106012000005,-73.94799506000001,15,3,5,0.5,1.6666666666666667,1.1666666666666667,9,1,71,STREET,66.66666666666666,93.33333333333333,0.0,13.0,8.0,21.77258872223978,241.0,820.0
BROOKLYN,-14,-31,40.669415488571424,-73.94935350428571,7,1,0,0.16666666666666666,0.0,-0.16666666666666666,7,0,71,STREET,71.42857142857143,71.42857142857143,0.0,525.0,256.0,16.079441541679834,405.0,555.0
BROOKLYN,-14,-30,40.671484735,-73.95012089333333,6,1,0,0.16666666666666666,0.0,-0.16666666666666666,6,0,77,STREET,33.33333333333333,100.0,0.0,526.0,257.0,13.945910149055313,469.0,556.0
BROOKLYN,-14,-29,40.673737853846156,-73.94949632153846,13,5,0,0.8333333333333334,0.0,-0.8333333333333334,10,0,77,STREET,61.53846153846154,92.3076923076923,0.0,527.0,645.0,22.63905732961526,225.0,156.0
BROOKLYN,-14,-28,40.675766303125,-73.949210956875,32,10,2,1.6666666666666667,0.6666666666666666,-1.0,16,4,77,STREET,46.875,87.5,0.0,107.0,701.0,39.49650756146648,26.0,113.0
BROOKLYN,-14,-27,40.67808619727273,-73.94941265318182,22,10,0,1.6666666666666667,0.0,-1.6666666666666667,12,3,77,STREET,50.0,81.81818181818183,0.0,528.0,794.0,30.13549421592915,92.0,32.0
BROOKLYN,-14,-26,40.680027897,-73.9491765005,20,9,4,1.5,1.3333333333333333,-0.16666666666666674,13,1,79,STREET,45.0,90.0,0.0,25.0,342.0,30.044522437723423,97.0,480.0
BROOKLYN,-14,-25,40.682428187142854,-73.94914943500001,14,4,1,0.6666666666666666,0.3333333333333333,-0.3333333333333333,10,0,79,STREET,50.0,78.57142857142857,0.0,250.0,387.0,22.70805020110221,220.0,392.0
BROOKLYN,-14,-24,40.68469626866666,-73.94932053533333,15,9,1,1.5,0.3333333333333333,-1.1666666666666667,10,1,79,STREET,73.33333333333333,86.66666666666667,0.0,251.0,745.0,23.77258872223978,199.0,81.0
BROOKLYN,-14,-23,40.687193294500005,-73.94909027525,40,15,2,2.5,0.6666666666666666,-1.8333333333333335,17,5,79,HOUSING,47.5,40.0,57.49999999999999,108.0,809.0,42.71357206670431,15.0,17.0
BROOKLYN,-14,-22,40.6892916348,-73.94947348960001,25,12,0,2.0,0.0,-2.0,12,4,79,HOUSING,52.0,24.0,72.0,529.0,812.0,31.258096538021483,77.0,13.0
BROOKLYN,-14,-21,40.691930078,-73.949865558,5,2,0,0.3333333333333333,0.0,-0.3333333333333333,5,0,79,STREET,40.0,60.0,0.0,530.0,388.0,11.791759469228055,538.0,393.0
BROOKLYN,-14,-20,40.693754049999995,-73.949202695,6,3,0,0.5,0.0,-0.5,5,0,79,STREET,66.66666666666666,50.0,0.0,531.0,498.0,11.945910149055313,507.0,290.0
BROOKLYN,-14,-19,40.69618376214286,-73.94905625857143,14,6,4,1.0,1.3333333333333333,0.33333333333333326,10,1,79,HOUSING,71.42857142857143,42.857142857142854,57.14285714285714,26.0,82.0,23.70805020110221,202.0,745.0
BROOKLYN,-14,-18,40.698381414705885,-73.94963685647058,17,1,4,0.16666666666666666,1.3333333333333333,1.1666666666666665,13,1,79,HOUSING,47.05882352941176,17.647058823529413,82.35294117647058,27.0,10.0,29.890371757896165,103.0,818.0
BROOKLYN,-14,-17,40.69976191666667,-73.94926844333332,3,2,0,0.3333333333333333,0.0,-0.3333333333333333,3,0,79,COMMERCIAL,33.33333333333333,33.33333333333333,33.33333333333333,532.0,389.0,7.386294361119891,749.0,394.0
BROOKLYN,-14,-14,40.706773746923076,-73.95008860769231,13,4,4,0.6666666666666666,1.3333333333333333,0.6666666666666666,8,1,90,STREET,46.15384615384615,69.23076923076923,23.076923076923077,28.0,27.0,19.63905732961526,295.0,800.0
BROOKLYN,-14,-13,40.709831124000004,-73.94912493000001,5,3,0,0.5,0.0,-0.5,5,0,90,DWELLING,40.0,40.0,0.0,533.0,499.0,11.791759469228055,539.0,291.0
BROOKLYN,-13,-50,40.62558673,-73.94665303,4,4,0,0.6666666666666666,0.0,-0.6666666666666666,4,0,63,DWELLING,100.0,50.0,0.0,534.0,568.0,9.6094379124341,625.0,230.0
BROOKLYN,-13,-49,40.628344505,-73.946545445,4,2,1,0.3333333333333333,0.3333333333333333,0.0,4,0,63,STREET,75.0,75.0,0.0,252.0,154.0,9.6094379124341,626.0,623.0
BROOKLYN,-13,-48,40.63115174,-73.94612875285713,7,2,2,0.3333333333333333,0.6666666666666666,0.3333333333333333,7,0,70,STREET,28.57142857142857,71.42857142857143,0.0,109.0,67.0,16.079441541679834,406.0,759.0
BROOKLYN,-13,-47,40.633509344000004,-73.946771356,5,2,1,0.3333333333333333,0.3333333333333333,0.0,5,0,70,STREET,60.0,100.0,0.0,253.0,155.0,11.791759469228055,540.0,624.0
BROOKLYN,-13,-46,40.63552953250001,-73.9462406575,4,2,0,0.3333333333333333,0.0,-0.3333333333333333,4,0,67,STREET,50.0,100.0,0.0,535.0,390.0,9.6094379124341,627.0,395.0
BROOKLYN,-13,-45,40.63748773357143,-73.94537471142858,14,8,1,1.3333333333333333,0.3333333333333333,-1.0,8,1,67,STREET,71.42857142857143,71.42857142857143,0.0,254.0,702.0,19.70805020110221,291.0,114.0
BROOKLYN,-13,-44,40.63947732300001,-73.94615260650001,20,6,3,1.0,1.0,0.0,15,0,67,STREET,45.0,55.00000000000001,0.0,51.0,156.0,33.04452243772342,62.0,625.0
BROOKLYN,-13,-43,40.64160476200001,-73.945479234,5,2,0,0.3333333333333333,0.0,-0.3333333333333333,5,0,67,STREET,60.0,100.0,0.0,536.0,391.0,11.791759469228055,541.0,396.0
BROOKLYN,-13,-42,40.644411010000006,-73.94581759333333,6,4,0,0.6666666666666666,0.0,-0.6666666666666666,6,0,67,STREET,66.66666666666666,83.33333333333334,0.0,537.0,569.0,13.945910149055313,470.0,231.0
BROOKLYN,-13,-41,40.64614969666667,-73.94649604666667,3,2,1,0.3333333333333333,0.3333333333333333,0.0,3,0,67,STREET,33.33333333333333,66.66666666666666,0.0,255.0,157.0,7.386294361119891,750.0,626.0
BROOKLYN,-13,-40,40.648296756,-73.94591197,5,0,0,0.0,0.0,0.0,3,1,67,DWELLING,20.0,40.0,0.0,538.0,158.0,8.791759469228055,678.0,627.0
BROOKLYN,-13,-39,40.65109535363636,-73.94572971000001,11,7,0,1.1666666666666667,0.0,-1.1666666666666667,8,1,67,STREET,72.72727272727273,72.72727272727273,0.0,539.0,746.0,19.484906649788,300.0,82.0
BROOKLYN,-13,-38,40.6529191175,-73.94622528000001,8,4,0,0.6666666666666666,0.0,-0.6666666666666666,7,0,67,STREET,62.5,87.5,0.0,540.0,570.0,16.19722457733622,381.0,232.0
BROOKLYN,-13,-37,40.65571834,-73.94525939,8,2,2,0.3333333333333333,0.6666666666666666,0.3333333333333333,7,0,71,OTHER,50.0,50.0,0.0,110.0,68.0,16.19722457733622,382.0,760.0
BROOKLYN,-13,-36,40.65835906,-73.94576181000001,4,2,0,0.3333333333333333,0.0,-0.3333333333333333,4,0,71,STREET,25.0,50.0,0.0,541.0,392.0,9.6094379124341,628.0,397.0
BROOKLYN,-13,-34,40.662546415,-73.946165705,4,2,1,0.3333333333333333,0.3333333333333333,0.0,4,0,71,STREET,75.0,100.0,0.0,256.0,159.0,9.6094379124341,629.0,628.0
BROOKLYN,-13,-33,40.66397384,-73.94549171666667,3,1,0,0.16666666666666666,0.0,-0.16666666666666666,3,0,71,STREET,33.33333333333333,66.66666666666666,0.0,542.0,258.0,7.386294361119891,751.0,557.0
BROOKLYN,-13,-31,40.6695029825,-73.94601500249999,4,2,0,0.3333333333333333,0.0,-0.3333333333333333,4,0,71,STREET,50.0,100.0,0.0,543.0,393.0,9.6094379124341,630.0,398.0
BROOKLYN,-13,-30,40.671551466000004,-73.94672585400001,5,4,0,0.6666666666666666,0.0,-0.6666666666666666,5,0,77,STREET,20.0,80.0,0.0,544.0,571.0,11.791759469228055,542.0,233.0
BROOKLYN,-13,-29,40.673907272499996,-73.94664502250001,4,1,1,0.16666666666666666,0.3333333333333333,0.16666666666666666,4,0,77,DWELLING,75.0,50.0,0.0,257.0,93.0,9.6094379124341,631.0,714.0
BROOKLYN,-13,-28,40.675008327142855,-73.94624371571429,7,2,0,0.3333333333333333,0.0,-0.3333333333333333,7,0,77,STREET,42.857142857142854,85.71428571428571,0.0,545.0,394.0,16.079441541679834,407.0,399.0
BROOKLYN,-13,-27,40.67789124666667,-73.94649942333334,3,1,1,0.16666666666666666,0.3333333333333333,0.16666666666666666,3,0,77,STREET,100.0,100.0,0.0,258.0,94.0,7.386294361119891,752.0,715.0
BROOKLYN,-13,-26,40.679786843636364,-73.94534157272727,11,4,0,0.6666666666666666,0.0,-0.6666666666666666,8,0,79,STREET,90.9090909090909,81.81818181818183,0.0,546.0,572.0,18.484906649788,313.0,234.0
BROOKLYN,-13,-25,40.68168023,-73.946120515,4,4,0,0.6666666666666666,0.0,-0.6666666666666666,3,0,79,STREET,50.0,100.0,0.0,547.0,573.0,7.6094379124341005,696.0,235.0
BROOKLYN,-13,-24,40.6851062,-73.94619798000001,3,2,0,0.3333333333333333,0.0,-0.3333333333333333,3,0,79,STREET,100.0,66.66666666666666,0.0,548.0,395.0,7.386294361119891,753.0,400.0
BROOKLYN,-13,-23,40.68671344454546,-73.94649627999999,22,13,0,2.1666666666666665,0.0,-2.1666666666666665,10,4,79,HOUSING,59.09090909090909,36.36363636363637,54.54545454545454,549.0,816.0,27.13549421592915,130.0,12.0
BROOKLYN,-13,-22,40.688736336969704,-73.94559537818182,33,9,7,1.5,2.3333333333333335,0.8333333333333335,17,4,79,STREET,54.54545454545454,45.45454545454545,42.42424242424242,8.0,15.0,41.52636052461616,20.0,813.0
BROOKLYN,-13,-21,40.691103059999996,-73.94618231666666,12,8,0,1.3333333333333333,0.0,-1.3333333333333333,9,0,79,STREET,50.0,66.66666666666666,0.0,550.0,763.0,20.564949357461536,267.0,53.0
BROOKLYN,-13,-20,40.69383734083333,-73.94575999166668,12,8,0,1.3333333333333333,0.0,-1.3333333333333333,9,1,79,STREET,75.0,58.333333333333336,0.0,551.0,764.0,21.564949357461536,253.0,54.0
BROOKLYN,-13,-19,40.69620567326087,-73.94585708978262,46,25,2,4.166666666666667,0.6666666666666666,-3.5000000000000004,15,8,79,HOUSING,41.30434782608695,23.91304347826087,73.91304347826086,111.0,826.0,41.850147601710056,17.0,2.0
BROOKLYN,-13,-18,40.6978990675,-73.946088249375,16,6,2,1.0,0.6666666666666666,-0.33333333333333337,12,1,79,HOUSING,68.75,12.5,81.25,112.0,474.0,27.833213344056215,127.0,354.0
BROOKLYN,-13,-17,40.700887345000005,-73.94590574,4,3,0,0.5,0.0,-0.5,3,0,90,PLAYGROUND,50.0,50.0,0.0,552.0,500.0,7.6094379124341005,697.0,292.0
BROOKLYN,-13,-13,40.709088085,-73.94604426000001,4,0,1,0.0,0.3333333333333333,0.3333333333333333,4,0,90,HOUSING,50.0,25.0,75.0,259.0,69.0,9.6094379124341,632.0,761.0
BROOKLYN,-12,-50,40.626485763333335,-73.94216121666666,3,1,1,0.16666666666666666,0.3333333333333333,0.16666666666666666,3,0,63,STREET,66.66666666666666,66.66666666666666,0.0,260.0,95.0,7.386294361119891,754.0,716.0
BROOKLYN,-12,-49,40.62934743666667,-73.94354814833333,6,3,0,0.5,0.0,-0.5,6,0,63,STREET,33.33333333333333,83.33333333333334,0.0,553.0,501.0,13.945910149055313,471.0,293.0
BROOKLYN,-12,-48,40.630783646666664,-73.94307979000001,3,3,0,0.5,0.0,-0.5,2,0,63,DWELLING,100.0,33.33333333333333,0.0,554.0,502.0,5.386294361119891,816.0,294.0
BROOKLYN,-12,-45,40.63746400363636,-73.94265131909091,11,1,3,0.16666666666666666,1.0,0.8333333333333334,9,0,67,STREET,54.54545454545454,63.63636363636363,0.0,52.0,16.0,20.484906649788,274.0,809.0
BROOKLYN,-12,-44,40.639304285,-73.94403967125001,8,2,0,0.3333333333333333,0.0,-0.3333333333333333,7,0,67,STREET,87.5,100.0,0.0,555.0,396.0,16.19722457733622,383.0,401.0
BROOKLYN,-12,-43,40.64194635285714,-73.94316532,7,3,0,0.5,0.0,-0.5,5,0,67,STREET,57.14285714285714,85.71428571428571,0.0,556.0,503.0,12.079441541679836,496.0,295.0
BROOKLYN,-12,-42,40.6438401275,-73.943508865,4,2,0,0.3333333333333333,0.0,-0.3333333333333333,4,0,67,STREET,75.0,50.0,0.0,557.0,397.0,9.6094379124341,633.0,402.0
BROOKLYN,-12,-40,40.64817239333333,-73.94413884,3,1,0,0.16666666666666666,0.0,-0.16666666666666666,3,0,67,STREET,0.0,100.0,0.0,558.0,259.0,7.386294361119891,755.0,558.0
BROOKLYN,-12,-39,40.6509614905,-73.9429902005,20,5,4,0.8333333333333334,1.3333333333333333,0.4999999999999999,11,2,67,STREET,50.0,80.0,0.0,29.0,46.0,27.044522437723423,135.0,782.0
BROOKLYN,-12,-37,40.65537354999999,-73.943186445,4,1,0,0.16666666666666666,0.0,-0.16666666666666666,4,0,67,STREET,25.0,75.0,0.0,559.0,260.0,9.6094379124341,634.0,559.0
BROOKLYN,-12,-36,40.65875818,-73.94243479000001,3,2,0,0.3333333333333333,0.0,-0.3333333333333333,3,0,71,STREET,100.0,66.66666666666666,0.0,560.0,398.0,7.386294361119891,756.0,403.0
BROOKLYN,-12,-35,40.66041697,-73.94294877499999,4,4,0,0.6666666666666666,0.0,-0.6666666666666666,3,0,71,STREET,75.0,100.0,0.0,561.0,574.0,7.6094379124341005,698.0,236.0
BROOKLYN,-12,-30,40.671103743749995,-73.94221369875,8,2,3,0.3333333333333333,1.0,0.6666666666666667,6,0,77,STREET,62.5,87.5,0.0,53.0,21.0,14.19722457733622,438.0,804.0
BROOKLYN,-12,-29,40.67315880818182,-73.94298343454545,11,6,1,1.0,0.3333333333333333,-0.6666666666666667,9,0,77,STREET,81.81818181818183,63.63636363636363,0.0,261.0,615.0,20.484906649788,275.0,198.0
BROOKLYN,-12,-28,40.67610279428572,-73.94315784857143,7,7,0,1.1666666666666667,0.0,-1.1666666666666667,5,1,77,STREET,71.42857142857143,85.71428571428571,0.0,562.0,747.0,13.079441541679836,491.0,83.0
BROOKLYN,-12,-26,40.680194988,-73.942991942,15,5,0,0.8333333333333334,0.0,-0.8333333333333334,9,1,79,STREET,60.0,93.33333333333333,0.0,563.0,646.0,21.77258872223978,242.0,157.0
BROOKLYN,-12,-25,40.682568079333336,-73.94327547,15,8,2,1.3333333333333333,0.6666666666666666,-0.6666666666666666,11,1,79,STREET,40.0,66.66666666666666,0.0,113.0,575.0,25.77258872223978,161.0,237.0
BROOKLYN,-12,-24,40.685255412222226,-73.94381091000001,9,5,0,0.8333333333333334,0.0,-0.8333333333333334,7,0,79,STREET,66.66666666666666,88.88888888888889,0.0,564.0,647.0,16.302585092994047,367.0,158.0
BROOKLYN,-12,-23,40.687241443529416,-73.9428991,17,7,1,1.1666666666666667,0.3333333333333333,-0.8333333333333335,11,2,79,STREET,52.94117647058824,58.82352941176471,0.0,262.0,684.0,26.890371757896165,141.0,142.0
BROOKLYN,-12,-22,40.689595537,-73.943127544,10,5,0,0.8333333333333334,0.0,-0.8333333333333334,9,0,79,STREET,70.0,100.0,0.0,565.0,648.0,20.397895272798372,284.0,159.0
BROOKLYN,-12,-21,40.69112009444444,-73.94385244444445,9,4,0,0.6666666666666666,0.0,-0.6666666666666666,7,0,79,STREET,66.66666666666666,77.77777777777779,0.0,566.0,576.0,16.302585092994047,368.0,238.0
BROOKLYN,-12,-20,40.694178854347825,-73.94304468173912,23,13,1,2.1666666666666665,0.3333333333333333,-1.8333333333333333,12,2,79,STREET,60.86956521739131,73.91304347826086,17.391304347826086,263.0,802.0,29.178053830347945,105.0,22.0
BROOKLYN,-12,-19,40.696018296842105,-73.94231094263158,19,4,3,0.6666666666666666,1.0,0.33333333333333337,11,1,79,HOUSING,57.89473684210527,31.57894736842105,68.42105263157895,54.0,48.0,25.99573227355399,153.0,775.0
BROOKLYN,-12,-18,40.69748413714286,-73.94346830214286,28,12,4,2.0,1.3333333333333333,-0.6666666666666667,17,1,79,HOUSING,46.42857142857143,0.0,96.42857142857143,30.0,616.0,38.367295829986475,31.0,199.0
BROOKLYN,-12,-17,40.700958982,-73.943341816,5,2,0,0.3333333333333333,0.0,-0.3333333333333333,4,0,90,STREET,40.0,40.0,0.0,567.0,399.0,9.791759469228055,588.0,404.0
BROOKLYN,-12,-16,40.703323827,-73.94352373800001,20,11,0,1.8333333333333333,0.0,-1.8333333333333333,9,3,90,HOUSING,65.0,25.0,70.0,568.0,803.0,24.044522437723423,193.0,23.0
BROOKLYN,-12,-15,40.704599935384614,-73.94376491461539,13,5,1,0.8333333333333334,0.3333333333333333,-0.5,11,0,90,HOUSING,76.92307692307693,46.15384615384615,46.15384615384615,264.0,504.0,24.63905732961526,185.0,296.0
BROOKLYN,-12,-13,40.70970621625,-73.9432862275,16,6,3,1.0,1.0,0.0,9,2,90,HOUSING,50.0,12.5,75.0,55.0,160.0,22.833213344056215,211.0,629.0
BROOKLYN,-12,-12,40.710907334,-73.943790728,5,2,0,0.3333333333333333,0.0,-0.3333333333333333,4,0,90,HOUSING,60.0,0.0,100.0,569.0,400.0,9.791759469228055,589.0,405.0
BROOKLYN,-11,-64,40.594504531,-73.940258793,10,4,3,0.6666666666666666,1.0,0.33333333333333337,9,0,61,HOUSING,50.0,20.0,80.0,56.0,49.0,20.397895272798372,285.0,776.0
BROOKLYN,-11,-63,40.59651484250001,-73.94029342916667,24,6,4,1.0,1.3333333333333333,0.33333333333333326,15,3,61,HOUSING,70.83333333333334,16.666666666666664,83.33333333333334,31.0,83.0,36.2188758248682,42.0,746.0
BROOKLYN,-11,-62,40.598587617499994,-73.94115790000001,4,1,0,0.16666666666666666,0.0,-0.16666666666666666,3,0,61,HOUSING,25.0,25.0,75.0,570.0,261.0,7.6094379124341005,699.0,560.0
BROOKLYN,-11,-50,40.62603650666667,-73.94032915,3,0,0,0.0,0.0,0.0,3,0,63,STREET,33.33333333333333,100.0,0.0,571.0,161.0,7.386294361119891,757.0,630.0
BROOKLYN,-11,-49,40.62852808,-73.940046404,5,1,0,0.16666666666666666,0.0,-0.16666666666666666,4,0,63,STREET,80.0,60.0,0.0,572.0,262.0,9.791759469228055,590.0,561.0
BROOKLYN,-11,-46,40.634989735000005,-73.941112295,4,1,0,0.16666666666666666,0.0,-0.16666666666666666,4,0,67,STREET,50.0,75.0,0.0,573.0,263.0,9.6094379124341,635.0,562.0
BROOKLYN,-11,-43,40.64186193333334,-73.94011441333333,3,1,1,0.16666666666666666,0.3333333333333333,0.16666666666666666,3,0,67,STREET,33.33333333333333,66.66666666666666,0.0,265.0,96.0,7.386294361119891,758.0,717.0
BROOKLYN,-11,-39,40.65085693818182,-73.9404506709091,11,2,1,0.3333333333333333,0.3333333333333333,0.0,8,1,67,STREET,63.63636363636363,100.0,0.0,266.0,162.0,19.484906649788,301.0,631.0
BROOKLYN,-11,-38,40.65263989142858,-73.94056603714286,7,4,1,0.6666666666666666,0.3333333333333333,-0.3333333333333333,5,1,67,STREET,57.14285714285714,100.0,0.0,267.0,401.0,13.079441541679836,492.0,406.0
BROOKLYN,-11,-37,40.655177880000004,-73.94026705,3,2,0,0.3333333333333333,0.0,-0.3333333333333333,2,0,67,STREET,66.66666666666666,66.66666666666666,0.0,574.0,402.0,5.386294361119891,817.0,407.0
BROOKLYN,-11,-35,40.660212622222225,-73.94006590888888,9,5,1,0.8333333333333334,0.3333333333333333,-0.5,8,0,71,STREET,66.66666666666666,88.88888888888889,0.0,268.0,505.0,18.302585092994047,326.0,297.0
BROOKLYN,-11,-34,40.662016539090914,-73.94057833363635,11,2,0,0.3333333333333333,0.0,-0.3333333333333333,8,1,71,STREET,54.54545454545454,81.81818181818183,0.0,575.0,403.0,19.484906649788,302.0,408.0
BROOKLYN,-11,-30,40.671258375,-73.93999700125,8,5,1,0.8333333333333334,0.3333333333333333,-0.5,5,1,77,STREET,75.0,100.0,0.0,269.0,506.0,13.19722457733622,488.0,298.0
BROOKLYN,-11,-29,40.67350698333333,-73.93924333166667,12,2,1,0.3333333333333333,0.3333333333333333,0.0,11,0,77,STREET,25.0,58.333333333333336,33.33333333333333,270.0,163.0,24.564949357461536,190.0,632.0
BROOKLYN,-11,-28,40.67539825740741,-73.94006895,27,13,1,2.1666666666666665,0.3333333333333333,-1.8333333333333333,14,2,77,STREET,62.96296296296296,77.77777777777779,0.0,271.0,804.0,33.3322045101752,57.0,24.0
BROOKLYN,-11,-27,40.67827010600001,-73.941049384,5,3,0,0.5,0.0,-0.5,5,0,79,STREET,80.0,80.0,0.0,576.0,507.0,11.791759469228055,543.0,299.0
BROOKLYN,-11,-26,40.67976702666667,-73.94054090533334,15,5,2,0.8333333333333334,0.6666666666666666,-0.16666666666666674,13,0,79,STREET,46.666666666666664,66.66666666666666,0.0,114.0,343.0,28.77258872223978,112.0,481.0
BROOKLYN,-11,-25,40.682434851428575,-73.93979778428572,7,2,1,0.3333333333333333,0.3333333333333333,0.0,6,0,79,STREET,100.0,85.71428571428571,0.0,272.0,164.0,14.079441541679836,451.0,633.0
BROOKLYN,-11,-24,40.684831671,-73.940874483,10,5,0,0.8333333333333334,0.0,-0.8333333333333334,8,0,79,STREET,60.0,100.0,0.0,577.0,649.0,18.397895272798372,317.0,160.0
BROOKLYN,-11,-23,40.68673797742857,-73.93970107885714,35,14,3,2.3333333333333335,1.0,-1.3333333333333335,16,4,79,STREET,57.14285714285714,85.71428571428571,0.0,57.0,778.0,39.58351893845611,25.0,48.0
BROOKLYN,-11,-22,40.68931361294118,-73.94041054647059,17,5,0,0.8333333333333334,0.0,-0.8333333333333334,11,0,79,STREET,58.82352941176471,88.23529411764706,0.0,578.0,650.0,24.890371757896165,171.0,161.0
BROOKLYN,-11,-21,40.691566662,-73.940619338,5,2,0,0.3333333333333333,0.0,-0.3333333333333333,5,0,79,STREET,0.0,60.0,20.0,579.0,404.0,11.791759469228055,544.0,409.0
BROOKLYN,-11,-20,40.69345642777778,-73.94036678444445,18,5,2,0.8333333333333334,0.6666666666666666,-0.16666666666666674,14,1,81,HOUSING,50.0,38.88888888888889,55.55555555555556,115.0,344.0,31.944438979166442,76.0,482.0
BROOKLYN,-11,-19,40.69565059666667,-73.93940236194445,36,18,2,3.0,0.6666666666666666,-2.3333333333333335,18,4,79,STREET,52.77777777777778,55.55555555555556,33.33333333333333,116.0,820.0,43.610917912644226,12.0,9.0
BROOKLYN,-11,-18,40.69818394136364,-73.94035725227272,22,8,2,1.3333333333333333,0.6666666666666666,-0.6666666666666666,12,4,79,HOUSING,31.818181818181817,4.545454545454546,95.45454545454545,117.0,577.0,31.13549421592915,79.0,239.0
BROOKLYN,-11,-17,40.70066261666666,-73.94057161416666,12,1,3,0.16666666666666666,1.0,0.8333333333333334,9,1,90,STREET,33.33333333333333,41.66666666666667,25.0,58.0,17.0,21.564949357461536,254.0,810.0
BROOKLYN,-11,-16,40.70267236857142,-73.94118917571429,7,5,0,0.8333333333333334,0.0,-0.8333333333333334,6,0,90,HOUSING,57.14285714285714,28.57142857142857,57.14285714285714,580.0,651.0,14.079441541679836,452.0,162.0
BROOKLYN,-11,-15,40.704596452195126,-73.94010125878049,41,14,2,2.3333333333333335,0.6666666666666666,-1.666666666666667,19,5,90,HOUSING,48.78048780487805,7.317073170731707,90.2439024390244,118.0,799.0,46.73766961828337,6.0,29.0
BROOKLYN,-11,-13,40.709511478,-73.940758087,10,2,3,0.3333333333333333,1.0,0.6666666666666667,7,1,90,HOUSING,20.0,40.0,60.0,59.0,22.0,17.397895272798372,345.0,805.0
BROOKLYN,-11,-12,40.71154861666667,-73.94107742333334,3,2,0,0.3333333333333333,0.0,-0.3333333333333333,3,0,90,COMMERCIAL,33.33333333333333,33.33333333333333,33.33333333333333,581.0,405.0,7.386294361119891,759.0,410.0
BROOKLYN,-11,-9,40.717763449523815,-73.9398797695238,21,6,2,1.0,0.6666666666666666,-0.33333333333333337,11,2,94,HOUSING,52.38095238095239,33.33333333333333,66.66666666666666,119.0,475.0,27.091042453358316,132.0,355.0
BROOKLYN,-10,-64,40.59465855444444,-73.93734936111112,9,6,1,1.0,0.3333333333333333,-0.6666666666666667,7,0,61,HOUSING,55.55555555555556,0.0,100.0,273.0,617.0,16.302585092994047,369.0,200.0
BROOKLYN,-10,-63,40.59691003499999,-73.93759811000001,14,5,2,0.8333333333333334,0.6666666666666666,-0.16666666666666674,10,1,61,HOUSING,71.42857142857143,0.0,100.0,120.0,345.0,23.70805020110221,203.0,483.0
BROOKLYN,-10,-62,40.598924139999994,-73.93726081428572,7,2,0,0.3333333333333333,0.0,-0.3333333333333333,7,0,61,HOUSING,57.14285714285714,14.285714285714285,85.71428571428571,582.0,406.0,16.079441541679834,408.0,411.0
BROOKLYN,-10,-52,40.622234139999996,-73.93704249666666,3,2,0,0.3333333333333333,0.0,-0.3333333333333333,3,0,63,COMMERCIAL,66.66666666666666,33.33333333333333,0.0,583.0,407.0,7.386294361119891,760.0,412.0
BROOKLYN,-10,-51,40.623929714,-73.937436676,5,0,0,0.0,0.0,0.0,3,0,63,STREET,20.0,80.0,0.0,584.0,165.0,7.7917594692280545,685.0,634.0
BROOKLYN,-10,-50,40.6258608475,-73.9377457575,4,3,0,0.5,0.0,-0.5,3,0,63,DWELLING,0.0,25.0,0.0,585.0,508.0,7.6094379124341005,700.0,300.0
BROOKLYN,-10,-49,40.628179949999996,-73.9373022775,4,3,0,0.5,0.0,-0.5,4,0,63,STREET,50.0,100.0,0.0,586.0,509.0,9.6094379124341,636.0,301.0
BROOKLYN,-10,-48,40.6309157325,-73.9358955475,4,1,0,0.16666666666666666,0.0,-0.16666666666666666,3,0,63,STREET,25.0,100.0,0.0,587.0,264.0,7.6094379124341005,701.0,563.0
BROOKLYN,-10,-45,40.63773674666666,-73.93711795666667,3,2,0,0.3333333333333333,0.0,-0.3333333333333333,3,0,67,COMMERCIAL,33.33333333333333,33.33333333333333,0.0,588.0,408.0,7.386294361119891,761.0,413.0
BROOKLYN,-10,-44,40.6402039675,-73.93689732499999,4,1,0,0.16666666666666666,0.0,-0.16666666666666666,3,0,67,STREET,50.0,75.0,0.0,589.0,265.0,7.6094379124341005,702.0,564.0
BROOKLYN,-10,-43,40.642564295,-73.9365572725,4,0,0,0.0,0.0,0.0,2,0,67,STREET,100.0,100.0,0.0,590.0,166.0,5.6094379124341005,809.0,635.0
BROOKLYN,-10,-42,40.644238705,-73.93672325250002,4,2,0,0.3333333333333333,0.0,-0.3333333333333333,4,0,67,STREET,50.0,75.0,0.0,591.0,409.0,9.6094379124341,637.0,414.0
BROOKLYN,-10,-39,40.65115111,-73.93772498999999,7,0,0,0.0,0.0,0.0,5,1,67,STREET,57.14285714285714,100.0,0.0,592.0,167.0,13.079441541679836,493.0,636.0
BROOKLYN,-10,-38,40.65324993363636,-73.9372466109091,11,6,1,1.0,0.3333333333333333,-0.6666666666666667,9,1,67,STREET,36.36363636363637,81.81818181818183,0.0,274.0,618.0,21.484906649788,260.0,201.0
BROOKLYN,-10,-37,40.655365653333334,-73.93723827999999,3,1,0,0.16666666666666666,0.0,-0.16666666666666666,2,0,67,STREET,66.66666666666666,66.66666666666666,0.0,593.0,266.0,5.386294361119891,818.0,565.0
BROOKLYN,-10,-35,40.65997114571429,-73.93821723857143,7,2,0,0.3333333333333333,0.0,-0.3333333333333333,4,0,71,STREET,57.14285714285714,85.71428571428571,0.0,594.0,410.0,10.079441541679836,574.0,415.0
BROOKLYN,-10,-34,40.662506234285715,-73.93765929285713,7,2,0,0.3333333333333333,0.0,-0.3333333333333333,7,0,71,STREET,71.42857142857143,85.71428571428571,0.0,595.0,411.0,16.079441541679834,409.0,416.0
BROOKLYN,-10,-31,40.6690186075,-73.9373639275,8,6,0,1.0,0.0,-1.0,6,0,71,STREET,50.0,62.5,0.0,596.0,703.0,14.19722457733622,439.0,115.0
BROOKLYN,-10,-30,40.67110051307692,-73.93701014384617,13,6,0,1.0,0.0,-1.0,6,2,77,STREET,46.15384615384615,92.3076923076923,0.0,597.0,704.0,16.63905732961526,354.0,116.0
BROOKLYN,-10,-29,40.673669145238094,-73.93722810095238,21,5,3,0.8333333333333334,1.0,0.16666666666666663,14,0,77,HOUSING,47.61904761904761,28.57142857142857,66.66666666666666,60.0,125.0,31.091042453358316,82.0,696.0
BROOKLYN,-10,-28,40.675694857142865,-73.93710413285714,21,6,3,1.0,1.0,0.0,13,2,77,HOUSING,61.904761904761905,4.761904761904762,85.71428571428571,61.0,168.0,31.091042453358316,83.0,637.0
BROOKLYN,-10,-27,40.67780074666666,-73.93723664333334,15,5,2,0.8333333333333334,0.6666666666666666,-0.16666666666666674,10,2,81,STREET,60.0,93.33333333333333,0.0,121.0,346.0,24.77258872223978,178.0,484.0
BROOKLYN,-10,-26,40.680101254482764,-73.93747501413793,29,9,1,1.5,0.3333333333333333,-1.1666666666666667,15,3,79,STREET,65.51724137931035,79.3103448275862,0.0,275.0,748.0,36.40119738166216,40.0,84.0
BROOKLYN,-10,-25,40.682867785714286,-73.93695366142856,7,2,1,0.3333333333333333,0.3333333333333333,0.0,7,0,81,STREET,42.857142857142854,71.42857142857143,0.0,276.0,169.0,16.079441541679834,410.0,638.0
BROOKLYN,-10,-24,40.68484349090909,-73.93800684363636,11,4,0,0.6666666666666666,0.0,-0.6666666666666666,10,0,81,STREET,45.45454545454545,90.9090909090909,0.0,598.0,578.0,22.484906649788,233.0,240.0
BROOKLYN,-10,-23,40.6873298152,-73.9374707976,25,9,2,1.5,0.6666666666666666,-0.8333333333333334,15,3,81,STREET,52.0,80.0,4.0,122.0,652.0,36.25809653802148,41.0,163.0
BROOKLYN,-10,-22,40.68931182071429,-73.937488195,14,3,1,0.5,0.3333333333333333,-0.16666666666666669,9,1,81,STREET,64.28571428571429,78.57142857142857,0.0,277.0,314.0,21.70805020110221,246.0,503.0
BROOKLYN,-10,-21,40.691433595,-73.93760700583334,12,8,0,1.3333333333333333,0.0,-1.3333333333333333,8,2,81,STREET,50.0,91.66666666666666,0.0,599.0,765.0,20.564949357461536,268.0,55.0
BROOKLYN,-10,-20,40.693186019487186,-73.93792769179487,39,20,0,3.3333333333333335,0.0,-3.3333333333333335,15,6,81,HOUSING,43.58974358974359,17.94871794871795,79.48717948717949,600.0,825.0,39.68887945411394,24.0,3.0
BROOKLYN,-10,-19,40.696531004545456,-73.93714391,11,2,0,0.3333333333333333,0.0,-0.3333333333333333,6,1,81,STREET,54.54545454545454,90.9090909090909,9.090909090909092,601.0,412.0,15.484906649788,414.0,417.0
BROOKLYN,-10,-18,40.69813824818181,-73.93724501636363,11,3,3,0.5,1.0,0.5,8,1,83,STREET,81.81818181818183,72.72727272727273,18.181818181818183,62.0,34.0,19.484906649788,303.0,786.0
BROOKLYN,-10,-17,40.700436935,-73.93726589,4,2,1,0.3333333333333333,0.3333333333333333,0.0,4,0,83,STREET,25.0,100.0,0.0,278.0,170.0,9.6094379124341,638.0,639.0
BROOKLYN,-10,-16,40.70274508176471,-73.93770165058824,17,6,1,1.0,0.3333333333333333,-0.6666666666666667,10,1,90,HOUSING,58.82352941176471,11.76470588235294,82.35294117647058,279.0,619.0,23.890371757896165,195.0,202.0
BROOKLYN,-10,-10,40.71701374,-73.93815303000001,5,2,0,0.3333333333333333,0.0,-0.3333333333333333,5,0,94,HOUSING,40.0,0.0,100.0,602.0,413.0,11.791759469228055,545.0,418.0
BROOKLYN,-10,-9,40.718630565,-73.93760981166668,6,4,1,0.6666666666666666,0.3333333333333333,-0.3333333333333333,5,0,94,HOUSING,50.0,0.0,100.0,280.0,414.0,11.945910149055313,508.0,419.0
BROOKLYN,-9,-64,40.595124616666666,-73.93524965666666,3,1,0,0.16666666666666666,0.0,-0.16666666666666666,3,0,61,HOUSING,66.66666666666666,0.0,100.0,603.0,267.0,7.386294361119891,762.0,566.0
BROOKLYN,-9,-51,40.62417254666667,-73.93481321,3,1,1,0.16666666666666666,0.3333333333333333,0.16666666666666666,3,0,63,STREET,33.33333333333333,100.0,0.0,281.0,97.0,7.386294361119891,763.0,718.0
BROOKLYN,-9,-47,40.63250708666667,-73.93398723333334,3,1,0,0.16666666666666666,0.0,-0.16666666666666666,3,0,63,STREET,66.66666666666666,66.66666666666666,0.0,604.0,268.0,7.386294361119891,764.0,567.0
BROOKLYN,-9,-46,40.63565865666667,-73.93335599666668,6,2,1,0.3333333333333333,0.3333333333333333,0.0,5,0,67,STREET,33.33333333333333,66.66666666666666,0.0,282.0,171.0,11.945910149055313,509.0,640.0
BROOKLYN,-9,-45,40.637997867500005,-73.934492545,4,2,0,0.3333333333333333,0.0,-0.3333333333333333,3,0,67,STREET,50.0,100.0,0.0,605.0,415.0,7.6094379124341005,703.0,420.0
BROOKLYN,-9,-44,40.640195728,-73.934203748,5,2,0,0.3333333333333333,0.0,-0.3333333333333333,5,0,67,STREET,20.0,100.0,0.0,606.0,416.0,11.791759469228055,546.0,421.0
BROOKLYN,-9,-43,40.642070478,-73.934304954,5,1,0,0.16666666666666666,0.0,-0.16666666666666666,4,0,67,STREET,20.0,100.0,0.0,607.0,269.0,9.791759469228055,591.0,568.0
BROOKLYN,-9,-42,40.644612028,-73.934089128,5,2,0,0.3333333333333333,0.0,-0.3333333333333333,3,1,67,STREET,60.0,100.0,0.0,608.0,417.0,8.791759469228055,679.0,422.0
BROOKLYN,-9,-40,40.6493487975,-73.93425887000001,4,1,2,0.16666666666666666,0.6666666666666666,0.5,4,0,67,STREET,0.0,75.0,0.0,123.0,35.0,9.6094379124341,639.0,787.0
BROOKLYN,-9,-39,40.65135423,-73.9342947325,16,7,0,1.1666666666666667,0.0,-1.1666666666666667,10,2,67,STREET,56.25,87.5,0.0,609.0,749.0,24.833213344056215,175.0,85.0
BROOKLYN,-9,-38,40.653146166249996,-73.93478715375001,8,5,0,0.8333333333333334,0.0,-0.8333333333333334,7,0,67,STREET,62.5,87.5,0.0,610.0,653.0,16.19722457733622,384.0,164.0
BROOKLYN,-9,-34,40.66297542,-73.93451217,3,1,0,0.16666666666666666,0.0,-0.16666666666666666,3,0,71,STREET,66.66666666666666,100.0,0.0,611.0,270.0,7.386294361119891,765.0,569.0
BROOKLYN,-9,-33,40.664639852142855,-73.93335708142857,14,3,1,0.5,0.3333333333333333,-0.16666666666666669,11,0,71,STREET,71.42857142857143,71.42857142857143,0.0,283.0,315.0,24.70805020110221,181.0,504.0
BROOKLYN,-9,-32,40.667296507142865,-73.93524225142856,7,4,2,0.6666666666666666,0.6666666666666666,0.0,6,0,71,STREET,57.14285714285714,71.42857142857143,0.0,124.0,172.0,14.079441541679836,453.0,641.0
BROOKLYN,-9,-31,40.668893845,-73.93511421000001,8,4,1,0.6666666666666666,0.3333333333333333,-0.3333333333333333,5,1,71,STREET,62.5,100.0,0.0,284.0,418.0,13.19722457733622,489.0,423.0
BROOKLYN,-9,-30,40.67100500457143,-73.93453477171428,35,14,4,2.3333333333333335,1.3333333333333333,-1.0000000000000002,16,6,77,STREET,51.42857142857142,80.0,0.0,32.0,728.0,41.58351893845611,19.0,99.0
BROOKLYN,-9,-29,40.67327204,-73.93418721833334,12,3,1,0.5,0.3333333333333333,-0.16666666666666669,9,0,77,STREET,41.66666666666667,66.66666666666666,0.0,285.0,316.0,20.564949357461536,269.0,505.0
BROOKLYN,-9,-28,40.67644576035715,-73.93442838142857,28,12,1,2.0,0.3333333333333333,-1.6666666666666667,14,4,77,HOUSING,50.0,14.285714285714285,85.71428571428571,286.0,795.0,35.367295829986475,46.0,33.0
BROOKLYN,-9,-24,40.684516774,-73.93416219,5,3,1,0.5,0.3333333333333333,-0.16666666666666669,5,0,81,STREET,60.0,80.0,0.0,287.0,317.0,11.791759469228055,547.0,506.0
BROOKLYN,-9,-23,40.687709356111114,-73.93424748944445,18,5,2,0.8333333333333334,0.6666666666666666,-0.16666666666666674,11,2,81,HOUSING,66.66666666666666,11.11111111111111,83.33333333333334,125.0,347.0,26.944438979166442,137.0,485.0
BROOKLYN,-9,-22,40.690134666666665,-73.93398186666666,3,2,0,0.3333333333333333,0.0,-0.3333333333333333,3,0,81,STREET,33.33333333333333,100.0,0.0,612.0,419.0,7.386294361119891,766.0,424.0
BROOKLYN,-9,-21,40.69143167,-73.934640004,5,3,1,0.5,0.3333333333333333,-0.16666666666666669,5,0,81,STREET,20.0,100.0,0.0,288.0,318.0,11.791759469228055,548.0,507.0
BROOKLYN,-9,-20,40.69387208818182,-73.93463786484848,33,13,2,2.1666666666666665,0.6666666666666666,-1.5,16,5,81,HOUSING,54.54545454545454,42.42424242424242,48.484848484848484,126.0,784.0,40.52636052461616,23.0,39.0
BROOKLYN,-9,-19,40.69643677125,-73.934172775,8,5,0,0.8333333333333334,0.0,-0.8333333333333334,6,1,81,STREET,75.0,50.0,0.0,613.0,654.0,15.19722457733622,425.0,165.0
BROOKLYN,-9,-18,40.698038360000005,-73.93468473200001,5,0,2,0.0,0.6666666666666666,0.6666666666666666,5,0,83,STREET,80.0,80.0,0.0,127.0,28.0,11.791759469228055,549.0,801.0
BROOKLYN,-8,-54,40.61743196,-73.93117097,3,0,0,0.0,0.0,0.0,3,0,63,STREET,66.66666666666666,100.0,0.0,614.0,173.0,7.386294361119891,767.0,642.0
BROOKLYN,-8,-51,40.623675606666666,-73.93143830666668,3,2,0,0.3333333333333333,0.0,-0.3333333333333333,3,0,63,STREET,33.33333333333333,100.0,0.0,615.0,420.0,7.386294361119891,768.0,425.0
BROOKLYN,-8,-50,40.62635119,-73.93198434,3,0,1,0.0,0.3333333333333333,0.3333333333333333,3,0,63,STREET,66.66666666666666,66.66666666666666,0.0,289.0,70.0,7.386294361119891,769.0,762.0
BROOKLYN,-8,-46,40.634965460000004,-73.93233946,3,1,0,0.16666666666666666,0.0,-0.16666666666666666,3,0,67,STREET,33.33333333333333,100.0,0.0,616.0,271.0,7.386294361119891,770.0,570.0
BROOKLYN,-8,-45,40.637259246666666,-73.93089711222223,9,6,0,1.0,0.0,-1.0,5,0,67,STREET,44.44444444444444,55.55555555555556,0.0,617.0,705.0,12.302585092994047,494.0,117.0
BROOKLYN,-8,-43,40.64177308,-73.93056303750001,4,1,0,0.16666666666666666,0.0,-0.16666666666666666,4,0,67,STREET,50.0,100.0,0.0,618.0,272.0,9.6094379124341,640.0,571.0
BROOKLYN,-8,-42,40.64379192222222,-73.93154336222223,9,4,1,0.6666666666666666,0.3333333333333333,-0.3333333333333333,6,1,67,STREET,55.55555555555556,77.77777777777779,0.0,290.0,421.0,15.302585092994047,420.0,426.0
BROOKLYN,-8,-39,40.651182268947366,-73.93133910842104,19,8,3,1.3333333333333333,1.0,-0.33333333333333326,14,2,67,STREET,36.84210526315789,84.21052631578947,0.0,63.0,354.0,32.99573227355399,63.0,474.0
BROOKLYN,-8,-38,40.652951551111116,-73.93150633666667,9,2,3,0.3333333333333333,1.0,0.6666666666666667,6,0,67,STREET,33.33333333333333,100.0,0.0,64.0,23.0,14.302585092994047,430.0,806.0
BROOKLYN,-8,-37,40.65584941,-73.93122144,6,0,2,0.0,0.6666666666666666,0.6666666666666666,5,0,67,STREET,50.0,66.66666666666666,0.0,128.0,29.0,11.945910149055313,510.0,802.0
BROOKLYN,-8,-36,40.657068519999996,-73.930548015,10,5,0,0.8333333333333334,0.0,-0.8333333333333334,8,0,67,STREET,50.0,80.0,0.0,619.0,655.0,18.397895272798372,318.0,166.0
BROOKLYN,-8,-35,40.65992857928571,-73.93061223071429,14,4,0,0.6666666666666666,0.0,-0.6666666666666666,12,0,67,STREET,57.14285714285714,71.42857142857143,0.0,620.0,579.0,26.70805020110221,147.0,241.0
BROOKLYN,-8,-34,40.66194871666667,-73.93111963666668,6,4,1,0.6666666666666666,0.3333333333333333,-0.3333333333333333,4,1,67,STREET,33.33333333333333,66.66666666666666,0.0,291.0,422.0,10.945910149055313,572.0,427.0
BROOKLYN,-8,-33,40.664691237999996,-73.930860879,10,5,1,0.8333333333333334,0.3333333333333333,-0.5,8,0,71,STREET,40.0,70.0,0.0,292.0,510.0,18.397895272798372,319.0,302.0
BROOKLYN,-8,-32,40.66676235692308,-73.93124180153846,26,13,1,2.1666666666666665,0.3333333333333333,-1.8333333333333333,15,4,71,STREET,57.692307692307686,65.38461538461539,0.0,293.0,805.0,37.29583686600433,37.0,25.0
BROOKLYN,-8,-31,40.668339729375,-73.93212348875001,16,6,1,1.0,0.3333333333333333,-0.6666666666666667,11,2,71,STREET,18.75,68.75,0.0,294.0,620.0,26.833213344056215,144.0,203.0
BROOKLYN,-8,-30,40.67113952608696,-73.9317509526087,23,8,2,1.3333333333333333,0.6666666666666666,-0.6666666666666666,16,2,77,STREET,56.52173913043478,78.26086956521739,0.0,129.0,580.0,37.17805383034795,38.0,242.0
BROOKLYN,-8,-29,40.6740376316,-73.93110909640001,25,10,3,1.6666666666666667,1.0,-0.6666666666666667,13,3,77,STREET,80.0,76.0,12.0,65.0,621.0,32.25809653802148,65.0,204.0
BROOKLYN,-8,-28,40.676167500999995,-73.93098454,10,4,0,0.6666666666666666,0.0,-0.6666666666666666,9,0,77,STREET,40.0,80.0,0.0,621.0,581.0,20.397895272798372,286.0,243.0
BROOKLYN,-8,-27,40.67772336,-73.93026152,4,0,0,0.0,0.0,0.0,3,0,81,STREET,75.0,100.0,0.0,622.0,174.0,7.6094379124341005,704.0,643.0
BROOKLYN,-8,-26,40.680114711,-73.93029470866666,30,10,2,1.6666666666666667,0.6666666666666666,-1.0,16,3,81,STREET,63.33333333333333,66.66666666666666,0.0,130.0,706.0,38.43398720448515,30.0,118.0
BROOKLYN,-8,-25,40.6830513775,-73.9309545175,8,2,0,0.3333333333333333,0.0,-0.3333333333333333,7,0,81,STREET,37.5,87.5,0.0,623.0,423.0,16.19722457733622,385.0,428.0
BROOKLYN,-8,-24,40.68445021666666,-73.93235415333334,3,3,0,0.5,0.0,-0.5,3,0,81,STREET,66.66666666666666,100.0,0.0,624.0,511.0,7.386294361119891,771.0,303.0
BROOKLYN,-8,-23,40.686695555,-73.930858618,10,8,0,1.3333333333333333,0.0,-1.3333333333333333,7,1,81,STREET,60.0,80.0,0.0,625.0,766.0,17.397895272798372,346.0,56.0
BROOKLYN,-8,-22,40.68915177142857,-73.93150732619047,21,10,2,1.6666666666666667,0.6666666666666666,-1.0,13,2,81,HOUSING,47.61904761904761,38.095238095238095,57.14285714285714,131.0,707.0,31.091042453358316,84.0,119.0
BROOKLYN,-8,-21,40.6917170975,-73.93174337999999,8,3,1,0.5,0.3333333333333333,-0.16666666666666669,7,0,81,STREET,62.5,75.0,0.0,295.0,319.0,16.19722457733622,386.0,508.0
BROOKLYN,-8,-20,40.6933896525,-73.93226634499999,4,1,0,0.16666666666666666,0.0,-0.16666666666666666,4,0,81,STREET,100.0,75.0,0.0,626.0,273.0,9.6094379124341,641.0,572.0
BROOKLYN,-8,-19,40.69604251333334,-73.93117156666666,6,3,0,0.5,0.0,-0.5,6,0,83,STREET,83.33333333333334,83.33333333333334,0.0,627.0,512.0,13.945910149055313,472.0,304.0
BROOKLYN,-7,-53,40.61952806,-73.927447835,4,2,0,0.3333333333333333,0.0,-0.3333333333333333,4,0,63,STREET,25.0,75.0,0.0,628.0,424.0,9.6094379124341,642.0,429.0
BROOKLYN,-7,-51,40.62470066,-73.92749625,3,1,0,0.16666666666666666,0.0,-0.16666666666666666,3,0,63,STREET,66.66666666666666,100.0,0.0,629.0,274.0,7.386294361119891,772.0,573.0
BROOKLYN,-7,-50,40.6265904325,-73.9283036325,16,8,2,1.3333333333333333,0.6666666666666666,-0.6666666666666666,13,0,63,STREET,50.0,81.25,0.0,132.0,582.0,28.833213344056215,110.0,244.0
BROOKLYN,-7,-49,40.628738055,-73.9282970375,4,2,0,0.3333333333333333,0.0,-0.3333333333333333,3,0,63,STREET,50.0,50.0,0.0,630.0,425.0,7.6094379124341005,705.0,430.0
BROOKLYN,-7,-48,40.63127507666667,-73.92853389666666,3,2,0,0.3333333333333333,0.0,-0.3333333333333333,3,0,63,STREET,33.33333333333333,100.0,0.0,631.0,426.0,7.386294361119891,773.0,431.0
BROOKLYN,-7,-46,40.635881203333334,-73.92863746333333,9,3,2,0.5,0.6666666666666666,0.16666666666666663,8,0,67,STREET,44.44444444444444,77.77777777777779,0.0,133.0,126.0,18.302585092994047,327.0,697.0
BROOKLYN,-7,-45,40.63773019333333,-73.92850857333333,9,4,2,0.6666666666666666,0.6666666666666666,0.0,7,0,67,STREET,55.55555555555556,88.88888888888889,0.0,134.0,175.0,16.302585092994047,370.0,644.0
BROOKLYN,-7,-44,40.63952137333334,-73.92859714333333,3,2,1,0.3333333333333333,0.3333333333333333,0.0,3,0,67,STREET,100.0,100.0,0.0,296.0,176.0,7.386294361119891,774.0,645.0
BROOKLYN,-7,-43,40.641476458,-73.92869737000001,5,1,2,0.16666666666666666,0.6666666666666666,0.5,5,0,67,COMMERCIAL,60.0,40.0,0.0,135.0,36.0,11.791759469228055,550.0,788.0
BROOKLYN,-7,-42,40.644151278,-73.92918170800002,5,3,0,0.5,0.0,-0.5,5,0,67,STREET,20.0,80.0,0.0,632.0,513.0,11.791759469228055,551.0,305.0
BROOKLYN,-7,-41,40.646602064444444,-73.92868525,9,2,1,0.3333333333333333,0.3333333333333333,0.0,7,0,67,STREET,55.55555555555556,77.77777777777779,0.0,297.0,177.0,16.302585092994047,371.0,646.0
BROOKLYN,-7,-40,40.64912180333334,-73.92798624666668,6,4,0,0.6666666666666666,0.0,-0.6666666666666666,5,0,67,STREET,83.33333333333334,100.0,0.0,633.0,583.0,11.945910149055313,511.0,245.0
BROOKLYN,-7,-39,40.65101136,-73.92909988416666,12,3,2,0.5,0.6666666666666666,0.16666666666666663,10,0,67,STREET,33.33333333333333,100.0,0.0,136.0,127.0,22.564949357461536,229.0,698.0
BROOKLYN,-7,-38,40.65279153153846,-73.92796999923077,13,4,2,0.6666666666666666,0.6666666666666666,0.0,9,1,67,STREET,53.84615384615385,76.92307692307693,0.0,137.0,178.0,21.63905732961526,250.0,647.0
BROOKLYN,-7,-37,40.655611288888885,-73.92808214555556,9,5,0,0.8333333333333334,0.0,-0.8333333333333334,7,1,67,STREET,66.66666666666666,77.77777777777779,0.0,634.0,656.0,17.302585092994047,349.0,167.0
BROOKLYN,-7,-36,40.65744083185185,-73.92839000703704,27,11,1,1.8333333333333333,0.3333333333333333,-1.5,13,3,67,STREET,22.22222222222222,85.18518518518519,0.0,298.0,785.0,32.3322045101752,64.0,40.0
BROOKLYN,-7,-35,40.659990871666665,-73.92829168333334,6,5,0,0.8333333333333334,0.0,-0.8333333333333334,4,0,67,STREET,83.33333333333334,100.0,0.0,635.0,657.0,9.945910149055313,578.0,168.0
BROOKLYN,-7,-34,40.66233276842105,-73.92716377263157,19,3,3,0.5,1.0,0.5,12,2,67,STREET,52.63157894736842,63.1578947368421,5.263157894736842,66.0,37.0,28.99573227355399,108.0,789.0
BROOKLYN,-7,-33,40.664645291,-73.9275653,10,5,0,0.8333333333333334,0.0,-0.8333333333333334,9,0,67,STREET,50.0,60.0,0.0,636.0,658.0,20.397895272798372,287.0,169.0
BROOKLYN,-7,-32,40.66624662,-73.92891577555555,9,4,0,0.6666666666666666,0.0,-0.6666666666666666,8,0,71,STREET,55.55555555555556,77.77777777777779,0.0,637.0,584.0,18.302585092994047,328.0,246.0
BROOKLYN,-7,-31,40.66887978214286,-73.928831175,14,3,4,0.5,1.3333333333333333,0.8333333333333333,11,0,77,STREET,57.14285714285714,92.85714285714286,0.0,33.0,20.0,24.70805020110221,182.0,808.0
BROOKLYN,-7,-30,40.671094467500005,-73.92928266291666,24,10,2,1.6666666666666667,0.6666666666666666,-1.0,12,2,77,STREET,62.5,50.0,37.5,138.0,708.0,29.2188758248682,104.0,120.0
BROOKLYN,-7,-29,40.67372545,-73.92891741000001,4,2,1,0.3333333333333333,0.3333333333333333,0.0,3,0,77,STREET,75.0,75.0,0.0,299.0,179.0,7.6094379124341005,706.0,648.0
BROOKLYN,-7,-28,40.67562163687499,-73.92764008124999,16,7,0,1.1666666666666667,0.0,-1.1666666666666667,12,1,77,HOUSING,81.25,37.5,50.0,638.0,750.0,27.833213344056215,128.0,86.0
BROOKLYN,-7,-27,40.678157008571425,-73.92810476809524,21,3,0,0.5,0.0,-0.5,11,2,81,STREET,57.14285714285714,95.23809523809523,0.0,639.0,514.0,27.091042453358316,133.0,306.0
BROOKLYN,-7,-26,40.679762511111115,-73.92818550166668,18,7,1,1.1666666666666667,0.3333333333333333,-0.8333333333333335,13,1,81,STREET,55.55555555555556,66.66666666666666,0.0,300.0,685.0,29.944438979166442,101.0,143.0
BROOKLYN,-7,-25,40.681818869615384,-73.92785960307693,26,17,3,2.8333333333333335,1.0,-1.8333333333333335,12,3,81,STREET,76.92307692307693,80.76923076923077,0.0,67.0,810.0,30.29583686600433,88.0,18.0
BROOKLYN,-7,-24,40.684931846800005,-73.9287410524,25,10,0,1.6666666666666667,0.0,-1.6666666666666667,13,3,81,STREET,44.0,88.0,0.0,640.0,796.0,32.25809653802148,66.0,34.0
BROOKLYN,-7,-23,40.686762351999995,-73.928330208,5,2,0,0.3333333333333333,0.0,-0.3333333333333333,4,0,81,STREET,40.0,60.0,0.0,641.0,427.0,9.791759469228055,592.0,432.0
BROOKLYN,-7,-22,40.689394055,-73.9279167575,8,3,0,0.5,0.0,-0.5,6,0,81,STREET,87.5,87.5,0.0,642.0,515.0,14.19722457733622,440.0,307.0
BROOKLYN,-7,-21,40.69183468136364,-73.9285539,22,11,1,1.8333333333333333,0.3333333333333333,-1.5,12,3,81,STREET,45.45454545454545,72.72727272727273,0.0,301.0,786.0,30.13549421592915,93.0,41.0
BROOKLYN,-7,-20,40.693241365,-73.92800350166668,6,1,1,0.16666666666666666,0.3333333333333333,0.16666666666666666,5,0,83,STREET,33.33333333333333,83.33333333333334,0.0,302.0,98.0,11.945910149055313,512.0,719.0
BROOKLYN,-7,-19,40.696011125,-73.9280975825,4,1,1,0.16666666666666666,0.3333333333333333,0.16666666666666666,4,0,83,STREET,25.0,50.0,0.0,303.0,99.0,9.6094379124341,643.0,720.0
BROOKLYN,-7,-17,40.70103258333334,-73.92831606666667,3,1,0,0.16666666666666666,0.0,-0.16666666666666666,3,0,83,STREET,33.33333333333333,100.0,0.0,643.0,275.0,7.386294361119891,775.0,574.0
BROOKLYN,-7,-15,40.704490875,-73.9277593225,4,0,0,0.0,0.0,0.0,4,0,83,COMMERCIAL,50.0,50.0,0.0,644.0,180.0,9.6094379124341,644.0,649.0
BROOKLYN,-6,-54,40.61741983666667,-73.92638033666667,3,2,0,0.3333333333333333,0.0,-0.3333333333333333,3,0,63,STREET,66.66666666666666,66.66666666666666,0.0,645.0,428.0,7.386294361119891,776.0,433.0
BROOKLYN,-6,-52,40.6217024975,-73.92617118999999,4,0,0,0.0,0.0,0.0,4,0,63,STREET,25.0,100.0,0.0,646.0,181.0,9.6094379124341,645.0,650.0
BROOKLYN,-6,-51,40.62406805,-73.92546641666668,3,1,0,0.16666666666666666,0.0,-0.16666666666666666,3,0,63,STREET,33.33333333333333,100.0,0.0,647.0,276.0,7.386294361119891,777.0,575.0
BROOKLYN,-6,-49,40.628736265,-73.925478005,4,2,0,0.3333333333333333,0.0,-0.3333333333333333,4,0,63,STREET,75.0,100.0,0.0,648.0,429.0,9.6094379124341,646.0,434.0
BROOKLYN,-6,-47,40.63269620333333,-73.92461012000001,3,1,0,0.16666666666666666,0.0,-0.16666666666666666,3,0,63,STREET,33.33333333333333,66.66666666666666,0.0,649.0,277.0,7.386294361119891,778.0,576.0
BROOKLYN,-6,-42,40.644875569999996,-73.92575186666667,3,0,0,0.0,0.0,0.0,3,0,67,STREET,66.66666666666666,66.66666666666666,0.0,650.0,182.0,7.386294361119891,779.0,651.0
BROOKLYN,-6,-39,40.651336979166665,-73.92568251,12,5,1,0.8333333333333334,0.3333333333333333,-0.5,9,1,67,STREET,25.0,91.66666666666666,0.0,304.0,516.0,21.564949357461536,255.0,308.0
BROOKLYN,-6,-38,40.65288674476191,-73.92564718999999,21,12,0,2.0,0.0,-2.0,12,2,67,STREET,57.14285714285714,80.95238095238095,0.0,651.0,813.0,29.091042453358316,107.0,14.0
BROOKLYN,-6,-37,40.655954702857144,-73.92556396714286,7,2,1,0.3333333333333333,0.3333333333333333,0.0,6,0,67,STREET,42.857142857142854,100.0,0.0,305.0,183.0,14.079441541679836,454.0,652.0
BROOKLYN,-6,-36,40.65719785,-73.92580063,3,1,1,0.16666666666666666,0.3333333333333333,0.16666666666666666,3,0,67,STREET,66.66666666666666,66.66666666666666,0.0,306.0,100.0,7.386294361119891,780.0,721.0
BROOKLYN,-6,-35,40.65972535368421,-73.92490180210527,19,10,1,1.6666666666666667,0.3333333333333333,-1.3333333333333335,13,1,67,STREET,73.68421052631578,84.21052631578947,0.0,307.0,779.0,29.99573227355399,98.0,49.0
BROOKLYN,-6,-34,40.66213298785715,-73.92552875214285,14,8,0,1.3333333333333333,0.0,-1.3333333333333333,10,0,67,STREET,57.14285714285714,71.42857142857143,0.0,652.0,767.0,22.70805020110221,221.0,57.0
BROOKLYN,-6,-33,40.664457875,-73.92592020833334,12,7,0,1.1666666666666667,0.0,-1.1666666666666667,7,2,67,STREET,41.66666666666667,58.333333333333336,0.0,653.0,751.0,18.564949357461536,309.0,87.0
BROOKLYN,-6,-32,40.666522522,-73.92510705400001,5,0,0,0.0,0.0,0.0,4,0,77,STREET,40.0,60.0,0.0,654.0,184.0,9.791759469228055,593.0,653.0
BROOKLYN,-6,-31,40.66890015857143,-73.92479586642858,14,6,2,1.0,0.6666666666666666,-0.33333333333333337,11,1,77,STREET,57.14285714285714,78.57142857142857,0.0,139.0,476.0,25.70805020110221,165.0,356.0
BROOKLYN,-6,-30,40.67111310673077,-73.92591164807693,52,21,9,3.5,3.0,-0.5,18,8,77,STREET,44.230769230769226,69.23076923076923,15.384615384615385,4.0,517.0,47.970291913552124,4.0,309.0
BROOKLYN,-6,-29,40.67297229666667,-73.92539493833334,6,3,0,0.5,0.0,-0.5,5,0,77,STREET,83.33333333333334,100.0,0.0,655.0,518.0,11.945910149055313,513.0,310.0
BROOKLYN,-6,-28,40.675655145600004,-73.92592684680001,25,11,1,1.8333333333333333,0.3333333333333333,-1.5,13,5,77,HOUSING,52.0,28.000000000000004,72.0,308.0,787.0,34.25809653802148,54.0,42.0
BROOKLYN,-6,-27,40.678228510833335,-73.92499308166666,12,4,2,0.6666666666666666,0.6666666666666666,0.0,7,1,81,STREET,50.0,58.333333333333336,25.0,140.0,185.0,17.564949357461536,340.0,654.0
BROOKLYN,-6,-26,40.680406311111106,-73.92554125444445,9,3,1,0.5,0.3333333333333333,-0.16666666666666669,7,1,81,HOUSING,66.66666666666666,11.11111111111111,88.88888888888889,309.0,320.0,17.302585092994047,350.0,509.0
BROOKLYN,-6,-25,40.682030258,-73.92444377666666,15,5,3,0.8333333333333334,1.0,0.16666666666666663,11,0,81,HOUSING,60.0,26.666666666666668,73.33333333333333,68.0,128.0,24.77258872223978,179.0,699.0
BROOKLYN,-6,-24,40.68524619428572,-73.92557402714286,14,6,1,1.0,0.3333333333333333,-0.6666666666666667,10,1,81,STREET,57.14285714285714,78.57142857142857,0.0,310.0,622.0,23.70805020110221,204.0,205.0
BROOKLYN,-6,-23,40.68701892,-73.925768045,6,4,0,0.6666666666666666,0.0,-0.6666666666666666,4,0,81,STREET,83.33333333333334,66.66666666666666,0.0,656.0,585.0,9.945910149055313,579.0,247.0
BROOKLYN,-6,-22,40.689268606666666,-73.92469606969698,33,10,8,1.6666666666666667,2.6666666666666665,0.9999999999999998,13,6,81,STREET,51.515151515151516,72.72727272727273,0.0,5.0,14.0,35.52636052461616,45.0,814.0
BROOKLYN,-6,-20,40.6932356325,-73.9251115775,8,5,0,0.8333333333333334,0.0,-0.8333333333333334,6,1,83,STREET,75.0,100.0,0.0,657.0,659.0,15.19722457733622,426.0,170.0
BROOKLYN,-6,-17,40.700229805,-73.9258849675,4,1,0,0.16666666666666666,0.0,-0.16666666666666666,4,0,83,STREET,50.0,75.0,0.0,658.0,278.0,9.6094379124341,647.0,577.0
BROOKLYN,-6,-16,40.70309349833333,-73.92551271500001,6,4,0,0.6666666666666666,0.0,-0.6666666666666666,5,0,83,STREET,66.66666666666666,83.33333333333334,0.0,659.0,586.0,11.945910149055313,514.0,248.0
BROOKLYN,-6,-15,40.70482275333333,-73.92629584,3,1,0,0.16666666666666666,0.0,-0.16666666666666666,3,0,83,STREET,66.66666666666666,100.0,0.0,660.0,279.0,7.386294361119891,781.0,578.0
BROOKLYN,-5,-57,40.61029347666667,-73.92227036,3,0,0,0.0,0.0,0.0,3,0,63,COMMERCIAL,33.33333333333333,33.33333333333333,0.0,661.0,186.0,7.386294361119891,782.0,655.0
BROOKLYN,-5,-49,40.627709575000004,-73.9211498025,4,1,0,0.16666666666666666,0.0,-0.16666666666666666,4,0,63,STREET,50.0,75.0,0.0,662.0,280.0,9.6094379124341,648.0,579.0
BROOKLYN,-5,-47,40.633264008000005,-73.92186902799999,10,2,0,0.3333333333333333,0.0,-0.3333333333333333,7,0,63,STREET,30.0,60.0,40.0,663.0,430.0,16.397895272798372,361.0,435.0
BROOKLYN,-5,-46,40.63567221545455,-73.92198454181818,11,3,1,0.5,0.3333333333333333,-0.16666666666666669,10,0,63,HOUSING,45.45454545454545,9.090909090909092,81.81818181818183,311.0,321.0,22.484906649788,234.0,510.0
BROOKLYN,-5,-42,40.6446054975,-73.922716255,4,4,0,0.6666666666666666,0.0,-0.6666666666666666,3,0,67,COMMERCIAL,75.0,25.0,0.0,664.0,587.0,7.6094379124341005,707.0,249.0
BROOKLYN,-5,-40,40.64904477,-73.92142039000001,3,2,0,0.3333333333333333,0.0,-0.3333333333333333,2,0,67,STREET,66.66666666666666,100.0,0.0,665.0,431.0,5.386294361119891,819.0,436.0
BROOKLYN,-5,-38,40.65311763166667,-73.92286556666667,6,2,1,0.3333333333333333,0.3333333333333333,0.0,6,0,67,STREET,66.66666666666666,100.0,0.0,312.0,187.0,13.945910149055313,473.0,656.0
BROOKLYN,-5,-37,40.65591698125,-73.92254862875001,8,2,0,0.3333333333333333,0.0,-0.3333333333333333,6,0,67,STREET,50.0,87.5,0.0,666.0,432.0,14.19722457733622,441.0,437.0
BROOKLYN,-5,-36,40.657768017777784,-73.92281093,9,2,2,0.3333333333333333,0.6666666666666666,0.3333333333333333,6,0,67,STREET,55.55555555555556,55.55555555555556,0.0,141.0,71.0,14.302585092994047,431.0,763.0
BROOKLYN,-5,-35,40.6598694324,-73.92186807440001,25,10,2,1.6666666666666667,0.6666666666666666,-1.0,12,3,67,STREET,52.0,84.0,0.0,142.0,709.0,30.258096538021483,90.0,121.0
BROOKLYN,-5,-34,40.662569433125,-73.92249315000001,16,8,1,1.3333333333333333,0.3333333333333333,-1.0,12,1,67,STREET,62.5,75.0,0.0,313.0,710.0,27.833213344056215,129.0,122.0
BROOKLYN,-5,-33,40.66453687,-73.92250512400001,15,1,4,0.16666666666666666,1.3333333333333333,1.1666666666666665,10,1,73,STREET,53.333333333333336,66.66666666666666,0.0,34.0,11.0,23.77258872223978,200.0,819.0
BROOKLYN,-5,-32,40.666530674347825,-73.92267557347826,23,6,2,1.0,0.6666666666666666,-0.33333333333333337,16,0,73,HOUSING,69.56521739130434,30.434782608695656,65.21739130434783,143.0,477.0,35.17805383034795,50.0,357.0
BROOKLYN,-5,-31,40.66974465111112,-73.92136556111112,9,2,0,0.3333333333333333,0.0,-0.3333333333333333,7,0,73,STREET,33.33333333333333,55.55555555555556,44.44444444444444,667.0,433.0,16.302585092994047,372.0,438.0
BROOKLYN,-5,-30,40.671204258636365,-73.92172538363637,22,11,0,1.8333333333333333,0.0,-1.8333333333333333,15,1,73,STREET,54.54545454545454,50.0,36.36363636363637,668.0,806.0,34.13549421592915,56.0,26.0
BROOKLYN,-5,-29,40.67337909722222,-73.92326171722223,18,8,0,1.3333333333333333,0.0,-1.3333333333333333,11,2,77,STREET,44.44444444444444,77.77777777777779,11.11111111111111,669.0,768.0,26.944438979166442,138.0,58.0
BROOKLYN,-5,-28,40.67557195489796,-73.92222799959184,49,18,6,3.0,2.0,-1.0,19,9,77,HOUSING,61.224489795918366,18.367346938775512,73.46938775510205,9.0,711.0,50.912023005428146,2.0,123.0
BROOKLYN,-5,-27,40.67838082,-73.922770055,18,4,1,0.6666666666666666,0.3333333333333333,-0.3333333333333333,13,1,81,STREET,50.0,50.0,33.33333333333333,314.0,434.0,29.944438979166442,102.0,439.0
BROOKLYN,-5,-26,40.680385952142856,-73.92225913785714,14,6,1,1.0,0.3333333333333333,-0.6666666666666667,12,0,81,HOUSING,78.57142857142857,14.285714285714285,78.57142857142857,315.0,623.0,26.70805020110221,148.0,206.0
BROOKLYN,-5,-25,40.68176462058824,-73.92147140529413,17,7,0,1.1666666666666667,0.0,-1.1666666666666667,11,1,81,STREET,64.70588235294117,64.70588235294117,17.647058823529413,670.0,752.0,25.890371757896165,158.0,88.0
BROOKLYN,-5,-24,40.685100096250004,-73.92247101375,8,4,0,0.6666666666666666,0.0,-0.6666666666666666,6,0,81,STREET,75.0,87.5,0.0,671.0,588.0,14.19722457733622,442.0,250.0
BROOKLYN,-5,-23,40.68689519,-73.922744088125,16,11,0,1.8333333333333333,0.0,-1.8333333333333333,11,2,81,STREET,56.25,68.75,0.0,672.0,807.0,26.833213344056215,145.0,27.0
BROOKLYN,-5,-22,40.68959319444445,-73.92250765444444,9,4,0,0.6666666666666666,0.0,-0.6666666666666666,9,0,81,STREET,44.44444444444444,66.66666666666666,0.0,673.0,589.0,20.302585092994047,290.0,251.0
BROOKLYN,-5,-21,40.691091901250005,-73.92191683875001,8,5,1,0.8333333333333334,0.3333333333333333,-0.5,7,0,83,STREET,50.0,75.0,0.0,316.0,519.0,16.19722457733622,387.0,311.0
BROOKLYN,-5,-20,40.6931216425,-73.9229088425,4,2,0,0.3333333333333333,0.0,-0.3333333333333333,4,0,83,STREET,75.0,75.0,0.0,674.0,435.0,9.6094379124341,649.0,440.0
BROOKLYN,-5,-18,40.697692402499996,-73.9219334525,4,1,0,0.16666666666666666,0.0,-0.16666666666666666,4,0,83,STREET,75.0,75.0,25.0,675.0,281.0,9.6094379124341,650.0,580.0
BROOKLYN,-5,-17,40.70012727333333,-73.92335094666667,3,2,1,0.3333333333333333,0.3333333333333333,0.0,3,0,83,DWELLING,33.33333333333333,33.33333333333333,0.0,317.0,188.0,7.386294361119891,783.0,657.0
BROOKLYN,-5,-16,40.702420977500005,-73.92197840749999,4,0,1,0.0,0.3333333333333333,0.3333333333333333,3,0,83,STREET,50.0,100.0,0.0,318.0,72.0,7.6094379124341005,708.0,764.0
BROOKLYN,-5,-15,40.705127436666665,-73.92351711666666,3,1,0,0.16666666666666666,0.0,-0.16666666666666666,3,0,83,STREET,33.33333333333333,100.0,0.0,676.0,282.0,7.386294361119891,784.0,581.0
BROOKLYN,-4,-50,40.625463429999996,-73.9198456725,4,2,0,0.3333333333333333,0.0,-0.3333333333333333,2,0,63,STREET,50.0,75.0,0.0,677.0,436.0,5.6094379124341005,810.0,441.0
BROOKLYN,-4,-49,40.62816576,-73.91964128000001,3,2,0,0.3333333333333333,0.0,-0.3333333333333333,2,0,63,STREET,66.66666666666666,100.0,0.0,678.0,437.0,5.386294361119891,820.0,442.0
BROOKLYN,-4,-48,40.630840948333336,-73.91888569333334,6,2,1,0.3333333333333333,0.3333333333333333,0.0,5,0,63,STREET,0.0,100.0,0.0,319.0,189.0,11.945910149055313,515.0,658.0
BROOKLYN,-4,-47,40.633235057,-73.920081329,10,5,2,0.8333333333333334,0.6666666666666666,-0.16666666666666674,7,0,63,HOUSING,10.0,50.0,50.0,144.0,348.0,16.397895272798372,362.0,486.0
BROOKLYN,-4,-46,40.63453956466667,-73.91916738333333,15,6,1,1.0,0.3333333333333333,-0.6666666666666667,13,0,63,HOUSING,53.333333333333336,33.33333333333333,46.666666666666664,320.0,624.0,28.77258872223978,113.0,207.0
BROOKLYN,-4,-45,40.637121535000006,-73.919535540625,16,3,1,0.5,0.3333333333333333,-0.16666666666666669,11,1,63,STREET,50.0,50.0,43.75,321.0,322.0,25.833213344056215,159.0,511.0
BROOKLYN,-4,-44,40.63952476375,-73.91951845875,8,2,0,0.3333333333333333,0.0,-0.3333333333333333,7,0,63,STREET,62.5,75.0,0.0,679.0,438.0,16.19722457733622,388.0,443.0
BROOKLYN,-4,-43,40.641435873333336,-73.91958926666668,3,3,0,0.5,0.0,-0.5,2,0,69,STREET,66.66666666666666,66.66666666666666,0.0,680.0,520.0,5.386294361119891,821.0,312.0
BROOKLYN,-4,-42,40.644484965000004,-73.92005344500001,4,4,0,0.6666666666666666,0.0,-0.6666666666666666,3,0,67,COMMERCIAL,75.0,50.0,0.0,681.0,590.0,7.6094379124341005,709.0,252.0
BROOKLYN,-4,-40,40.64913334,-73.91983945333334,3,1,0,0.16666666666666666,0.0,-0.16666666666666666,3,0,67,STREET,33.33333333333333,100.0,0.0,682.0,283.0,7.386294361119891,785.0,582.0
BROOKLYN,-4,-38,40.6533507225,-73.9197121525,8,2,1,0.3333333333333333,0.3333333333333333,0.0,7,0,67,STREET,50.0,75.0,0.0,322.0,190.0,16.19722457733622,389.0,659.0
BROOKLYN,-4,-37,40.65547207307693,-73.91840029153846,13,5,0,0.8333333333333334,0.0,-0.8333333333333334,8,2,67,STREET,69.23076923076923,69.23076923076923,0.0,683.0,660.0,20.63905732961526,264.0,171.0
BROOKLYN,-4,-36,40.65799077769231,-73.91937006692308,13,4,1,0.6666666666666666,0.3333333333333333,-0.3333333333333333,11,0,67,STREET,46.15384615384615,84.61538461538461,0.0,323.0,439.0,24.63905732961526,186.0,444.0
BROOKLYN,-4,-35,40.66067098083333,-73.919761915,12,6,0,1.0,0.0,-1.0,7,0,67,STREET,41.66666666666667,50.0,0.0,684.0,712.0,16.564949357461536,356.0,124.0
BROOKLYN,-4,-34,40.66285420636364,-73.9192952990909,11,3,0,0.5,0.0,-0.5,11,0,73,HOUSING,54.54545454545454,36.36363636363637,63.63636363636363,685.0,521.0,24.484906649788,192.0,313.0
BROOKLYN,-4,-33,40.66471455333333,-73.91984380866666,15,8,0,1.3333333333333333,0.0,-1.3333333333333333,10,1,73,STREET,66.66666666666666,80.0,20.0,686.0,769.0,23.77258872223978,201.0,59.0
BROOKLYN,-4,-32,40.66695817238095,-73.91940967619048,21,9,2,1.5,0.6666666666666666,-0.8333333333333334,11,3,73,STREET,85.71428571428571,66.66666666666666,28.57142857142857,145.0,661.0,28.091042453358316,116.0,172.0
BROOKLYN,-4,-31,40.668844532,-73.919317708,10,6,1,1.0,0.3333333333333333,-0.6666666666666667,6,0,73,STREET,40.0,90.0,0.0,324.0,625.0,14.39789527279837,428.0,208.0
BROOKLYN,-4,-30,40.670734377391305,-73.91905783086956,23,8,1,1.3333333333333333,0.3333333333333333,-1.0,13,3,73,HOUSING,56.52173913043478,34.78260869565217,47.82608695652174,325.0,713.0,32.17805383034795,68.0,125.0
BROOKLYN,-4,-29,40.67396027181818,-73.91885646272729,11,7,0,1.1666666666666667,0.0,-1.1666666666666667,7,1,73,STREET,45.45454545454545,81.81818181818183,0.0,687.0,753.0,17.484906649788,343.0,89.0
BROOKLYN,-4,-28,40.675697714117646,-73.91916129352941,17,5,2,0.8333333333333334,0.6666666666666666,-0.16666666666666674,11,0,73,STREET,70.58823529411765,58.82352941176471,41.17647058823529,146.0,349.0,24.890371757896165,172.0,487.0
BROOKLYN,-4,-27,40.678002813999996,-73.919405054,5,3,0,0.5,0.0,-0.5,3,0,81,STREET,60.0,100.0,0.0,688.0,522.0,7.7917594692280545,686.0,314.0
BROOKLYN,-4,-26,40.68017613,-73.91941539900002,10,3,0,0.5,0.0,-0.5,6,1,81,STREET,30.0,60.0,0.0,689.0,523.0,15.39789527279837,416.0,315.0
BROOKLYN,-4,-25,40.68196216434783,-73.91919986869564,23,16,1,2.6666666666666665,0.3333333333333333,-2.333333333333333,11,3,81,STREET,69.56521739130434,95.65217391304348,0.0,326.0,817.0,28.178053830347945,114.0,11.0
BROOKLYN,-4,-24,40.684374402500005,-73.91941114875,8,6,0,1.0,0.0,-1.0,6,0,81,STREET,50.0,75.0,0.0,690.0,714.0,14.19722457733622,443.0,126.0
BROOKLYN,-4,-23,40.68683003736842,-73.91956855947367,19,6,0,1.0,0.0,-1.0,11,3,81,STREET,57.89473684210527,89.47368421052632,0.0,691.0,715.0,27.99573227355399,120.0,127.0
BROOKLYN,-4,-22,40.688794091111106,-73.91885706222223,9,2,0,0.3333333333333333,0.0,-0.3333333333333333,7,0,83,STREET,66.66666666666666,88.88888888888889,0.0,692.0,440.0,16.302585092994047,373.0,445.0
BROOKLYN,-4,-21,40.69185229333333,-73.92005194000001,6,4,0,0.6666666666666666,0.0,-0.6666666666666666,5,0,83,STREET,50.0,100.0,0.0,693.0,591.0,11.945910149055313,516.0,253.0
BROOKLYN,-4,-20,40.69385521833334,-73.91896289166667,6,3,0,0.5,0.0,-0.5,5,0,83,STREET,83.33333333333334,66.66666666666666,16.666666666666664,694.0,524.0,11.945910149055313,517.0,316.0
BROOKLYN,-4,-19,40.695909625,-73.91945007285715,14,4,3,0.6666666666666666,1.0,0.33333333333333337,11,0,83,HOUSING,57.14285714285714,14.285714285714285,78.57142857142857,69.0,50.0,24.70805020110221,183.0,777.0
BROOKLYN,-4,-18,40.6988806475,-73.91959691999999,4,1,0,0.16666666666666666,0.0,-0.16666666666666666,4,0,83,STREET,25.0,75.0,0.0,695.0,284.0,9.6094379124341,651.0,583.0
BROOKLYN,-4,-17,40.700545962499994,-73.91949664,8,4,0,0.6666666666666666,0.0,-0.6666666666666666,6,0,83,STREET,62.5,100.0,0.0,696.0,592.0,14.19722457733622,444.0,254.0
BROOKLYN,-4,-16,40.702459918,-73.919535622,5,0,0,0.0,0.0,0.0,3,0,83,STREET,40.0,100.0,0.0,697.0,191.0,7.7917594692280545,687.0,660.0
BROOKLYN,-3,-45,40.63712555000001,-73.916642602,5,1,0,0.16666666666666666,0.0,-0.16666666666666666,4,0,69,STREET,60.0,100.0,0.0,698.0,285.0,9.791759469228055,594.0,584.0
BROOKLYN,-3,-44,40.639450754,-73.91715134399999,5,0,0,0.0,0.0,0.0,4,0,69,STREET,20.0,100.0,0.0,699.0,192.0,9.791759469228055,595.0,661.0
BROOKLYN,-3,-40,40.6486390875,-73.9155740475,8,5,2,0.8333333333333334,0.6666666666666666,-0.16666666666666674,6,0,67,STREET,25.0,75.0,0.0,147.0,350.0,14.19722457733622,445.0,488.0
BROOKLYN,-3,-39,40.651176309166665,-73.91685394583334,12,6,1,1.0,0.3333333333333333,-0.6666666666666667,11,0,67,STREET,58.333333333333336,91.66666666666666,0.0,327.0,626.0,24.564949357461536,191.0,209.0
BROOKLYN,-3,-38,40.65338191,-73.91676933000001,5,1,1,0.16666666666666666,0.3333333333333333,0.16666666666666666,3,1,67,STREET,40.0,80.0,0.0,328.0,101.0,8.791759469228055,680.0,722.0
BROOKLYN,-3,-37,40.655661865238095,-73.91634151428572,21,7,1,1.1666666666666667,0.3333333333333333,-0.8333333333333335,13,3,67,STREET,52.38095238095239,80.95238095238095,0.0,329.0,686.0,32.09104245335831,70.0,144.0
BROOKLYN,-3,-36,40.65773269714286,-73.91638294142858,14,0,2,0.0,0.6666666666666666,0.6666666666666666,8,2,67,STREET,35.714285714285715,92.85714285714286,0.0,148.0,30.0,20.70805020110221,263.0,803.0
BROOKLYN,-3,-35,40.66000892541667,-73.91672144208334,24,5,8,0.8333333333333334,2.6666666666666665,1.833333333333333,14,2,73,STREET,41.66666666666667,79.16666666666666,4.166666666666666,6.0,5.0,33.2188758248682,61.0,823.0
BROOKLYN,-3,-34,40.66216379684211,-73.91581177578948,19,11,1,1.8333333333333333,0.3333333333333333,-1.5,13,0,73,STREET,52.63157894736842,73.68421052631578,0.0,330.0,788.0,28.99573227355399,109.0,43.0
BROOKLYN,-3,-33,40.664393576,-73.916979788,5,4,0,0.6666666666666666,0.0,-0.6666666666666666,4,0,73,STREET,60.0,80.0,0.0,700.0,593.0,9.791759469228055,596.0,255.0
BROOKLYN,-3,-32,40.66713797818181,-73.91673243454545,11,5,0,0.8333333333333334,0.0,-0.8333333333333334,9,0,73,STREET,45.45454545454545,72.72727272727273,0.0,701.0,662.0,20.484906649788,276.0,173.0
BROOKLYN,-3,-31,40.668994560909084,-73.91688446727274,11,7,0,1.1666666666666667,0.0,-1.1666666666666667,6,2,73,STREET,63.63636363636363,100.0,0.0,702.0,754.0,16.484906649788,358.0,90.0
BROOKLYN,-3,-30,40.67043144814814,-73.91589725592593,27,14,4,2.3333333333333335,1.3333333333333333,-1.0000000000000002,14,2,73,HOUSING,48.148148148148145,22.22222222222222,70.37037037037037,35.0,729.0,33.3322045101752,58.0,100.0
BROOKLYN,-3,-29,40.6735531,-73.9155438625,8,1,1,0.16666666666666666,0.3333333333333333,0.16666666666666666,7,0,73,STREET,75.0,75.0,0.0,331.0,102.0,16.19722457733622,390.0,723.0
BROOKLYN,-3,-28,40.675737704210526,-73.91636217105264,19,10,0,1.6666666666666667,0.0,-1.6666666666666667,13,1,73,STREET,42.10526315789473,73.68421052631578,15.789473684210526,703.0,797.0,29.99573227355399,99.0,35.0
BROOKLYN,-3,-27,40.67811824,-73.91665301166667,6,3,1,0.5,0.3333333333333333,-0.16666666666666669,6,0,73,STREET,16.666666666666664,83.33333333333334,0.0,332.0,323.0,13.945910149055313,474.0,512.0
BROOKLYN,-3,-26,40.680500871,-73.91563114099999,10,3,0,0.5,0.0,-0.5,8,0,73,STREET,60.0,90.0,0.0,704.0,525.0,18.397895272798372,320.0,317.0
BROOKLYN,-3,-25,40.68253738083333,-73.91609884833333,12,6,0,1.0,0.0,-1.0,10,0,73,STREET,58.333333333333336,75.0,0.0,705.0,716.0,22.564949357461536,230.0,128.0
BROOKLYN,-3,-24,40.68472152625,-73.9164016025,16,6,1,1.0,0.3333333333333333,-0.6666666666666667,11,0,73,STREET,56.25,81.25,0.0,333.0,627.0,24.833213344056215,176.0,210.0
BROOKLYN,-3,-23,40.686896159090914,-73.91660925727274,22,13,1,2.1666666666666665,0.3333333333333333,-1.8333333333333333,12,3,83,STREET,72.72727272727273,77.27272727272727,22.727272727272727,334.0,808.0,30.13549421592915,94.0,28.0
BROOKLYN,-3,-22,40.689457499,-73.91584193999999,10,7,0,1.1666666666666667,0.0,-1.1666666666666667,5,1,83,STREET,70.0,80.0,0.0,706.0,755.0,13.39789527279837,485.0,91.0
BROOKLYN,-3,-21,40.691486282,-73.916133744,15,9,2,1.5,0.6666666666666666,-0.8333333333333334,11,1,83,STREET,46.666666666666664,73.33333333333333,0.0,149.0,663.0,25.77258872223978,162.0,174.0
BROOKLYN,-3,-20,40.693275175000004,-73.9167503575,4,1,1,0.16666666666666666,0.3333333333333333,0.16666666666666666,4,0,83,HOUSING,50.0,25.0,75.0,335.0,103.0,9.6094379124341,652.0,724.0
BROOKLYN,-3,-18,40.69829766388889,-73.91751174277779,18,8,4,1.3333333333333333,1.3333333333333333,0.0,12,1,83,STREET,50.0,77.77777777777779,5.555555555555555,36.0,193.0,27.944438979166442,123.0,662.0
BROOKLYN,-3,-17,40.70034901142857,-73.91685577571428,7,5,0,0.8333333333333334,0.0,-0.8333333333333334,6,0,83,STREET,57.14285714285714,71.42857142857143,0.0,707.0,664.0,14.079441541679836,455.0,175.0
BROOKLYN,-2,-46,40.63549290363636,-73.91307756909092,11,4,1,0.6666666666666666,0.3333333333333333,-0.3333333333333333,8,0,69,STREET,72.72727272727273,90.9090909090909,0.0,336.0,441.0,18.484906649788,314.0,446.0
BROOKLYN,-2,-45,40.63731961142857,-73.913050975,14,6,1,1.0,0.3333333333333333,-0.6666666666666667,9,1,69,STREET,50.0,92.85714285714286,0.0,337.0,628.0,21.70805020110221,247.0,211.0
BROOKLYN,-2,-44,40.639354635000004,-73.91299465750001,4,1,0,0.16666666666666666,0.0,-0.16666666666666666,4,0,69,STREET,100.0,75.0,0.0,708.0,286.0,9.6094379124341,653.0,585.0
BROOKLYN,-2,-43,40.64180968,-73.913686895,4,1,1,0.16666666666666666,0.3333333333333333,0.16666666666666666,4,0,69,STREET,50.0,100.0,0.0,338.0,104.0,9.6094379124341,654.0,725.0
BROOKLYN,-2,-41,40.64592218,-73.91263445333333,6,5,0,0.8333333333333334,0.0,-0.8333333333333334,5,0,69,STREET,50.0,83.33333333333334,0.0,709.0,665.0,11.945910149055313,518.0,176.0
BROOKLYN,-2,-40,40.6493285,-73.91317427199999,5,2,0,0.3333333333333333,0.0,-0.3333333333333333,5,0,67,STREET,40.0,80.0,0.0,710.0,442.0,11.791759469228055,552.0,447.0
BROOKLYN,-2,-39,40.6510001575,-73.91310200249998,4,1,0,0.16666666666666666,0.0,-0.16666666666666666,4,0,67,STREET,25.0,75.0,0.0,711.0,287.0,9.6094379124341,655.0,586.0
BROOKLYN,-2,-38,40.6532609,-73.91273957,3,0,0,0.0,0.0,0.0,3,0,67,STREET,66.66666666666666,66.66666666666666,0.0,712.0,194.0,7.386294361119891,786.0,663.0
BROOKLYN,-2,-37,40.655689744,-73.913812558,5,2,1,0.3333333333333333,0.3333333333333333,0.0,5,0,67,STREET,80.0,60.0,0.0,339.0,195.0,11.791759469228055,553.0,664.0
BROOKLYN,-2,-36,40.657728521785714,-73.91364725357143,28,12,2,2.0,0.6666666666666666,-1.3333333333333335,15,4,73,STREET,39.285714285714285,82.14285714285714,0.0,150.0,780.0,37.367295829986475,36.0,50.0
BROOKLYN,-2,-35,40.65986873,-73.913992165,14,4,2,0.6666666666666666,0.6666666666666666,0.0,10,1,73,STREET,57.14285714285714,57.14285714285714,0.0,151.0,196.0,23.70805020110221,205.0,665.0
BROOKLYN,-2,-34,40.661980891666666,-73.91371336666667,6,1,0,0.16666666666666666,0.0,-0.16666666666666666,6,0,73,STREET,33.33333333333333,83.33333333333334,0.0,713.0,288.0,13.945910149055313,475.0,587.0
BROOKLYN,-2,-33,40.66400102,-73.91318328999999,5,2,0,0.3333333333333333,0.0,-0.3333333333333333,3,1,73,STREET,40.0,100.0,0.0,714.0,443.0,8.791759469228055,681.0,448.0
BROOKLYN,-2,-32,40.666248336,-73.91376792,5,4,0,0.6666666666666666,0.0,-0.6666666666666666,4,0,73,STREET,60.0,80.0,0.0,715.0,594.0,9.791759469228055,597.0,256.0
BROOKLYN,-2,-31,40.66927937095238,-73.91403145095238,21,7,3,1.1666666666666667,1.0,-0.16666666666666674,13,2,73,STREET,42.857142857142854,47.61904761904761,42.857142857142854,70.0,351.0,31.091042453358316,85.0,489.0
BROOKLYN,-2,-30,40.67123058928571,-73.91369273142857,42,10,19,1.6666666666666667,6.333333333333333,4.666666666666666,17,5,73,STREET,59.523809523809526,64.28571428571429,11.904761904761903,2.0,2.0,42.76120011569356,14.0,826.0
BROOKLYN,-2,-29,40.673425794,-73.91321860400001,10,4,1,0.6666666666666666,0.3333333333333333,-0.3333333333333333,9,0,73,STREET,70.0,80.0,20.0,340.0,444.0,20.397895272798372,288.0,449.0
BROOKLYN,-2,-28,40.67569803,-73.9135466075,4,3,0,0.5,0.0,-0.5,3,0,73,STREET,75.0,100.0,0.0,716.0,526.0,7.6094379124341005,710.0,318.0
BROOKLYN,-2,-27,40.678075392000004,-73.913151628,10,3,1,0.5,0.3333333333333333,-0.16666666666666669,8,0,73,STREET,60.0,60.0,0.0,341.0,324.0,18.397895272798372,321.0,513.0
BROOKLYN,-2,-26,40.67993505166667,-73.91263856750001,12,5,1,0.8333333333333334,0.3333333333333333,-0.5,8,0,73,STREET,50.0,91.66666666666666,0.0,342.0,527.0,18.564949357461536,310.0,319.0
BROOKLYN,-2,-25,40.68223100846154,-73.91360747,13,5,1,0.8333333333333334,0.3333333333333333,-0.5,11,0,73,STREET,38.46153846153847,100.0,0.0,343.0,528.0,24.63905732961526,187.0,320.0
BROOKLYN,-2,-24,40.685064557000004,-73.913707891,10,6,2,1.0,0.6666666666666666,-0.33333333333333337,6,0,83,STREET,80.0,50.0,0.0,152.0,478.0,14.39789527279837,429.0,358.0
BROOKLYN,-2,-23,40.68678774761904,-73.91382411714285,21,14,0,2.3333333333333335,0.0,-2.3333333333333335,10,3,83,STREET,76.19047619047619,90.47619047619048,0.0,717.0,821.0,26.091042453358316,151.0,10.0
BROOKLYN,-2,-22,40.689254352142854,-73.91352104214286,14,9,0,1.5,0.0,-1.5,10,0,83,STREET,42.857142857142854,92.85714285714286,7.142857142857142,718.0,789.0,22.70805020110221,222.0,44.0
BROOKLYN,-2,-21,40.69172623000001,-73.91321750374999,8,3,0,0.5,0.0,-0.5,7,0,83,STREET,25.0,62.5,0.0,719.0,529.0,16.19722457733622,391.0,321.0
BROOKLYN,-2,-20,40.6934315475,-73.9129340125,4,2,0,0.3333333333333333,0.0,-0.3333333333333333,4,0,83,STREET,75.0,75.0,0.0,720.0,445.0,9.6094379124341,656.0,450.0
BROOKLYN,-2,-18,40.698350492222225,-73.91386424333334,9,4,3,0.6666666666666666,1.0,0.33333333333333337,6,1,83,STREET,66.66666666666666,88.88888888888889,0.0,71.0,51.0,15.302585092994047,421.0,778.0
BROOKLYN,-2,-17,40.700109876000006,-73.913522884,5,1,0,0.16666666666666666,0.0,-0.16666666666666666,5,0,83,STREET,60.0,60.0,0.0,721.0,289.0,11.791759469228055,554.0,588.0
BROOKLYN,-1,-47,40.633210903333335,-73.91005164333333,3,3,0,0.5,0.0,-0.5,3,0,69,STREET,100.0,66.66666666666666,0.0,722.0,530.0,7.386294361119891,787.0,322.0
BROOKLYN,-1,-46,40.635533092500005,-73.9110567375,4,1,3,0.16666666666666666,1.0,0.8333333333333334,2,1,69,PLAYGROUND,25.0,50.0,0.0,72.0,18.0,6.6094379124341005,808.0,811.0
BROOKLYN,-1,-45,40.63694044333334,-73.91081086,9,1,1,0.16666666666666666,0.3333333333333333,0.16666666666666666,7,0,69,STREET,22.22222222222222,88.88888888888889,0.0,344.0,105.0,16.302585092994047,374.0,726.0
BROOKLYN,-1,-41,40.646043963333334,-73.91038508666666,3,0,0,0.0,0.0,0.0,3,0,69,STREET,66.66666666666666,100.0,0.0,723.0,197.0,7.386294361119891,788.0,666.0
BROOKLYN,-1,-38,40.653863436,-73.91102012200001,25,6,1,1.0,0.3333333333333333,-0.6666666666666667,12,4,67,STREET,56.00000000000001,80.0,0.0,345.0,629.0,31.258096538021483,78.0,212.0
BROOKLYN,-1,-37,40.65564091666667,-73.91049689133334,15,1,5,0.16666666666666666,1.6666666666666667,1.5,9,2,73,STREET,60.0,73.33333333333333,0.0,14.0,6.0,22.77258872223978,214.0,822.0
BROOKLYN,-1,-36,40.65759033137931,-73.9105987475862,29,10,4,1.6666666666666667,1.3333333333333333,-0.3333333333333335,15,4,73,STREET,62.06896551724138,93.10344827586206,0.0,37.0,481.0,37.40119738166216,35.0,348.0
BROOKLYN,-1,-35,40.66029544,-73.91009698809525,21,9,1,1.5,0.3333333333333333,-1.1666666666666667,12,3,73,STREET,66.66666666666666,100.0,0.0,346.0,756.0,30.091042453358316,95.0,92.0
BROOKLYN,-1,-34,40.66257320509804,-73.91030633705883,51,21,8,3.5,2.6666666666666665,-0.8333333333333335,18,6,73,STREET,62.745098039215684,92.15686274509804,0.0,7.0,687.0,45.95124371858143,8.0,145.0
BROOKLYN,-1,-33,40.66430949611111,-73.91027663555555,18,14,1,2.3333333333333335,0.3333333333333333,-2.0,9,3,73,STREET,50.0,88.88888888888889,5.555555555555555,347.0,814.0,23.944438979166442,194.0,15.0
BROOKLYN,-1,-32,40.667040245,-73.90940393,22,13,2,2.1666666666666665,0.6666666666666666,-1.5,12,2,73,HOUSING,31.818181818181817,27.27272727272727,72.72727272727273,153.0,790.0,29.13549421592915,106.0,45.0
BROOKLYN,-1,-31,40.669272344,-73.91040650333333,15,5,1,0.8333333333333334,0.3333333333333333,-0.5,11,1,73,STREET,33.33333333333333,60.0,6.666666666666667,348.0,531.0,25.77258872223978,163.0,323.0
BROOKLYN,-1,-30,40.67150591428572,-73.91027054,21,9,2,1.5,0.6666666666666666,-0.8333333333333334,14,1,73,HOUSING,52.38095238095239,4.761904761904762,95.23809523809523,154.0,666.0,32.09104245335831,71.0,177.0
BROOKLYN,-1,-29,40.672702234545454,-73.91021489818182,11,6,0,1.0,0.0,-1.0,9,0,73,HOUSING,54.54545454545454,9.090909090909092,90.9090909090909,724.0,717.0,20.484906649788,277.0,129.0
BROOKLYN,-1,-28,40.675779712,-73.910706362,5,3,0,0.5,0.0,-0.5,4,0,73,STREET,80.0,100.0,0.0,725.0,532.0,9.791759469228055,598.0,324.0
BROOKLYN,-1,-27,40.677802841818185,-73.91077717045455,22,8,2,1.3333333333333333,0.6666666666666666,-0.6666666666666666,14,0,73,STREET,50.0,81.81818181818183,0.0,155.0,595.0,31.13549421592915,80.0,257.0
BROOKLYN,-1,-26,40.67974499,-73.91022370333333,15,8,1,1.3333333333333333,0.3333333333333333,-1.0,9,1,73,STREET,33.33333333333333,80.0,0.0,349.0,718.0,21.77258872223978,243.0,130.0
BROOKLYN,-1,-25,40.682550361428575,-73.91059897357144,14,3,1,0.5,0.3333333333333333,-0.16666666666666669,10,1,73,STREET,42.857142857142854,78.57142857142857,0.0,350.0,325.0,23.70805020110221,206.0,514.0
BROOKLYN,-1,-24,40.684648859999996,-73.91100590857144,7,5,0,0.8333333333333334,0.0,-0.8333333333333334,5,0,83,STREET,57.14285714285714,57.14285714285714,0.0,726.0,667.0,12.079441541679836,497.0,178.0
BROOKLYN,-1,-23,40.68710325666667,-73.91055827,3,2,0,0.3333333333333333,0.0,-0.3333333333333333,3,0,83,STREET,66.66666666666666,66.66666666666666,0.0,727.0,446.0,7.386294361119891,789.0,451.0
BROOKLYN,-1,-22,40.6894229475,-73.9104286475,8,5,0,0.8333333333333334,0.0,-0.8333333333333334,7,0,83,STREET,87.5,87.5,0.0,728.0,668.0,16.19722457733622,392.0,179.0
BROOKLYN,-1,-21,40.69141850333334,-73.9105705125,12,8,0,1.3333333333333333,0.0,-1.3333333333333333,8,0,83,STREET,83.33333333333334,91.66666666666666,0.0,729.0,770.0,18.564949357461536,311.0,60.0
BROOKLYN,-1,-20,40.693363104615386,-73.91048126230768,13,6,1,1.0,0.3333333333333333,-0.6666666666666667,11,0,83,STREET,61.53846153846154,92.3076923076923,0.0,351.0,630.0,24.63905732961526,188.0,213.0
BROOKLYN,-1,-19,40.69536523666667,-73.91084289666667,3,3,0,0.5,0.0,-0.5,2,0,83,STREET,66.66666666666666,100.0,0.0,730.0,533.0,5.386294361119891,822.0,325.0
BROOKLYN,0,-63,40.59614039,-73.90745735666665,3,1,0,0.16666666666666666,0.0,-0.16666666666666666,3,0,63,STREET,100.0,66.66666666666666,0.0,731.0,290.0,7.386294361119891,790.0,589.0
BROOKLYN,0,-45,40.63768097,-73.90804504428573,7,0,0,0.0,0.0,0.0,5,0,69,STREET,42.857142857142854,57.14285714285714,0.0,732.0,198.0,12.079441541679836,498.0,667.0
BROOKLYN,0,-44,40.63982009,-73.907123535,4,3,0,0.5,0.0,-0.5,4,0,69,STREET,50.0,75.0,0.0,733.0,534.0,9.6094379124341,657.0,326.0
BROOKLYN,0,-37,40.655467216666665,-73.90743032666667,3,2,0,0.3333333333333333,0.0,-0.3333333333333333,3,0,73,STREET,66.66666666666666,100.0,0.0,734.0,447.0,7.386294361119891,791.0,452.0
BROOKLYN,0,-36,40.65778565037037,-73.90782263370372,27,9,2,1.5,0.6666666666666666,-0.8333333333333334,14,3,73,STREET,44.44444444444444,85.18518518518519,0.0,156.0,669.0,34.3322045101752,53.0,180.0
BROOKLYN,0,-35,40.659840876000004,-73.907353725,10,5,1,0.8333333333333334,0.3333333333333333,-0.5,9,0,73,STREET,40.0,100.0,0.0,352.0,535.0,20.397895272798372,289.0,327.0
BROOKLYN,0,-34,40.66239627244899,-73.90758072244898,49,13,6,2.1666666666666665,2.0,-0.16666666666666652,19,7,73,STREET,63.26530612244898,51.02040816326531,44.89795918367347,10.0,226.0,48.912023005428146,3.0,602.0
BROOKLYN,0,-33,40.664522375882356,-73.90762292764705,34,17,0,2.8333333333333335,0.0,-2.8333333333333335,12,7,73,HOUSING,44.11764705882353,0.0,100.0,735.0,823.0,34.55534806148941,51.0,5.0
BROOKLYN,0,-32,40.66709762043478,-73.90719753347825,69,27,2,4.5,0.6666666666666666,-3.8333333333333335,18,13,73,HOUSING,53.62318840579711,11.594202898550725,88.40579710144928,157.0,827.0,53.24849524204936,1.0,1.0
BROOKLYN,0,-31,40.66921989139535,-73.90743876604651,43,16,4,2.6666666666666665,1.3333333333333333,-1.3333333333333333,19,6,73,STREET,46.51162790697674,86.04651162790698,0.0,38.0,771.0,47.78418963391826,5.0,61.0
BROOKLYN,0,-30,40.67093560886364,-73.90747608681819,44,22,2,3.6666666666666665,0.6666666666666666,-3.0,14,6,73,HOUSING,59.09090909090909,40.909090909090914,56.81818181818182,158.0,824.0,37.80666248977032,34.0,4.0
BROOKLYN,0,-29,40.673181344999996,-73.90771336375,8,0,1,0.0,0.3333333333333333,0.3333333333333333,7,0,73,HOUSING,62.5,25.0,75.0,353.0,73.0,16.19722457733622,393.0,765.0
BROOKLYN,0,-28,40.67590641111111,-73.90785900333334,9,1,2,0.16666666666666666,0.6666666666666666,0.5,8,0,73,STREET,44.44444444444444,55.55555555555556,0.0,159.0,38.0,18.302585092994047,329.0,790.0
BROOKLYN,0,-27,40.677886512,-73.90735233333334,15,8,0,1.3333333333333333,0.0,-1.3333333333333333,10,0,73,STREET,66.66666666666666,86.66666666666667,0.0,736.0,772.0,22.77258872223978,215.0,62.0
BROOKLYN,0,-26,40.6807137725,-73.90845669812501,16,3,1,0.5,0.3333333333333333,-0.16666666666666669,12,2,73,HOUSING,43.75,31.25,68.75,354.0,326.0,28.833213344056215,111.0,515.0
BROOKLYN,0,-25,40.682236329999995,-73.9084149757143,14,8,2,1.3333333333333333,0.6666666666666666,-0.6666666666666666,8,1,83,STREET,50.0,71.42857142857143,7.142857142857142,160.0,596.0,19.70805020110221,292.0,258.0
BROOKLYN,0,-24,40.684484405,-73.90780768750001,4,1,1,0.16666666666666666,0.3333333333333333,0.16666666666666666,4,0,83,STREET,50.0,75.0,0.0,355.0,106.0,9.6094379124341,658.0,727.0
BROOKLYN,0,-23,40.687230838,-73.90748550900001,10,8,0,1.3333333333333333,0.0,-1.3333333333333333,7,0,83,STREET,60.0,90.0,0.0,737.0,773.0,16.397895272798372,363.0,63.0
BROOKLYN,0,-22,40.68971069555556,-73.90773776444445,9,5,0,0.8333333333333334,0.0,-0.8333333333333334,8,0,83,STREET,88.88888888888889,100.0,0.0,738.0,670.0,18.302585092994047,330.0,181.0
BROOKLYN,0,-21,40.691037809444445,-73.90737612722222,18,8,0,1.3333333333333333,0.0,-1.3333333333333333,11,1,83,STREET,66.66666666666666,88.88888888888889,0.0,739.0,774.0,25.944438979166442,156.0,64.0
BROOKLYN,0,-20,40.69413193333334,-73.90795302166667,6,4,0,0.6666666666666666,0.0,-0.6666666666666666,5,0,83,STREET,66.66666666666666,100.0,0.0,740.0,597.0,11.945910149055313,519.0,259.0
BROOKLYN,0,-19,40.69664188,-73.90663627666667,3,0,0,0.0,0.0,0.0,2,0,83,STREET,100.0,66.66666666666666,0.0,741.0,199.0,5.386294361119891,823.0,668.0
BROOKLYN,1,-47,40.633142156,-73.90510838600001,5,3,0,0.5,0.0,-0.5,5,0,69,STREET,80.0,100.0,0.0,742.0,536.0,11.791759469228055,555.0,328.0
BROOKLYN,1,-43,40.64145636166666,-73.90451547333333,6,1,2,0.16666666666666666,0.6666666666666666,0.5,6,0,69,STREET,50.0,50.0,0.0,161.0,39.0,13.945910149055313,476.0,791.0
BROOKLYN,1,-42,40.64418537,-73.90424131,3,2,0,0.3333333333333333,0.0,-0.3333333333333333,2,0,69,STREET,66.66666666666666,100.0,0.0,743.0,448.0,5.386294361119891,824.0,453.0
BROOKLYN,1,-40,40.64861355,-73.9052572,10,1,6,0.16666666666666666,2.0,1.8333333333333333,7,1,69,STREET,80.0,80.0,0.0,11.0,3.0,17.397895272798372,347.0,824.0
BROOKLYN,1,-37,40.655978678333334,-73.90428545833335,18,4,2,0.6666666666666666,0.6666666666666666,0.0,10,2,73,STREET,66.66666666666666,77.77777777777779,0.0,162.0,200.0,24.944438979166442,169.0,669.0
BROOKLYN,1,-36,40.65744404611112,-73.904234,36,15,3,2.5,1.0,-1.5,14,5,73,STREET,66.66666666666666,75.0,0.0,73.0,791.0,36.610917912644226,39.0,46.0
BROOKLYN,1,-34,40.66278685533334,-73.90522794,15,5,1,0.8333333333333334,0.3333333333333333,-0.5,10,2,73,HOUSING,73.33333333333333,46.666666666666664,46.666666666666664,356.0,537.0,24.77258872223978,180.0,329.0
BROOKLYN,1,-33,40.66486727,-73.9041924,15,1,6,0.16666666666666666,2.0,1.8333333333333333,9,1,73,HOUSING,46.666666666666664,0.0,100.0,12.0,4.0,21.77258872223978,244.0,825.0
BROOKLYN,1,-32,40.666985374347824,-73.90501530130436,23,9,1,1.5,0.3333333333333333,-1.1666666666666667,17,1,73,HOUSING,69.56521739130434,17.391304347826086,82.6086956521739,357.0,757.0,38.17805383034795,33.0,93.0
BROOKLYN,1,-31,40.66896323756097,-73.90453530146343,41,13,5,2.1666666666666665,1.6666666666666667,-0.4999999999999998,17,6,73,HOUSING,48.78048780487805,7.317073170731707,92.6829268292683,15.0,482.0,43.73766961828337,10.0,346.0
BROOKLYN,1,-30,40.67079564,-73.90508798799999,5,3,1,0.5,0.3333333333333333,-0.16666666666666669,5,0,73,STREET,60.0,100.0,0.0,358.0,327.0,11.791759469228055,556.0,516.0
BROOKLYN,1,-29,40.673226041666666,-73.90474758333333,6,1,2,0.16666666666666666,0.6666666666666666,0.5,5,0,73,STREET,83.33333333333334,66.66666666666666,0.0,163.0,40.0,11.945910149055313,520.0,792.0
BROOKLYN,1,-28,40.67586810333333,-73.905005185,6,0,0,0.0,0.0,0.0,4,0,73,STREET,50.0,100.0,0.0,744.0,201.0,9.945910149055313,580.0,670.0
BROOKLYN,1,-26,40.68016223000001,-73.9054710725,4,3,0,0.5,0.0,-0.5,3,0,73,STREET,75.0,75.0,0.0,745.0,538.0,7.6094379124341005,711.0,330.0
BROOKLYN,1,-25,40.68237471285714,-73.90522675142857,7,5,0,0.8333333333333334,0.0,-0.8333333333333334,5,0,83,STREET,71.42857142857143,100.0,0.0,746.0,671.0,12.079441541679836,499.0,182.0
BROOKLYN,1,-22,40.68891774625,-73.90550733125,8,1,1,0.16666666666666666,0.3333333333333333,0.16666666666666666,6,1,83,STREET,50.0,87.5,0.0,359.0,107.0,15.19722457733622,427.0,728.0
BROOKLYN,1,-21,40.691440612,-73.90493239,5,1,1,0.16666666666666666,0.3333333333333333,0.16666666666666666,5,0,83,DWELLING,40.0,40.0,0.0,360.0,108.0,11.791759469228055,557.0,729.0
BROOKLYN,2,-47,40.63346177375,-73.90174655875,8,1,2,0.16666666666666666,0.6666666666666666,0.5,8,0,69,STREET,25.0,87.5,0.0,164.0,41.0,18.19722457733622,338.0,793.0
BROOKLYN,2,-46,40.63467053666667,-73.90150473666667,3,1,0,0.16666666666666666,0.0,-0.16666666666666666,3,0,69,STREET,33.33333333333333,66.66666666666666,0.0,747.0,291.0,7.386294361119891,792.0,590.0
BROOKLYN,2,-44,40.63943072875,-73.90182199875001,8,4,0,0.6666666666666666,0.0,-0.6666666666666666,6,0,69,STREET,50.0,87.5,0.0,748.0,598.0,14.19722457733622,446.0,260.0
BROOKLYN,2,-43,40.64206789,-73.90167878333334,3,2,0,0.3333333333333333,0.0,-0.3333333333333333,3,0,69,STREET,33.33333333333333,66.66666666666666,0.0,749.0,449.0,7.386294361119891,793.0,454.0
BROOKLYN,2,-42,40.6440321425,-73.90196297,8,4,2,0.6666666666666666,0.6666666666666666,0.0,7,0,69,STREET,62.5,87.5,0.0,165.0,202.0,16.19722457733622,394.0,671.0
BROOKLYN,2,-41,40.64564445,-73.90287589,5,1,1,0.16666666666666666,0.3333333333333333,0.16666666666666666,5,0,69,STREET,40.0,80.0,0.0,361.0,109.0,11.791759469228055,558.0,730.0
BROOKLYN,2,-36,40.657758726,-73.901463438,5,4,0,0.6666666666666666,0.0,-0.6666666666666666,5,0,73,STREET,60.0,80.0,0.0,750.0,599.0,11.791759469228055,559.0,261.0
BROOKLYN,2,-35,40.659478400000005,-73.90101157000001,3,1,0,0.16666666666666666,0.0,-0.16666666666666666,3,0,73,STREET,33.33333333333333,100.0,0.0,751.0,292.0,7.386294361119891,794.0,591.0
BROOKLYN,2,-33,40.663616350000005,-73.90176927750001,4,1,0,0.16666666666666666,0.0,-0.16666666666666666,3,0,73,STREET,50.0,50.0,25.0,752.0,293.0,7.6094379124341005,712.0,592.0
BROOKLYN,2,-32,40.666853861999996,-73.901496866,5,2,1,0.3333333333333333,0.3333333333333333,0.0,5,0,73,STREET,60.0,100.0,0.0,362.0,203.0,11.791759469228055,560.0,672.0
BROOKLYN,2,-31,40.668285913333335,-73.90257697333334,9,1,0,0.16666666666666666,0.0,-0.16666666666666666,8,0,73,STREET,77.77777777777779,100.0,0.0,753.0,294.0,18.302585092994047,331.0,593.0
BROOKLYN,2,-30,40.6709863,-73.90202427333332,3,2,0,0.3333333333333333,0.0,-0.3333333333333333,3,0,75,STREET,66.66666666666666,100.0,0.0,754.0,450.0,7.386294361119891,795.0,455.0
BROOKLYN,2,-28,40.67574509384615,-73.90150480846154,13,1,1,0.16666666666666666,0.3333333333333333,0.16666666666666666,8,2,75,STREET,69.23076923076923,100.0,0.0,363.0,110.0,20.63905732961526,265.0,731.0
BROOKLYN,2,-27,40.677450612,-73.901798476,5,3,1,0.5,0.3333333333333333,-0.16666666666666669,5,0,75,STREET,40.0,100.0,0.0,364.0,328.0,11.791759469228055,561.0,517.0
BROOKLYN,3,-48,40.6314514,-73.89996751,3,1,1,0.16666666666666666,0.3333333333333333,0.16666666666666666,3,0,69,STREET,0.0,66.66666666666666,0.0,365.0,111.0,7.386294361119891,796.0,732.0
BROOKLYN,3,-46,40.635399400000004,-73.8987473975,4,2,0,0.3333333333333333,0.0,-0.3333333333333333,3,0,69,STREET,50.0,100.0,0.0,755.0,451.0,7.6094379124341005,713.0,456.0
BROOKLYN,3,-45,40.63736017666667,-73.89806704166666,6,0,1,0.0,0.3333333333333333,0.3333333333333333,5,0,69,STREET,66.66666666666666,83.33333333333334,0.0,366.0,74.0,11.945910149055313,521.0,766.0
BROOKLYN,3,-43,40.6422064225,-73.89791370500001,4,2,0,0.3333333333333333,0.0,-0.3333333333333333,4,0,69,STREET,50.0,75.0,0.0,756.0,452.0,9.6094379124341,659.0,457.0
BROOKLYN,3,-41,40.64621035166667,-73.89866072000001,6,1,1,0.16666666666666666,0.3333333333333333,0.16666666666666666,6,0,69,STREET,83.33333333333334,83.33333333333334,0.0,367.0,112.0,13.945910149055313,477.0,733.0
BROOKLYN,3,-40,40.64856489363636,-73.89796802545455,11,5,0,0.8333333333333334,0.0,-0.8333333333333334,8,1,69,STREET,54.54545454545454,63.63636363636363,27.27272727272727,757.0,672.0,19.484906649788,304.0,183.0
BROOKLYN,3,-36,40.657432856666674,-73.89864847166668,6,3,0,0.5,0.0,-0.5,4,0,75,STREET,66.66666666666666,66.66666666666666,0.0,758.0,539.0,9.945910149055313,581.0,331.0
BROOKLYN,3,-35,40.66029879666667,-73.89857083166667,6,2,1,0.3333333333333333,0.3333333333333333,0.0,6,0,75,STREET,50.0,100.0,0.0,368.0,204.0,13.945910149055313,478.0,673.0
BROOKLYN,3,-34,40.66249071666667,-73.89863979333333,9,4,0,0.6666666666666666,0.0,-0.6666666666666666,8,0,75,STREET,44.44444444444444,88.88888888888889,0.0,759.0,600.0,18.302585092994047,332.0,262.0
BROOKLYN,3,-33,40.66383895111111,-73.89787919888889,9,2,1,0.3333333333333333,0.3333333333333333,0.0,7,1,75,STREET,44.44444444444444,77.77777777777779,0.0,369.0,205.0,17.302585092994047,351.0,674.0
BROOKLYN,3,-32,40.666538282727274,-73.8987314209091,22,12,4,2.0,1.3333333333333333,-0.6666666666666667,11,2,75,HOUSING,63.63636363636363,27.27272727272727,50.0,39.0,631.0,27.13549421592915,131.0,214.0
BROOKLYN,3,-31,40.668732990625,-73.898443106875,16,9,2,1.5,0.6666666666666666,-0.8333333333333334,10,1,75,STREET,56.25,56.25,18.75,166.0,673.0,23.833213344056215,196.0,184.0
BROOKLYN,3,-28,40.6756403875,-73.898428535,4,0,1,0.0,0.3333333333333333,0.3333333333333333,4,0,75,STREET,50.0,75.0,0.0,370.0,75.0,9.6094379124341,660.0,767.0
BROOKLYN,3,-27,40.67750048,-73.8982274075,4,0,0,0.0,0.0,0.0,4,0,75,STREET,25.0,100.0,0.0,760.0,206.0,9.6094379124341,661.0,675.0
BROOKLYN,4,-48,40.63059904000001,-73.8952339325,4,2,0,0.3333333333333333,0.0,-0.3333333333333333,4,0,69,STREET,100.0,50.0,0.0,761.0,453.0,9.6094379124341,662.0,458.0
BROOKLYN,4,-47,40.632970478000004,-73.894560982,5,1,1,0.16666666666666666,0.3333333333333333,0.16666666666666666,4,0,69,STREET,40.0,80.0,0.0,371.0,113.0,9.791759469228055,599.0,734.0
BROOKLYN,4,-46,40.63532261333333,-73.89651427166667,6,4,0,0.6666666666666666,0.0,-0.6666666666666666,4,0,69,STREET,66.66666666666666,50.0,0.0,762.0,601.0,9.945910149055313,582.0,263.0
BROOKLYN,4,-45,40.63764098888889,-73.89594439333334,9,1,2,0.16666666666666666,0.6666666666666666,0.5,6,1,69,STREET,44.44444444444444,100.0,0.0,167.0,42.0,15.302585092994047,422.0,794.0
BROOKLYN,4,-42,40.64425586666667,-73.895367745,6,4,1,0.6666666666666666,0.3333333333333333,-0.3333333333333333,6,0,69,STREET,50.0,66.66666666666666,0.0,372.0,454.0,13.945910149055313,479.0,459.0
BROOKLYN,4,-41,40.64691477833333,-73.8962740775,12,6,0,1.0,0.0,-1.0,8,1,69,HOUSING,33.33333333333333,41.66666666666667,50.0,763.0,719.0,19.564949357461536,298.0,131.0
BROOKLYN,4,-40,40.649129058125,-73.896311401875,16,6,1,1.0,0.3333333333333333,-0.6666666666666667,10,2,69,HOUSING,56.25,12.5,75.0,373.0,632.0,24.833213344056215,177.0,215.0
BROOKLYN,4,-39,40.65110651416666,-73.89575551666667,12,3,0,0.5,0.0,-0.5,9,1,69,HOUSING,66.66666666666666,0.0,100.0,764.0,540.0,21.564949357461536,256.0,332.0
BROOKLYN,4,-38,40.653052675714285,-73.89663238428572,7,3,0,0.5,0.0,-0.5,5,0,69,HOUSING,57.14285714285714,0.0,100.0,765.0,541.0,12.079441541679836,500.0,333.0
BROOKLYN,4,-36,40.65768609571429,-73.89601507142856,7,2,2,0.3333333333333333,0.6666666666666666,0.3333333333333333,6,0,75,STREET,28.57142857142857,71.42857142857143,0.0,168.0,76.0,14.079441541679836,456.0,768.0
BROOKLYN,4,-35,40.66045621571429,-73.89541964714287,7,1,3,0.16666666666666666,1.0,0.8333333333333334,6,0,75,STREET,42.857142857142854,71.42857142857143,0.0,74.0,19.0,14.079441541679836,457.0,812.0
BROOKLYN,4,-34,40.662034384,-73.89597951200001,10,6,0,1.0,0.0,-1.0,6,1,75,STREET,10.0,90.0,0.0,766.0,720.0,15.39789527279837,417.0,132.0
BROOKLYN,4,-33,40.66477868117647,-73.89517711882353,17,8,1,1.3333333333333333,0.3333333333333333,-1.0,12,1,75,STREET,52.94117647058824,88.23529411764706,0.0,374.0,721.0,27.890371757896165,125.0,133.0
BROOKLYN,4,-32,40.66724261666666,-73.89637542179487,39,16,4,2.6666666666666665,1.3333333333333333,-1.3333333333333333,19,5,75,HOUSING,51.28205128205128,20.51282051282051,71.7948717948718,40.0,775.0,46.68887945411394,7.0,65.0
BROOKLYN,4,-31,40.668905069090904,-73.89620639454544,33,15,2,2.5,0.6666666666666666,-1.8333333333333335,17,5,75,STREET,51.515151515151516,48.484848484848484,30.303030303030305,169.0,811.0,42.52636052461616,16.0,19.0
BROOKLYN,4,-30,40.6709156975,-73.8958582375,4,1,1,0.16666666666666666,0.3333333333333333,0.16666666666666666,4,0,75,STREET,25.0,100.0,0.0,375.0,114.0,9.6094379124341,663.0,735.0
BROOKLYN,4,-29,40.673466205714284,-73.89598584142857,7,3,0,0.5,0.0,-0.5,6,0,75,STREET,85.71428571428571,85.71428571428571,0.0,767.0,542.0,14.079441541679836,458.0,334.0
BROOKLYN,4,-28,40.675874022,-73.89618685800001,5,2,1,0.3333333333333333,0.3333333333333333,0.0,5,0,75,STREET,60.0,60.0,0.0,376.0,207.0,11.791759469228055,562.0,676.0
BROOKLYN,4,-27,40.67821274125,-73.89591263875,8,3,2,0.5,0.6666666666666666,0.16666666666666663,4,1,75,STREET,50.0,87.5,0.0,170.0,129.0,11.19722457733622,571.0,700.0
BROOKLYN,5,-47,40.633531244000004,-73.891910548,5,1,1,0.16666666666666666,0.3333333333333333,0.16666666666666666,4,0,69,STREET,40.0,100.0,0.0,377.0,115.0,9.791759469228055,600.0,736.0
BROOKLYN,5,-46,40.635363845,-73.89283228250001,4,0,0,0.0,0.0,0.0,3,0,69,STREET,75.0,100.0,0.0,768.0,208.0,7.6094379124341005,714.0,677.0
BROOKLYN,5,-43,40.642518146,-73.892401186,5,4,1,0.6666666666666666,0.3333333333333333,-0.3333333333333333,3,0,69,STREET,60.0,60.0,0.0,378.0,455.0,7.7917594692280545,688.0,460.0
BROOKLYN,5,-42,40.64446765,-73.8928608925,4,1,0,0.16666666666666666,0.0,-0.16666666666666666,3,0,69,STREET,75.0,75.0,0.0,769.0,295.0,7.6094379124341005,715.0,594.0
BROOKLYN,5,-41,40.646327126,-73.89273521999999,5,2,0,0.3333333333333333,0.0,-0.3333333333333333,5,0,69,STREET,40.0,100.0,0.0,770.0,456.0,11.791759469228055,563.0,461.0
BROOKLYN,5,-40,40.649305795000004,-73.8929833175,16,5,3,0.8333333333333334,1.0,0.16666666666666663,11,2,69,HOUSING,56.25,0.0,93.75,75.0,130.0,26.833213344056215,146.0,701.0
BROOKLYN,5,-38,40.65295911,-73.89360799166667,12,4,0,0.6666666666666666,0.0,-0.6666666666666666,6,2,69,HOUSING,66.66666666666666,25.0,50.0,771.0,602.0,16.564949357461536,357.0,264.0
BROOKLYN,5,-36,40.65709466166667,-73.89295445666667,6,1,2,0.16666666666666666,0.6666666666666666,0.5,4,0,75,STREET,66.66666666666666,66.66666666666666,0.0,171.0,43.0,9.945910149055313,583.0,795.0
BROOKLYN,5,-35,40.66021792454546,-73.89294185272728,11,5,2,0.8333333333333334,0.6666666666666666,-0.16666666666666674,10,0,75,STREET,63.63636363636363,54.54545454545454,0.0,172.0,352.0,22.484906649788,235.0,490.0
BROOKLYN,5,-34,40.662003027857146,-73.89321055428572,14,4,0,0.6666666666666666,0.0,-0.6666666666666666,10,1,75,STREET,64.28571428571429,71.42857142857143,0.0,772.0,603.0,23.70805020110221,207.0,265.0
BROOKLYN,5,-33,40.664619306666665,-73.89276335500001,12,5,0,0.8333333333333334,0.0,-0.8333333333333334,9,0,75,STREET,58.333333333333336,91.66666666666666,0.0,773.0,674.0,20.564949357461536,270.0,185.0
BROOKLYN,5,-32,40.66651491230769,-73.89218185076923,13,9,1,1.5,0.3333333333333333,-1.1666666666666667,10,1,75,STREET,61.53846153846154,76.92307692307693,0.0,379.0,758.0,23.63905732961526,209.0,94.0
BROOKLYN,5,-31,40.668939564285715,-73.89204257714286,7,3,1,0.5,0.3333333333333333,-0.16666666666666669,7,0,75,STREET,57.14285714285714,57.14285714285714,0.0,380.0,329.0,16.079441541679834,411.0,518.0
BROOKLYN,5,-30,40.67159766142857,-73.89285247428572,7,5,0,0.8333333333333334,0.0,-0.8333333333333334,5,0,75,STREET,28.57142857142857,71.42857142857143,0.0,774.0,675.0,12.079441541679836,501.0,186.0
BROOKLYN,5,-29,40.67288030714286,-73.89178676380953,21,10,3,1.6666666666666667,1.0,-0.6666666666666667,16,1,75,HOUSING,33.33333333333333,23.809523809523807,71.42857142857143,76.0,633.0,36.09104245335831,44.0,216.0
BROOKLYN,5,-28,40.67621758285715,-73.89208384,7,3,1,0.5,0.3333333333333333,-0.16666666666666669,5,0,75,STREET,71.42857142857143,71.42857142857143,0.0,381.0,330.0,12.079441541679836,502.0,519.0
BROOKLYN,5,-27,40.6778109775,-73.89255722624999,8,2,0,0.3333333333333333,0.0,-0.3333333333333333,7,0,75,STREET,62.5,87.5,0.0,775.0,457.0,16.19722457733622,395.0,462.0
BROOKLYN,5,-26,40.680371105999996,-73.892641522,5,3,0,0.5,0.0,-0.5,4,0,75,STREET,80.0,100.0,0.0,776.0,543.0,9.791759469228055,601.0,335.0
BROOKLYN,6,-47,40.633369516923075,-73.88929103923076,13,4,3,0.6666666666666666,1.0,0.33333333333333337,10,0,69,HOUSING,53.84615384615385,30.76923076923077,38.46153846153847,77.0,52.0,22.63905732961526,226.0,779.0
BROOKLYN,6,-46,40.63463531000001,-73.88990338,3,0,0,0.0,0.0,0.0,3,0,69,STREET,66.66666666666666,66.66666666666666,33.33333333333333,777.0,209.0,7.386294361119891,797.0,678.0
BROOKLYN,6,-43,40.64213526,-73.88995046,4,2,1,0.3333333333333333,0.3333333333333333,0.0,3,0,69,STREET,50.0,75.0,0.0,382.0,210.0,7.6094379124341005,716.0,679.0
BROOKLYN,6,-37,40.65556107555556,-73.88971026555556,9,2,3,0.3333333333333333,1.0,0.6666666666666667,7,1,75,STREET,44.44444444444444,66.66666666666666,11.11111111111111,78.0,24.0,17.302585092994047,352.0,807.0
BROOKLYN,6,-36,40.657586384,-73.889992368,5,4,0,0.6666666666666666,0.0,-0.6666666666666666,4,0,75,STREET,60.0,60.0,0.0,778.0,604.0,9.791759469228055,602.0,266.0
BROOKLYN,6,-35,40.659759759375,-73.890373493125,16,8,2,1.3333333333333333,0.6666666666666666,-0.6666666666666666,11,1,75,STREET,50.0,75.0,0.0,173.0,605.0,25.833213344056215,160.0,267.0
BROOKLYN,6,-34,40.66240688052631,-73.88932085947368,19,4,2,0.6666666666666666,0.6666666666666666,0.0,8,3,75,STREET,52.63157894736842,84.21052631578947,0.0,174.0,211.0,21.99573227355399,238.0,680.0
BROOKLYN,6,-33,40.66457800041667,-73.88984194333334,24,10,1,1.6666666666666667,0.3333333333333333,-1.3333333333333335,14,3,75,STREET,66.66666666666666,91.66666666666666,0.0,383.0,781.0,34.2188758248682,55.0,51.0
BROOKLYN,6,-32,40.666695465714284,-73.88951317,7,3,0,0.5,0.0,-0.5,6,0,75,STREET,57.14285714285714,85.71428571428571,0.0,779.0,544.0,14.079441541679836,459.0,336.0
BROOKLYN,6,-31,40.66889504421053,-73.88970547947369,19,8,2,1.3333333333333333,0.6666666666666666,-0.6666666666666666,14,0,75,STREET,36.84210526315789,57.89473684210527,0.0,175.0,606.0,30.99573227355399,87.0,268.0
BROOKLYN,6,-30,40.67160306545455,-73.88981941909091,11,5,0,0.8333333333333334,0.0,-0.8333333333333334,9,0,75,STREET,54.54545454545454,81.81818181818183,0.0,780.0,676.0,20.484906649788,278.0,187.0
BROOKLYN,6,-29,40.67285976238095,-73.89024317666667,21,7,0,1.1666666666666667,0.0,-1.1666666666666667,10,4,75,HOUSING,52.38095238095239,33.33333333333333,47.61904761904761,781.0,759.0,27.091042453358316,134.0,95.0
BROOKLYN,6,-28,40.67570977818182,-73.89010497545455,11,6,0,1.0,0.0,-1.0,8,0,75,STREET,72.72727272727273,90.9090909090909,0.0,782.0,722.0,18.484906649788,315.0,134.0
BROOKLYN,7,-47,40.63195053,-73.88762725,6,0,1,0.0,0.3333333333333333,0.3333333333333333,6,0,69,HOUSING,50.0,0.0,100.0,384.0,77.0,13.945910149055313,480.0,769.0
BROOKLYN,7,-46,40.6353208775,-73.88736306000001,4,2,0,0.3333333333333333,0.0,-0.3333333333333333,4,0,69,HOUSING,75.0,25.0,75.0,783.0,458.0,9.6094379124341,664.0,463.0
BROOKLYN,7,-38,40.65362471,-73.88712343,3,0,0,0.0,0.0,0.0,3,0,75,STREET,33.33333333333333,100.0,0.0,784.0,212.0,7.386294361119891,798.0,681.0
BROOKLYN,7,-37,40.65542594625,-73.8872074775,8,2,4,0.3333333333333333,1.3333333333333333,1.0,7,0,75,HOUSING,62.5,37.5,50.0,41.0,13.0,16.19722457733622,396.0,816.0
BROOKLYN,7,-36,40.65819207263158,-73.88638265263158,19,4,3,0.6666666666666666,1.0,0.33333333333333337,14,1,75,HOUSING,26.31578947368421,10.526315789473683,78.94736842105263,79.0,53.0,31.99573227355399,75.0,780.0
BROOKLYN,7,-35,40.66032396333334,-73.887276085,6,3,1,0.5,0.3333333333333333,-0.16666666666666669,6,0,75,PLAYGROUND,83.33333333333334,33.33333333333333,0.0,385.0,331.0,13.945910149055313,481.0,520.0
BROOKLYN,7,-34,40.661729286,-73.88707823800002,5,2,0,0.3333333333333333,0.0,-0.3333333333333333,4,0,75,STREET,40.0,100.0,0.0,785.0,459.0,9.791759469228055,603.0,464.0
BROOKLYN,7,-33,40.66453133173913,-73.88696773565218,23,7,5,1.1666666666666667,1.6666666666666667,0.5,15,3,75,STREET,39.130434782608695,73.91304347826086,0.0,16.0,44.0,36.17805383034795,43.0,796.0
BROOKLYN,7,-32,40.666491135,-73.88714911375,8,3,0,0.5,0.0,-0.5,7,0,75,STREET,75.0,87.5,0.0,786.0,545.0,16.19722457733622,397.0,337.0
BROOKLYN,7,-31,40.668836848333335,-73.88722205,6,4,1,0.6666666666666666,0.3333333333333333,-0.3333333333333333,4,1,75,STREET,66.66666666666666,100.0,0.0,386.0,460.0,10.945910149055313,573.0,465.0
BROOKLYN,7,-30,40.6714481725,-73.88711519416667,12,7,2,1.1666666666666667,0.6666666666666666,-0.5000000000000001,9,0,75,HOUSING,50.0,41.66666666666667,50.0,176.0,556.0,20.564949357461536,271.0,274.0
BROOKLYN,7,-29,40.673487765,-73.88664219,6,1,1,0.16666666666666666,0.3333333333333333,0.16666666666666666,4,0,75,STREET,33.33333333333333,100.0,0.0,387.0,116.0,9.945910149055313,584.0,737.0
BROOKLYN,7,-28,40.67527627333333,-73.88631809222223,9,5,0,0.8333333333333334,0.0,-0.8333333333333334,7,0,75,STREET,77.77777777777779,100.0,0.0,787.0,677.0,16.302585092994047,375.0,188.0
BROOKLYN,7,-27,40.6785146875,-73.886505055,8,1,1,0.16666666666666666,0.3333333333333333,0.16666666666666666,5,1,75,STREET,87.5,87.5,0.0,388.0,117.0,13.19722457733622,490.0,738.0
BROOKLYN,7,-26,40.67968912636364,-73.88617086818182,11,6,2,1.0,0.6666666666666666,-0.33333333333333337,9,0,75,STREET,72.72727272727273,72.72727272727273,0.0,177.0,479.0,20.484906649788,279.0,359.0
BROOKLYN,8,-47,40.6320545,-73.88451787,9,2,0,0.3333333333333333,0.0,-0.3333333333333333,8,0,69,HOUSING,66.66666666666666,0.0,100.0,788.0,461.0,18.302585092994047,333.0,466.0
BROOKLYN,8,-46,40.6348157,-73.88445544,9,3,2,0.5,0.6666666666666666,0.16666666666666663,7,1,69,HOUSING,77.77777777777779,0.0,100.0,178.0,131.0,17.302585092994047,353.0,702.0
BROOKLYN,8,-40,40.649134574,-73.883776932,5,2,1,0.3333333333333333,0.3333333333333333,0.0,5,0,75,STREET,60.0,100.0,0.0,389.0,213.0,11.791759469228055,564.0,682.0
BROOKLYN,8,-39,40.651228853333336,-73.88378913999999,6,3,0,0.5,0.0,-0.5,6,0,75,STREET,50.0,66.66666666666666,0.0,789.0,546.0,13.945910149055313,482.0,338.0
BROOKLYN,8,-37,40.65553848,-73.88409879,7,1,1,0.16666666666666666,0.3333333333333333,0.16666666666666666,6,0,75,HOUSING,42.857142857142854,28.57142857142857,71.42857142857143,390.0,118.0,14.079441541679836,460.0,739.0
BROOKLYN,8,-36,40.65714644500001,-73.88453374416666,24,6,0,1.0,0.0,-1.0,13,3,75,HOUSING,50.0,0.0,100.0,790.0,723.0,32.2188758248682,67.0,135.0
BROOKLYN,8,-35,40.659859804,-73.8836283145,20,8,2,1.3333333333333333,0.6666666666666666,-0.6666666666666666,11,1,75,HOUSING,35.0,35.0,55.00000000000001,179.0,607.0,26.044522437723423,152.0,269.0
BROOKLYN,8,-32,40.666649944285716,-73.88370769214285,14,7,0,1.1666666666666667,0.0,-1.1666666666666667,9,2,75,STREET,85.71428571428571,92.85714285714286,0.0,791.0,760.0,22.70805020110221,223.0,96.0
BROOKLYN,8,-31,40.6685943325,-73.883033425,4,1,0,0.16666666666666666,0.0,-0.16666666666666666,3,0,75,STREET,0.0,100.0,0.0,792.0,296.0,7.6094379124341005,717.0,595.0
BROOKLYN,8,-30,40.6715622075,-73.8837933675,4,3,0,0.5,0.0,-0.5,4,0,75,STREET,100.0,100.0,0.0,793.0,547.0,9.6094379124341,665.0,339.0
BROOKLYN,8,-29,40.67386942,-73.883474992,10,5,0,0.8333333333333334,0.0,-0.8333333333333334,8,0,75,STREET,30.0,100.0,0.0,794.0,678.0,18.397895272798372,322.0,189.0
BROOKLYN,8,-28,40.675710795,-73.88410700333334,6,3,1,0.5,0.3333333333333333,-0.16666666666666669,5,0,75,STREET,66.66666666666666,100.0,0.0,391.0,332.0,11.945910149055313,522.0,521.0
BROOKLYN,8,-27,40.6780036,-73.88320290666668,3,1,0,0.16666666666666666,0.0,-0.16666666666666666,3,0,75,STREET,66.66666666666666,66.66666666666666,0.0,795.0,297.0,7.386294361119891,799.0,596.0
BROOKLYN,8,-26,40.68024313571429,-73.88378389857142,7,3,0,0.5,0.0,-0.5,6,0,75,STREET,42.857142857142854,71.42857142857143,0.0,796.0,548.0,14.079441541679836,461.0,340.0
BROOKLYN,8,-25,40.68276039,-73.883840912,5,2,0,0.3333333333333333,0.0,-0.3333333333333333,5,0,75,STREET,20.0,80.0,0.0,797.0,462.0,11.791759469228055,565.0,467.0
BROOKLYN,9,-41,40.64592567,-73.87997143,3,0,0,0.0,0.0,0.0,1,1,75,STREET,0.0,66.66666666666666,0.0,798.0,214.0,4.386294361119891,827.0,683.0
BROOKLYN,9,-37,40.656447048,-73.881983052,5,4,0,0.6666666666666666,0.0,-0.6666666666666666,4,0,75,HOUSING,40.0,40.0,60.0,799.0,608.0,9.791759469228055,604.0,270.0
BROOKLYN,9,-36,40.658154762,-73.881362266,5,2,0,0.3333333333333333,0.0,-0.3333333333333333,5,0,75,HOUSING,60.0,0.0,60.0,800.0,463.0,11.791759469228055,566.0,468.0
BROOKLYN,9,-35,40.66028699833334,-73.88100345500001,6,2,1,0.3333333333333333,0.3333333333333333,0.0,6,0,75,HOUSING,33.33333333333333,0.0,100.0,392.0,215.0,13.945910149055313,483.0,684.0
BROOKLYN,9,-34,40.662105595,-73.880291945,8,1,1,0.16666666666666666,0.3333333333333333,0.16666666666666666,7,0,75,HOUSING,62.5,50.0,50.0,393.0,119.0,16.19722457733622,398.0,740.0
BROOKLYN,9,-33,40.664577619999996,-73.88018657666667,3,0,0,0.0,0.0,0.0,3,0,75,STREET,66.66666666666666,66.66666666666666,0.0,801.0,216.0,7.386294361119891,800.0,685.0
BROOKLYN,9,-32,40.66683081272728,-73.88096932636364,11,3,2,0.5,0.6666666666666666,0.16666666666666663,7,0,75,STREET,27.27272727272727,100.0,0.0,180.0,132.0,16.484906649788,359.0,703.0
BROOKLYN,9,-31,40.668799584,-73.880838664,5,3,1,0.5,0.3333333333333333,-0.16666666666666669,5,0,75,STREET,40.0,80.0,0.0,394.0,333.0,11.791759469228055,567.0,522.0
BROOKLYN,9,-30,40.67137368069768,-73.88169630906977,43,8,20,1.3333333333333333,6.666666666666667,5.333333333333334,16,5,75,STREET,46.51162790697674,79.06976744186046,2.3255813953488373,1.0,1.0,40.78418963391826,22.0,827.0
BROOKLYN,9,-29,40.67358870230769,-73.88070282692307,13,2,2,0.3333333333333333,0.6666666666666666,0.3333333333333333,9,1,75,STREET,53.84615384615385,69.23076923076923,0.0,181.0,78.0,21.63905732961526,251.0,770.0
BROOKLYN,9,-28,40.675084402,-73.88146445999999,10,4,1,0.6666666666666666,0.3333333333333333,-0.3333333333333333,8,0,75,STREET,80.0,100.0,0.0,395.0,464.0,18.397895272798372,323.0,469.0
BROOKLYN,9,-26,40.6801938075,-73.881735875,4,2,0,0.3333333333333333,0.0,-0.3333333333333333,4,0,75,DWELLING,75.0,50.0,0.0,802.0,465.0,9.6094379124341,666.0,470.0
BROOKLYN,10,-42,40.64439782333333,-73.87831298666667,3,1,0,0.16666666666666666,0.0,-0.16666666666666666,3,0,75,STREET,100.0,66.66666666666666,0.0,803.0,298.0,7.386294361119891,801.0,597.0
BROOKLYN,10,-36,40.657307315000004,-73.87731001249999,4,3,1,0.5,0.3333333333333333,-0.16666666666666669,4,0,75,DWELLING,25.0,50.0,0.0,396.0,334.0,9.6094379124341,667.0,523.0
BROOKLYN,10,-35,40.66032999666667,-73.87795113333333,3,0,1,0.0,0.3333333333333333,0.3333333333333333,3,0,75,DWELLING,33.33333333333333,33.33333333333333,33.33333333333333,397.0,79.0,7.386294361119891,802.0,771.0
BROOKLYN,10,-34,40.66140184,-73.878601855,4,2,0,0.3333333333333333,0.0,-0.3333333333333333,4,0,75,STREET,0.0,50.0,0.0,804.0,466.0,9.6094379124341,668.0,471.0
BROOKLYN,10,-33,40.6646668725,-73.87806064,4,1,0,0.16666666666666666,0.0,-0.16666666666666666,4,0,75,STREET,50.0,75.0,0.0,805.0,299.0,9.6094379124341,669.0,598.0
BROOKLYN,10,-32,40.66682415555555,-73.87766368333334,9,6,0,1.0,0.0,-1.0,8,0,75,STREET,55.55555555555556,77.77777777777779,0.0,806.0,724.0,18.302585092994047,334.0,136.0
BROOKLYN,10,-31,40.668646457499996,-73.8779497175,12,6,0,1.0,0.0,-1.0,7,1,75,STREET,66.66666666666666,83.33333333333334,0.0,807.0,725.0,17.564949357461536,341.0,137.0
BROOKLYN,10,-30,40.67080673833333,-73.87743388,6,1,0,0.16666666666666666,0.0,-0.16666666666666666,5,0,75,STREET,83.33333333333334,83.33333333333334,0.0,808.0,300.0,11.945910149055313,523.0,599.0
BROOKLYN,10,-29,40.67383625210527,-73.87827179526316,19,12,0,2.0,0.0,-2.0,11,3,75,STREET,78.94736842105263,89.47368421052632,0.0,809.0,815.0,27.99573227355399,121.0,16.0
BROOKLYN,10,-28,40.675351555,-73.8780050575,4,2,0,0.3333333333333333,0.0,-0.3333333333333333,3,0,75,STREET,50.0,100.0,0.0,810.0,467.0,7.6094379124341005,718.0,472.0
BROOKLYN,10,-27,40.67846396,-73.87805734,3,0,0,0.0,0.0,0.0,3,0,75,STREET,33.33333333333333,66.66666666666666,0.0,811.0,217.0,7.386294361119891,803.0,686.0
BROOKLYN,10,-25,40.682067464545455,-73.87753462363636,11,4,3,0.6666666666666666,1.0,0.33333333333333337,10,0,75,STREET,45.45454545454545,90.9090909090909,0.0,80.0,54.0,22.484906649788,236.0,781.0
BROOKLYN,10,-24,40.6846764475,-73.8781935075,4,1,1,0.16666666666666666,0.3333333333333333,0.16666666666666666,4,0,75,STREET,50.0,75.0,0.0,398.0,120.0,9.6094379124341,670.0,741.0
BROOKLYN,11,-32,40.66672231,-73.8749321276923,13,4,2,0.6666666666666666,0.6666666666666666,0.0,11,0,75,STREET,69.23076923076923,92.3076923076923,0.0,182.0,218.0,24.63905732961526,189.0,687.0
BROOKLYN,11,-31,40.66925185176471,-73.8749607635294,17,6,0,1.0,0.0,-1.0,10,2,75,STREET,70.58823529411765,52.94117647058824,41.17647058823529,812.0,726.0,24.890371757896165,173.0,138.0
BROOKLYN,11,-30,40.671241159,-73.87523211150001,20,5,1,0.8333333333333334,0.3333333333333333,-0.5,14,1,75,STREET,55.00000000000001,60.0,25.0,399.0,549.0,32.04452243772342,73.0,341.0
BROOKLYN,11,-29,40.673289878,-73.875247926,10,7,1,1.1666666666666667,0.3333333333333333,-0.8333333333333335,6,1,75,STREET,70.0,60.0,10.0,400.0,688.0,15.39789527279837,418.0,146.0
BROOKLYN,11,-28,40.675649826666664,-73.87481665833334,6,5,0,0.8333333333333334,0.0,-0.8333333333333334,5,0,75,STREET,50.0,100.0,0.0,813.0,679.0,11.945910149055313,524.0,190.0
BROOKLYN,11,-27,40.6778088,-73.87479097749998,4,2,1,0.3333333333333333,0.3333333333333333,0.0,4,0,75,STREET,75.0,100.0,0.0,401.0,219.0,9.6094379124341,671.0,688.0
BROOKLYN,11,-26,40.67993791333334,-73.87634930333333,3,2,0,0.3333333333333333,0.0,-0.3333333333333333,3,0,75,STREET,100.0,100.0,0.0,814.0,468.0,7.386294361119891,804.0,473.0
BROOKLYN,11,-25,40.68234094,-73.875394684,5,2,2,0.3333333333333333,0.6666666666666666,0.3333333333333333,5,0,75,STREET,80.0,100.0,0.0,183.0,80.0,11.791759469228055,568.0,772.0
BROOKLYN,11,-24,40.684749775,-73.87427405749999,4,2,1,0.3333333333333333,0.3333333333333333,0.0,4,0,75,STREET,25.0,100.0,0.0,402.0,220.0,9.6094379124341,672.0,689.0
BROOKLYN,11,-23,40.68596456,-73.8738526,4,1,1,0.16666666666666666,0.3333333333333333,0.16666666666666666,4,0,75,STREET,75.0,75.0,0.0,403.0,121.0,9.6094379124341,673.0,742.0
BROOKLYN,12,-32,40.66715331166667,-73.87227208333333,6,3,0,0.5,0.0,-0.5,4,0,75,HOUSING,66.66666666666666,33.33333333333333,50.0,815.0,550.0,9.945910149055313,585.0,342.0
BROOKLYN,12,-31,40.66880998555556,-73.87300347555555,9,4,0,0.6666666666666666,0.0,-0.6666666666666666,8,0,75,HOUSING,55.55555555555556,0.0,100.0,816.0,609.0,18.302585092994047,335.0,271.0
BROOKLYN,12,-29,40.67292592583333,-73.87216769444446,36,9,4,1.5,1.3333333333333333,-0.16666666666666674,17,6,75,HOUSING,44.44444444444444,25.0,66.66666666666666,42.0,353.0,43.610917912644226,13.0,491.0
BROOKLYN,12,-28,40.67520735666667,-73.87181643222222,9,5,0,0.8333333333333334,0.0,-0.8333333333333334,6,0,75,STREET,44.44444444444444,88.88888888888889,0.0,817.0,680.0,14.302585092994047,432.0,191.0
BROOKLYN,12,-26,40.68020236666667,-73.87137638833335,6,2,1,0.3333333333333333,0.3333333333333333,0.0,6,0,75,STREET,50.0,83.33333333333334,0.0,404.0,221.0,13.945910149055313,484.0,690.0
BROOKLYN,12,-24,40.68482552076923,-73.87159901307693,13,4,2,0.6666666666666666,0.6666666666666666,0.0,8,2,75,STREET,53.84615384615385,76.92307692307693,0.0,184.0,222.0,20.63905732961526,266.0,691.0
BROOKLYN,13,-33,40.664412244,-73.868183058,5,1,0,0.16666666666666666,0.0,-0.16666666666666666,5,0,75,STREET,60.0,80.0,0.0,818.0,301.0,11.791759469228055,569.0,600.0
BROOKLYN,13,-32,40.667169845000004,-73.86968149,8,3,2,0.5,0.6666666666666666,0.16666666666666663,6,0,75,HOUSING,37.5,25.0,50.0,185.0,133.0,14.19722457733622,447.0,704.0
BROOKLYN,13,-31,40.66899644071429,-73.86937356785715,14,8,1,1.3333333333333333,0.3333333333333333,-1.0,9,2,75,STREET,78.57142857142857,57.14285714285714,42.857142857142854,405.0,727.0,22.70805020110221,224.0,139.0
BROOKLYN,13,-30,40.671659345,-73.8694366,8,3,1,0.5,0.3333333333333333,-0.16666666666666669,7,0,75,STREET,75.0,100.0,0.0,406.0,335.0,16.19722457733622,399.0,524.0
BROOKLYN,13,-29,40.6738064675,-73.86905205833334,12,7,0,1.1666666666666667,0.0,-1.1666666666666667,9,1,75,STREET,58.333333333333336,91.66666666666666,0.0,819.0,761.0,21.564949357461536,257.0,97.0
BROOKLYN,13,-27,40.6781902375,-73.86856305,4,3,0,0.5,0.0,-0.5,4,0,75,STREET,75.0,75.0,0.0,820.0,551.0,9.6094379124341,674.0,343.0
BROOKLYN,13,-26,40.680053683333334,-73.86853503666666,3,0,0,0.0,0.0,0.0,3,0,75,STREET,66.66666666666666,66.66666666666666,0.0,821.0,223.0,7.386294361119891,805.0,692.0
BROOKLYN,13,-25,40.6830859325,-73.869504355,4,1,0,0.16666666666666666,0.0,-0.16666666666666666,4,0,75,STREET,50.0,100.0,0.0,822.0,302.0,9.6094379124341,675.0,601.0
BROOKLYN,13,-24,40.684828075999995,-73.868569246,10,5,1,0.8333333333333334,0.3333333333333333,-0.5,7,1,75,STREET,60.0,100.0,0.0,407.0,552.0,17.397895272798372,348.0,344.0
BROOKLYN,13,-23,40.686944596,-73.86955342,5,3,0,0.5,0.0,-0.5,4,0,75,STREET,40.0,100.0,0.0,823.0,553.0,9.791759469228055,605.0,345.0
BROOKLYN,14,-33,40.664878529166664,-73.86678730000001,12,5,0,0.8333333333333334,0.0,-0.8333333333333334,8,1,75,STREET,41.66666666666667,58.333333333333336,33.33333333333333,824.0,681.0,19.564949357461536,299.0,192.0
BROOKLYN,14,-32,40.666920909,-73.86681247550001,20,8,0,1.3333333333333333,0.0,-1.3333333333333333,14,1,75,HOUSING,25.0,0.0,100.0,825.0,776.0,32.04452243772342,74.0,66.0
BROOKLYN,14,-31,40.66908406461538,-73.86663779846154,13,6,1,1.0,0.3333333333333333,-0.6666666666666667,12,0,75,HOUSING,38.46153846153847,30.76923076923077,69.23076923076923,408.0,634.0,26.63905732961526,150.0,217.0
BROOKLYN,14,-30,40.6712193,-73.86628136,5,1,1,0.16666666666666666,0.3333333333333333,0.16666666666666666,5,0,75,STREET,80.0,80.0,0.0,409.0,122.0,11.791759469228055,570.0,743.0
BROOKLYN,14,-29,40.672756820000004,-73.86666401400001,10,2,1,0.3333333333333333,0.3333333333333333,0.0,8,0,75,DWELLING,40.0,50.0,0.0,410.0,224.0,18.397895272798372,324.0,693.0
BROOKLYN,14,-28,40.675687632499994,-73.86613720999999,4,0,1,0.0,0.3333333333333333,0.3333333333333333,4,0,75,COMMERCIAL,25.0,25.0,0.0,411.0,81.0,9.6094379124341,676.0,773.0
BROOKLYN,15,-32,40.667077344,-73.86409946500001,20,10,0,1.6666666666666667,0.0,-1.6666666666666667,12,1,75,HOUSING,35.0,5.0,95.0,826.0,798.0,28.044522437723423,119.0,36.0
BROOKLYN,15,-31,40.669309903750005,-73.86398908041666,24,6,1,1.0,0.3333333333333333,-0.6666666666666667,16,3,75,HOUSING,62.5,12.5,87.5,412.0,635.0,38.2188758248682,32.0,218.0
BROOKLYN,15,-30,40.670822154444444,-73.86310866222222,9,1,2,0.16666666666666666,0.6666666666666666,0.5,6,1,75,STREET,55.55555555555556,55.55555555555556,0.0,186.0,45.0,15.302585092994047,423.0,797.0
BROOKLYN,15,-28,40.67579348,-73.86278721666666,3,0,0,0.0,0.0,0.0,3,0,75,STREET,66.66666666666666,66.66666666666666,0.0,827.0,225.0,7.386294361119891,806.0,694.0
BROOKLYN,16,-32,40.66738696666667,-73.86036653000001,3,1,1,0.16666666666666666,0.3333333333333333,0.16666666666666666,3,0,75,STREET,66.66666666666666,66.66666666666666,0.0,413.0,123.0,7.386294361119891,807.0,744.0
BROOKLYN,16,-31,40.6689682525,-73.86023254625,8,3,1,0.5,0.3333333333333333,-0.16666666666666669,7,0,75,STREET,50.0,87.5,0.0,414.0,336.0,16.19722457733622,400.0,525.0
MANHATTAN,-33,-5,40.728154188,-74.00515941,5,1,0,0.16666666666666666,0.0,-0.16666666666666666,5,0,1,STREET,60.0,60.0,0.0,162.0,114.0,11.791759469228055,170.0,128.0
MANHATTAN,-33,2,40.743394628749996,-74.00544712625,8,2,2,0.3333333333333333,0.6666666666666666,0.3333333333333333,6,0,10,HOUSING,37.5,0.0,100.0,51.0,40.0,14.19722457733622,143.0,201.0
MANHATTAN,-33,3,40.74463976,-74.00454141,3,1,1,0.16666666666666666,0.3333333333333333,0.16666666666666666,3,0,10,HOUSING,66.66666666666666,33.33333333333333,66.66666666666666,91.0,60.0,7.386294361119891,220.0,182.0
MANHATTAN,-33,6,40.752641600000004,-74.00490409,3,3,0,0.5,0.0,-0.5,3,0,10,COMMERCIAL,33.33333333333333,0.0,0.0,163.0,169.0,7.386294361119891,221.0,62.0
MANHATTAN,-32,4,40.74837818,-74.00182042,5,1,1,0.16666666666666666,0.3333333333333333,0.16666666666666666,5,0,10,HOUSING,80.0,0.0,100.0,92.0,61.0,11.791759469228055,171.0,183.0
MANHATTAN,-32,5,40.749385493333335,-74.00206467444444,9,5,0,0.8333333333333334,0.0,-0.8333333333333334,6,0,10,HOUSING,77.77777777777779,11.11111111111111,88.88888888888889,164.0,215.0,14.302585092994047,141.0,32.0
MANHATTAN,-32,6,40.751850806,-74.003149444,5,5,0,0.8333333333333334,0.0,-0.8333333333333334,4,0,10,COMMERCIAL,80.0,20.0,0.0,165.0,216.0,9.791759469228055,182.0,33.0
MANHATTAN,-31,-13,40.7098375,-73.99998702714285,7,1,1,0.16666666666666666,0.3333333333333333,0.16666666666666666,7,0,5,HOUSING,71.42857142857143,0.0,100.0,93.0,62.0,16.079441541679834,135.0,184.0
MANHATTAN,-31,-12,40.7116368875,-73.9994098825,8,3,0,0.5,0.0,-0.5,6,0,5,HOUSING,62.5,0.0,100.0,166.0,170.0,14.19722457733622,144.0,63.0
MANHATTAN,-31,-9,40.71834783,-73.99948559,3,0,0,0.0,0.0,0.0,1,1,5,STREET,33.33333333333333,66.66666666666666,0.0,167.0,81.0,4.386294361119891,255.0,145.0
MANHATTAN,-31,-4,40.729295023999995,-73.999814554,5,2,1,0.3333333333333333,0.3333333333333333,0.0,5,0,6,COMMERCIAL,80.0,40.0,0.0,94.0,82.0,11.791759469228055,172.0,146.0
MANHATTAN,-31,1,40.74057852,-73.99883465,3,2,0,0.3333333333333333,0.0,-0.3333333333333333,3,0,10,STREET,0.0,100.0,0.0,168.0,142.0,7.386294361119891,222.0,92.0
MANHATTAN,-30,-13,40.709620810000004,-73.99659646,4,1,1,0.16666666666666666,0.3333333333333333,0.16666666666666666,4,0,5,HOUSING,75.0,0.0,100.0,95.0,63.0,9.6094379124341,193.0,185.0
MANHATTAN,-30,-12,40.7118022325,-73.99731507,4,1,2,0.16666666666666666,0.6666666666666666,0.5,4,0,5,HOUSING,50.0,50.0,50.0,52.0,24.0,9.6094379124341,194.0,227.0
MANHATTAN,-30,11,40.763206186666665,-73.99700646,3,1,1,0.16666666666666666,0.3333333333333333,0.16666666666666666,3,0,18,STREET,33.33333333333333,66.66666666666666,0.0,96.0,64.0,7.386294361119891,223.0,186.0
MANHATTAN,-30,12,40.765769733333336,-73.99565018333334,3,0,1,0.0,0.3333333333333333,0.3333333333333333,2,0,18,STREET,33.33333333333333,100.0,0.0,97.0,41.0,5.386294361119891,250.0,202.0
MANHATTAN,-29,-12,40.71154426333334,-73.99292196,3,1,1,0.16666666666666666,0.3333333333333333,0.16666666666666666,3,0,7,HOUSING,66.66666666666666,0.0,66.66666666666666,98.0,65.0,7.386294361119891,224.0,187.0
MANHATTAN,-29,-11,40.713324740000004,-73.99362035333333,3,1,1,0.16666666666666666,0.3333333333333333,0.16666666666666666,3,0,5,DWELLING,0.0,33.33333333333333,0.0,99.0,66.0,7.386294361119891,225.0,188.0
MANHATTAN,-29,1,40.740883886666666,-73.99287674333334,3,1,1,0.16666666666666666,0.3333333333333333,0.16666666666666666,3,0,13,STREET,100.0,100.0,0.0,100.0,67.0,7.386294361119891,226.0,189.0
MANHATTAN,-29,3,40.74517214,-73.99347927500001,4,2,1,0.3333333333333333,0.3333333333333333,0.0,4,0,13,STREET,75.0,100.0,0.0,101.0,83.0,9.6094379124341,195.0,147.0
MANHATTAN,-29,4,40.74795168666667,-73.99408501,3,0,1,0.0,0.3333333333333333,0.3333333333333333,3,0,10,COMMERCIAL,0.0,33.33333333333333,33.33333333333333,102.0,42.0,7.386294361119891,227.0,203.0
MANHATTAN,-29,7,40.754050864,-73.993677812,5,0,2,0.0,0.6666666666666666,0.6666666666666666,4,0,14,STREET,40.0,60.0,0.0,53.0,18.0,9.791759469228055,183.0,234.0
MANHATTAN,-29,12,40.765914146,-73.99275757599999,5,0,3,0.0,1.0,1.0,4,0,18,STREET,20.0,80.0,0.0,28.0,6.0,9.791759469228055,184.0,249.0
MANHATTAN,-28,-12,40.71206678777778,-73.99019532666667,9,6,0,1.0,0.0,-1.0,7,1,7,HOUSING,44.44444444444444,33.33333333333333,66.66666666666666,169.0,231.0,17.302585092994047,116.0,18.0
MANHATTAN,-28,-11,40.7137478875,-73.99027374750001,4,1,2,0.16666666666666666,0.6666666666666666,0.5,3,0,7,STREET,50.0,75.0,0.0,54.0,25.0,7.6094379124341005,213.0,228.0
MANHATTAN,-28,-8,40.720961663333334,-73.99035997111112,9,3,3,0.5,1.0,0.5,7,0,5,HOUSING,66.66666666666666,44.44444444444444,44.44444444444444,29.0,26.0,16.302585092994047,121.0,229.0
MANHATTAN,-28,-2,40.73447198666667,-73.99066914000001,3,0,0,0.0,0.0,0.0,2,0,13,STREET,33.33333333333333,66.66666666666666,0.0,170.0,84.0,5.386294361119891,251.0,148.0
MANHATTAN,-28,1,40.74092770666667,-73.99144168666668,3,2,0,0.3333333333333333,0.0,-0.3333333333333333,3,0,13,STREET,66.66666666666666,66.66666666666666,0.0,171.0,143.0,7.386294361119891,228.0,93.0
MANHATTAN,-28,7,40.754539802,-73.99101980799999,5,0,2,0.0,0.6666666666666666,0.6666666666666666,4,0,14,STREET,80.0,60.0,0.0,55.0,19.0,9.791759469228055,185.0,235.0
MANHATTAN,-28,9,40.758601076666665,-73.99065854333334,3,0,1,0.0,0.3333333333333333,0.3333333333333333,3,0,14,STREET,66.66666666666666,100.0,0.0,103.0,43.0,7.386294361119891,229.0,204.0
MANHATTAN,-27,-12,40.71171742857143,-73.98801303571429,7,3,0,0.5,0.0,-0.5,5,0,7,HOUSING,85.71428571428571,0.0,100.0,172.0,171.0,12.079441541679836,161.0,64.0
MANHATTAN,-27,-11,40.71348982,-73.98730656666666,3,2,1,0.3333333333333333,0.3333333333333333,0.0,3,0,7,STREET,33.33333333333333,66.66666666666666,33.33333333333333,104.0,85.0,7.386294361119891,230.0,149.0
MANHATTAN,-27,-9,40.71872031666667,-73.98638927666667,3,0,1,0.0,0.3333333333333333,0.3333333333333333,3,0,7,STREET,66.66666666666666,66.66666666666666,0.0,105.0,44.0,7.386294361119891,231.0,205.0
MANHATTAN,-27,-8,40.720740612499995,-73.9877726725,4,0,1,0.0,0.3333333333333333,0.3333333333333333,4,0,7,STREET,50.0,100.0,0.0,106.0,45.0,9.6094379124341,196.0,206.0
MANHATTAN,-27,-7,40.722384768,-73.98819139800001,5,0,2,0.0,0.6666666666666666,0.6666666666666666,4,0,7,STREET,60.0,60.0,20.0,56.0,20.0,9.791759469228055,186.0,236.0
MANHATTAN,-27,-5,40.726551312727274,-73.98820528454546,11,3,3,0.5,1.0,0.5,8,1,9,STREET,45.45454545454545,45.45454545454545,36.36363636363637,30.0,27.0,19.484906649788,98.0,230.0
MANHATTAN,-27,8,40.75675817333334,-73.98779884166667,6,2,3,0.3333333333333333,1.0,0.6666666666666667,6,0,14,STREET,66.66666666666666,83.33333333333334,0.0,31.0,14.0,13.945910149055313,151.0,240.0
MANHATTAN,-27,15,40.77298512666666,-73.98812441666666,6,1,4,0.16666666666666666,1.3333333333333333,1.1666666666666665,5,0,20,HOUSING,33.33333333333333,0.0,100.0,12.0,4.0,11.945910149055313,163.0,252.0
MANHATTAN,-27,16,40.77410022272727,-73.98719644181817,11,2,1,0.3333333333333333,0.3333333333333333,0.0,10,0,20,HOUSING,63.63636363636363,9.090909090909092,90.9090909090909,107.0,86.0,22.484906649788,81.0,150.0
MANHATTAN,-26,-12,40.711804075,-73.98534854,4,2,1,0.3333333333333333,0.3333333333333333,0.0,3,0,7,HOUSING,25.0,25.0,75.0,108.0,87.0,7.6094379124341005,214.0,151.0
MANHATTAN,-26,-11,40.713173946666664,-73.98538160666666,3,0,1,0.0,0.3333333333333333,0.3333333333333333,2,0,7,STREET,33.33333333333333,66.66666666666666,33.33333333333333,109.0,46.0,5.386294361119891,252.0,207.0
MANHATTAN,-26,-9,40.718200314,-73.985236202,5,1,2,0.16666666666666666,0.6666666666666666,0.5,5,0,7,STREET,20.0,60.0,0.0,57.0,28.0,11.791759469228055,173.0,231.0
MANHATTAN,-26,7,40.754545990000004,-73.9846713975,4,2,0,0.3333333333333333,0.0,-0.3333333333333333,4,0,14,STREET,100.0,50.0,0.0,173.0,144.0,9.6094379124341,197.0,94.0
MANHATTAN,-26,8,40.75756849,-73.98522868333333,3,0,0,0.0,0.0,0.0,1,1,14,STREET,33.33333333333333,100.0,0.0,174.0,88.0,4.386294361119891,256.0,152.0
MANHATTAN,-26,11,40.763402555,-73.984358905,4,3,0,0.5,0.0,-0.5,3,0,18,COMMERCIAL,75.0,50.0,0.0,175.0,172.0,7.6094379124341005,215.0,65.0
MANHATTAN,-26,12,40.76502408,-73.98483595,4,1,3,0.16666666666666666,1.0,0.8333333333333334,3,0,18,STREET,0.0,100.0,0.0,32.0,9.0,7.6094379124341005,216.0,245.0
MANHATTAN,-26,15,40.77292082,-73.9857873,5,3,1,0.5,0.3333333333333333,-0.16666666666666669,4,0,20,HOUSING,80.0,0.0,100.0,110.0,130.0,9.791759469228055,187.0,123.0
MANHATTAN,-25,-12,40.71144335,-73.9819733,4,2,1,0.3333333333333333,0.3333333333333333,0.0,4,0,7,HOUSING,100.0,0.0,100.0,111.0,89.0,9.6094379124341,198.0,153.0
MANHATTAN,-25,-11,40.713373512222226,-73.9818834088889,9,3,2,0.5,0.6666666666666666,0.16666666666666663,8,0,7,HOUSING,44.44444444444444,11.11111111111111,88.88888888888889,58.0,76.0,18.302585092994047,102.0,178.0
MANHATTAN,-25,-9,40.71835367,-73.982685948,15,5,4,0.8333333333333334,1.3333333333333333,0.4999999999999999,10,1,7,HOUSING,66.66666666666666,40.0,53.333333333333336,13.0,31.0,23.77258872223978,67.0,222.0
MANHATTAN,-25,-8,40.72025590333333,-73.98224328333333,6,3,1,0.5,0.3333333333333333,-0.16666666666666669,6,0,7,DWELLING,50.0,50.0,0.0,112.0,131.0,13.945910149055313,152.0,124.0
MANHATTAN,-25,-7,40.72269608,-73.98136416375,8,2,0,0.3333333333333333,0.0,-0.3333333333333333,6,0,9,HOUSING,75.0,37.5,62.5,176.0,145.0,14.19722457733622,145.0,95.0
MANHATTAN,-25,-4,40.72984234333334,-73.98174462666667,3,1,0,0.16666666666666666,0.0,-0.16666666666666666,3,0,9,STREET,66.66666666666666,100.0,0.0,177.0,115.0,7.386294361119891,232.0,129.0
MANHATTAN,-24,-9,40.71828404,-73.97836941166666,6,3,0,0.5,0.0,-0.5,5,0,7,HOUSING,100.0,50.0,50.0,178.0,173.0,11.945910149055313,164.0,66.0
MANHATTAN,-24,-8,40.72112173375,-73.97810605000001,8,1,3,0.16666666666666666,1.0,0.8333333333333334,6,0,9,HOUSING,50.0,50.0,50.0,33.0,10.0,14.19722457733622,146.0,246.0
MANHATTAN,-24,-7,40.722798483333335,-73.97876460222221,9,4,1,0.6666666666666666,0.3333333333333333,-0.3333333333333333,7,0,9,STREET,44.44444444444444,66.66666666666666,33.33333333333333,113.0,146.0,16.302585092994047,122.0,96.0
MANHATTAN,-24,-5,40.72793417500001,-73.97785035125001,8,5,0,0.8333333333333334,0.0,-0.8333333333333334,6,1,9,HOUSING,87.5,25.0,75.0,179.0,217.0,15.19722457733622,139.0,34.0
MANHATTAN,-24,1,40.741320555,-73.97962979166668,6,1,1,0.16666666666666666,0.3333333333333333,0.16666666666666666,5,0,13,HOUSING,50.0,33.33333333333333,50.0,114.0,68.0,11.945910149055313,165.0,190.0
MANHATTAN,-23,-7,40.722925947,-73.976104447,20,5,1,0.8333333333333334,0.3333333333333333,-0.5,13,2,9,HOUSING,75.0,15.0,80.0,115.0,174.0,31.044522437723423,35.0,67.0
MANHATTAN,-23,-5,40.72685654875,-73.97630562375001,8,3,0,0.5,0.0,-0.5,8,0,9,STREET,50.0,75.0,12.5,180.0,175.0,18.19722457733622,112.0,68.0
MANHATTAN,-22,8,40.756639533333335,-73.97333192,3,1,0,0.16666666666666666,0.0,-0.16666666666666666,3,0,18,COMMERCIAL,0.0,33.33333333333333,0.0,181.0,116.0,7.386294361119891,233.0,130.0
MANHATTAN,-22,23,40.78979986,-73.97231934874999,8,4,2,0.6666666666666666,0.6666666666666666,0.0,7,0,24,HOUSING,62.5,25.0,62.5,59.0,90.0,16.19722457733622,128.0,154.0
MANHATTAN,-22,24,40.79243614333333,-73.97217033666668,3,0,1,0.0,0.3333333333333333,0.3333333333333333,3,0,24,HOUSING,66.66666666666666,33.33333333333333,66.66666666666666,116.0,47.0,7.386294361119891,234.0,208.0
MANHATTAN,-21,23,40.790529391999996,-73.97108893,5,4,0,0.6666666666666666,0.0,-0.6666666666666666,5,0,24,HOUSING,80.0,0.0,80.0,182.0,198.0,11.791759469228055,174.0,51.0
MANHATTAN,-20,23,40.78992083999999,-73.96781973666666,3,2,0,0.3333333333333333,0.0,-0.3333333333333333,2,0,24,HOUSING,33.33333333333333,0.0,66.66666666666666,183.0,147.0,5.386294361119891,253.0,97.0
MANHATTAN,-20,24,40.791818883333335,-73.96643685333333,3,1,1,0.16666666666666666,0.3333333333333333,0.16666666666666666,3,0,24,STREET,33.33333333333333,66.66666666666666,0.0,117.0,69.0,7.386294361119891,235.0,191.0
MANHATTAN,-20,26,40.797697398461544,-73.96745406923078,13,4,2,0.6666666666666666,0.6666666666666666,0.0,10,0,24,HOUSING,76.92307692307693,46.15384615384615,53.84615384615385,60.0,91.0,22.63905732961526,75.0,155.0
MANHATTAN,-20,27,40.799528697999996,-73.966613558,5,3,0,0.5,0.0,-0.5,4,0,24,STREET,60.0,80.0,0.0,184.0,176.0,9.791759469228055,188.0,69.0
MANHATTAN,-19,26,40.79696472909091,-73.96454154999999,22,5,4,0.8333333333333334,1.3333333333333333,0.4999999999999999,14,2,24,HOUSING,54.54545454545454,13.636363636363635,81.81818181818183,14.0,32.0,33.13549421592915,21.0,223.0
MANHATTAN,-19,27,40.79868947,-73.96513765,4,3,0,0.5,0.0,-0.5,4,0,24,HOUSING,50.0,50.0,50.0,185.0,177.0,9.6094379124341,199.0,70.0
MANHATTAN,-19,28,40.80200121,-73.96364959499999,4,2,0,0.3333333333333333,0.0,-0.3333333333333333,4,0,24,STREET,50.0,75.0,0.0,186.0,148.0,9.6094379124341,200.0,98.0
MANHATTAN,-18,27,40.79963703,-73.96137391,3,1,0,0.16666666666666666,0.0,-0.16666666666666666,3,0,24,STREET,100.0,100.0,0.0,187.0,117.0,7.386294361119891,236.0,131.0
MANHATTAN,-18,28,40.801186816666664,-73.96116472666667,3,1,0,0.16666666666666666,0.0,-0.16666666666666666,3,0,24,STREET,100.0,66.66666666666666,0.0,188.0,118.0,7.386294361119891,237.0,132.0
MANHATTAN,-17,28,40.8016300125,-73.95769728,4,2,0,0.3333333333333333,0.0,-0.3333333333333333,4,0,28,STREET,25.0,75.0,0.0,189.0,149.0,9.6094379124341,201.0,99.0
MANHATTAN,-17,30,40.80578122625,-73.95718532875,8,3,0,0.5,0.0,-0.5,5,0,28,STREET,87.5,87.5,0.0,190.0,178.0,12.19722457733622,160.0,71.0
MANHATTAN,-17,33,40.813089402173915,-73.95709058695653,23,4,1,0.6666666666666666,0.3333333333333333,-0.3333333333333333,13,3,26,HOUSING,47.82608695652174,21.73913043478261,69.56521739130434,118.0,150.0,32.17805383034795,26.0,100.0
MANHATTAN,-17,34,40.814896417368416,-73.95838395210527,19,5,5,0.8333333333333334,1.6666666666666667,0.8333333333333334,13,0,26,HOUSING,57.89473684210527,5.263157894736842,84.21052631578947,7.0,11.0,28.99573227355399,44.0,247.0
MANHATTAN,-17,35,40.816886134,-73.957645132,5,0,0,0.0,0.0,0.0,4,0,26,HOUSING,80.0,20.0,60.0,191.0,92.0,9.791759469228055,189.0,156.0
MANHATTAN,-17,37,40.821530290000005,-73.95740613,3,1,0,0.16666666666666666,0.0,-0.16666666666666666,2,0,30,STREET,66.66666666666666,66.66666666666666,0.0,192.0,119.0,5.386294361119891,254.0,133.0
MANHATTAN,-16,27,40.79997116,-73.95437271,3,2,0,0.3333333333333333,0.0,-0.3333333333333333,3,0,28,STREET,66.66666666666666,66.66666666666666,0.0,193.0,151.0,7.386294361119891,238.0,101.0
MANHATTAN,-16,28,40.802182983636364,-73.95498096545455,11,4,0,0.6666666666666666,0.0,-0.6666666666666666,7,0,28,STREET,45.45454545454545,63.63636363636363,36.36363636363637,194.0,199.0,16.484906649788,118.0,52.0
MANHATTAN,-16,29,40.804065717777775,-73.95485713666666,18,4,2,0.6666666666666666,0.6666666666666666,0.0,13,1,28,STREET,66.66666666666666,83.33333333333334,0.0,61.0,93.0,29.944438979166442,40.0,157.0
MANHATTAN,-16,30,40.80616630000001,-73.95512422222222,9,5,0,0.8333333333333334,0.0,-0.8333333333333334,7,0,28,STREET,77.77777777777779,77.77777777777779,0.0,195.0,218.0,16.302585092994047,123.0,35.0
MANHATTAN,-16,31,40.808269992,-73.9549934,5,2,0,0.3333333333333333,0.0,-0.3333333333333333,5,0,28,STREET,60.0,100.0,0.0,196.0,152.0,11.791759469228055,175.0,102.0
MANHATTAN,-16,32,40.8103234425,-73.95460493625,8,2,1,0.3333333333333333,0.3333333333333333,0.0,5,1,26,STREET,75.0,75.0,0.0,119.0,94.0,13.19722457733622,156.0,158.0
MANHATTAN,-16,33,40.81283952125,-73.955558749375,16,4,2,0.6666666666666666,0.6666666666666666,0.0,13,1,26,STREET,68.75,62.5,25.0,62.0,95.0,29.833213344056215,41.0,159.0
MANHATTAN,-16,34,40.815638148888894,-73.95462930666666,9,3,4,0.5,1.3333333333333333,0.8333333333333333,6,1,26,HOUSING,44.44444444444444,44.44444444444444,44.44444444444444,15.0,13.0,15.302585092994047,137.0,244.0
MANHATTAN,-16,35,40.81713353500001,-73.95398657437501,16,5,4,0.8333333333333334,1.3333333333333333,0.4999999999999999,12,1,26,HOUSING,50.0,37.5,62.5,16.0,33.0,27.833213344056215,51.0,224.0
MANHATTAN,-16,36,40.81984691,-73.95501796500001,22,9,1,1.5,0.3333333333333333,-1.1666666666666667,14,1,30,STREET,72.72727272727273,81.81818181818183,4.545454545454546,120.0,241.0,32.13549421592915,28.0,13.0
MANHATTAN,-16,37,40.82182377833333,-73.95449081,6,1,0,0.16666666666666666,0.0,-0.16666666666666666,6,0,30,STREET,66.66666666666666,100.0,0.0,197.0,120.0,13.945910149055313,153.0,134.0
MANHATTAN,-15,21,40.78576229,-73.95137199333332,3,1,0,0.16666666666666666,0.0,-0.16666666666666666,3,0,19,STREET,66.66666666666666,100.0,0.0,198.0,121.0,7.386294361119891,239.0,135.0
MANHATTAN,-15,22,40.788559346666666,-73.95178885666667,6,2,1,0.3333333333333333,0.3333333333333333,0.0,5,0,23,HOUSING,83.33333333333334,33.33333333333333,66.66666666666666,121.0,96.0,11.945910149055313,166.0,160.0
MANHATTAN,-15,27,40.800102251621624,-73.95155545108108,37,15,3,2.5,1.0,-1.5,18,7,28,STREET,51.35135135135135,59.45945945945946,32.432432432432435,34.0,245.0,46.63758615972638,1.0,12.0
MANHATTAN,-15,28,40.801597369999996,-73.9521228778788,33,9,5,1.5,1.6666666666666667,0.16666666666666674,15,6,28,STREET,51.515151515151516,87.87878787878788,9.090909090909092,8.0,57.0,39.52636052461616,9.0,198.0
MANHATTAN,-15,29,40.80381921083333,-73.95198579583334,12,3,2,0.5,0.6666666666666666,0.16666666666666663,10,0,28,STREET,83.33333333333334,75.0,25.0,63.0,77.0,22.564949357461536,78.0,179.0
MANHATTAN,-15,30,40.80612236857143,-73.95200224785715,14,2,0,0.3333333333333333,0.0,-0.3333333333333333,10,0,28,STREET,78.57142857142857,92.85714285714286,7.142857142857142,199.0,153.0,22.70805020110221,74.0,103.0
MANHATTAN,-15,31,40.808458296666664,-73.95244152,9,0,8,0.0,2.6666666666666665,2.6666666666666665,4,2,28,STREET,33.33333333333333,66.66666666666666,22.22222222222222,2.0,1.0,12.302585092994047,159.0,256.0
MANHATTAN,-15,32,40.810805114666664,-73.952056922,15,10,0,1.6666666666666667,0.0,-1.6666666666666667,9,1,28,STREET,53.333333333333336,73.33333333333333,0.0,200.0,247.0,21.77258872223978,84.0,8.0
MANHATTAN,-15,33,40.81308016842105,-73.9517927068421,19,5,1,0.8333333333333334,0.3333333333333333,-0.5,12,2,26,STREET,52.63157894736842,68.42105263157895,0.0,122.0,179.0,28.99573227355399,45.0,72.0
MANHATTAN,-15,36,40.81956291428572,-73.9525554,7,1,0,0.16666666666666666,0.0,-0.16666666666666666,5,0,30,STREET,42.857142857142854,57.14285714285714,14.285714285714285,201.0,122.0,12.079441541679836,162.0,136.0
MANHATTAN,-15,37,40.82255671111111,-73.95246556888888,9,2,0,0.3333333333333333,0.0,-0.3333333333333333,8,0,30,STREET,66.66666666666666,77.77777777777779,0.0,202.0,154.0,18.302585092994047,103.0,104.0
MANHATTAN,-15,38,40.82438795,-73.951929705,10,7,1,1.1666666666666667,0.3333333333333333,-0.8333333333333335,8,0,30,STREET,60.0,70.0,0.0,123.0,226.0,18.397895272798372,100.0,27.0
MANHATTAN,-15,39,40.826095665,-73.95132596124999,8,2,2,0.3333333333333333,0.6666666666666666,0.3333333333333333,8,0,30,STREET,75.0,75.0,0.0,64.0,48.0,18.19722457733622,113.0,209.0
MANHATTAN,-14,21,40.78617691750001,-73.948598955,4,2,1,0.3333333333333333,0.3333333333333333,0.0,4,0,23,HOUSING,50.0,0.0,100.0,124.0,97.0,9.6094379124341,202.0,161.0
MANHATTAN,-14,22,40.78813955333333,-73.94998595,3,0,0,0.0,0.0,0.0,3,0,23,HOUSING,100.0,33.33333333333333,66.66666666666666,203.0,98.0,7.386294361119891,240.0,162.0
MANHATTAN,-14,23,40.790147497619046,-73.94904928619049,21,9,5,1.5,1.6666666666666667,0.16666666666666674,14,1,23,STREET,57.14285714285714,52.38095238095239,47.61904761904761,9.0,58.0,32.09104245335831,29.0,199.0
MANHATTAN,-14,24,40.792221343076925,-73.94955312615384,13,6,0,1.0,0.0,-1.0,10,0,23,HOUSING,69.23076923076923,7.6923076923076925,92.3076923076923,204.0,232.0,22.63905732961526,76.0,19.0
MANHATTAN,-14,25,40.7949544665625,-73.94856407,32,18,1,3.0,0.3333333333333333,-2.6666666666666665,16,5,23,HOUSING,53.125,40.625,53.125,125.0,256.0,40.49650756146648,7.0,1.0
MANHATTAN,-14,26,40.797439495909096,-73.94934052272727,22,8,2,1.3333333333333333,0.6666666666666666,-0.6666666666666666,15,0,28,STREET,68.18181818181817,90.9090909090909,0.0,65.0,200.0,33.13549421592915,22.0,53.0
MANHATTAN,-14,27,40.79896193545455,-73.94847333818181,22,8,4,1.3333333333333333,1.3333333333333333,0.0,11,2,28,HOUSING,50.0,0.0,100.0,17.0,99.0,27.13549421592915,52.0,163.0
MANHATTAN,-14,28,40.801463296499996,-73.949255183,20,7,0,1.1666666666666667,0.0,-1.1666666666666667,12,3,28,STREET,65.0,65.0,35.0,205.0,242.0,30.044522437723423,38.0,14.0
MANHATTAN,-14,29,40.803815383999996,-73.949869428,5,1,1,0.16666666666666666,0.3333333333333333,0.16666666666666666,5,0,28,STREET,60.0,100.0,0.0,126.0,70.0,11.791759469228055,176.0,192.0
MANHATTAN,-14,30,40.806331283333336,-73.94923097333334,9,5,1,0.8333333333333334,0.3333333333333333,-0.5,8,0,28,STREET,77.77777777777779,88.88888888888889,0.0,127.0,180.0,18.302585092994047,104.0,73.0
MANHATTAN,-14,31,40.80826775083333,-73.94884889583334,12,5,0,0.8333333333333334,0.0,-0.8333333333333334,10,0,28,STREET,66.66666666666666,100.0,0.0,206.0,219.0,22.564949357461536,79.0,36.0
MANHATTAN,-14,32,40.81075903800001,-73.9493546615,20,6,3,1.0,1.0,0.0,15,0,32,HOUSING,65.0,35.0,60.0,35.0,100.0,33.04452243772342,24.0,164.0
MANHATTAN,-14,33,40.81282475384615,-73.94911150576924,26,4,3,0.6666666666666666,1.0,0.33333333333333337,14,4,32,STREET,57.692307692307686,61.53846153846154,34.61538461538461,36.0,37.0,35.29583686600433,17.0,218.0
MANHATTAN,-14,34,40.81499165588235,-73.94829459235294,17,6,0,1.0,0.0,-1.0,10,1,32,STREET,47.05882352941176,64.70588235294117,0.0,207.0,233.0,23.890371757896165,64.0,20.0
MANHATTAN,-14,35,40.817433998000006,-73.94828615,5,1,0,0.16666666666666666,0.0,-0.16666666666666666,4,0,26,PLAYGROUND,60.0,40.0,0.0,208.0,123.0,9.791759469228055,190.0,137.0
MANHATTAN,-14,37,40.82210313666667,-73.94869826333334,3,1,0,0.16666666666666666,0.0,-0.16666666666666666,3,0,26,COMMERCIAL,66.66666666666666,33.33333333333333,0.0,209.0,124.0,7.386294361119891,241.0,138.0
MANHATTAN,-14,38,40.82456945307692,-73.94920285692308,13,3,3,0.5,1.0,0.5,10,1,30,STREET,53.84615384615385,100.0,0.0,37.0,29.0,23.63905732961526,70.0,232.0
MANHATTAN,-14,39,40.82667941363637,-73.94909143181819,11,6,0,1.0,0.0,-1.0,7,0,30,STREET,54.54545454545454,100.0,0.0,210.0,234.0,16.484906649788,119.0,21.0
MANHATTAN,-14,40,40.82863358625,-73.9483732925,8,6,0,1.0,0.0,-1.0,5,1,30,STREET,87.5,75.0,0.0,211.0,235.0,13.19722457733622,157.0,22.0
MANHATTAN,-13,19,40.78167694833333,-73.94566798666668,6,2,2,0.3333333333333333,0.6666666666666666,0.3333333333333333,5,0,19,HOUSING,50.0,16.666666666666664,83.33333333333334,66.0,49.0,11.945910149055313,167.0,210.0
MANHATTAN,-13,21,40.78649004333333,-73.94610040333333,3,1,0,0.16666666666666666,0.0,-0.16666666666666666,3,0,23,HOUSING,66.66666666666666,33.33333333333333,66.66666666666666,212.0,125.0,7.386294361119891,242.0,139.0
MANHATTAN,-13,22,40.7882194775,-73.94541949333333,24,8,5,1.3333333333333333,1.6666666666666667,0.3333333333333335,16,1,23,HOUSING,62.5,4.166666666666666,95.83333333333334,10.0,36.0,36.2188758248682,15.0,221.0
MANHATTAN,-13,23,40.79027485380953,-73.94627721857144,21,6,2,1.0,0.6666666666666666,-0.33333333333333337,14,2,23,STREET,47.61904761904761,76.19047619047619,19.047619047619047,67.0,166.0,33.09104245335831,23.0,89.0
MANHATTAN,-13,24,40.79216898375,-73.94555936375001,8,5,0,0.8333333333333334,0.0,-0.8333333333333334,5,1,23,STREET,25.0,87.5,0.0,213.0,220.0,13.19722457733622,158.0,37.0
MANHATTAN,-13,25,40.794880922941175,-73.94591190941176,17,7,1,1.1666666666666667,0.3333333333333333,-0.8333333333333335,13,0,23,HOUSING,58.82352941176471,29.411764705882355,64.70588235294117,128.0,227.0,28.890371757896165,46.0,28.0
MANHATTAN,-13,26,40.796870752941174,-73.94638617882353,17,2,2,0.3333333333333333,0.6666666666666666,0.3333333333333333,11,2,23,STREET,58.82352941176471,58.82352941176471,35.294117647058826,68.0,50.0,26.890371757896165,55.0,211.0
MANHATTAN,-13,27,40.79883832481481,-73.94596854222223,27,14,1,2.3333333333333335,0.3333333333333333,-2.0,14,2,23,HOUSING,55.55555555555556,29.629629629629626,66.66666666666666,129.0,252.0,33.3322045101752,19.0,4.0
MANHATTAN,-13,28,40.801904811111115,-73.9455645888889,9,2,1,0.3333333333333333,0.3333333333333333,0.0,7,0,25,STREET,44.44444444444444,77.77777777777779,11.11111111111111,130.0,101.0,16.302585092994047,124.0,165.0
MANHATTAN,-13,29,40.80380179444444,-73.94637535,9,3,2,0.5,0.6666666666666666,0.16666666666666663,9,0,28,STREET,55.55555555555556,66.66666666666666,0.0,69.0,78.0,20.302585092994047,93.0,180.0
MANHATTAN,-13,30,40.806036813999995,-73.94589217000001,10,4,1,0.6666666666666666,0.3333333333333333,-0.3333333333333333,10,0,28,STREET,50.0,90.0,0.0,131.0,155.0,22.397895272798372,82.0,105.0
MANHATTAN,-13,31,40.80826628807692,-73.94584819884615,26,12,4,2.0,1.3333333333333333,-0.6666666666666667,13,3,28,STREET,73.07692307692307,80.76923076923077,0.0,18.0,207.0,32.29583686600433,25.0,44.0
MANHATTAN,-13,32,40.81049822666667,-73.94618853111112,9,5,0,0.8333333333333334,0.0,-0.8333333333333334,8,0,32,STREET,44.44444444444444,88.88888888888889,0.0,214.0,221.0,18.302585092994047,105.0,38.0
MANHATTAN,-13,33,40.81328582542857,-73.94598267885713,35,17,2,2.8333333333333335,0.6666666666666666,-2.166666666666667,18,5,32,STREET,74.28571428571429,48.57142857142857,37.142857142857146,70.0,254.0,44.58351893845611,2.0,3.0
MANHATTAN,-13,34,40.81582024428572,-73.94534937464286,28,9,10,1.5,3.3333333333333335,1.8333333333333335,11,6,32,STREET,57.14285714285714,75.0,10.714285714285714,1.0,3.0,31.367295829986475,32.0,254.0
MANHATTAN,-13,36,40.81937751,-73.94642180666666,3,0,0,0.0,0.0,0.0,3,0,32,STREET,0.0,100.0,0.0,215.0,102.0,7.386294361119891,243.0,166.0
MANHATTAN,-13,37,40.821480478333335,-73.94556262333334,6,3,0,0.5,0.0,-0.5,4,0,30,STREET,66.66666666666666,83.33333333333334,0.0,216.0,181.0,9.945910149055313,180.0,74.0
MANHATTAN,-13,38,40.82447029,-73.94601223333333,9,3,0,0.5,0.0,-0.5,8,0,30,STREET,44.44444444444444,55.55555555555556,0.0,217.0,182.0,18.302585092994047,106.0,75.0
MANHATTAN,-13,39,40.82622514636364,-73.94655951545455,11,3,0,0.5,0.0,-0.5,9,0,30,STREET,90.9090909090909,81.81818181818183,0.0,218.0,183.0,20.484906649788,92.0,76.0
MANHATTAN,-13,40,40.828949844444445,-73.94572634999999,9,4,0,0.6666666666666666,0.0,-0.6666666666666666,7,1,30,STREET,55.55555555555556,77.77777777777779,0.0,219.0,201.0,17.302585092994047,117.0,54.0
MANHATTAN,-13,41,40.830603308,-73.947410828,5,2,1,0.3333333333333333,0.3333333333333333,0.0,5,0,30,COMMERCIAL,60.0,40.0,0.0,132.0,103.0,11.791759469228055,177.0,167.0
MANHATTAN,-13,42,40.833721665,-73.9455357475,4,2,0,0.3333333333333333,0.0,-0.3333333333333333,4,0,33,STREET,75.0,75.0,0.0,220.0,156.0,9.6094379124341,203.0,106.0
MANHATTAN,-13,44,40.837335855,-73.94571709833335,6,1,1,0.16666666666666666,0.3333333333333333,0.16666666666666666,6,0,33,STREET,50.0,83.33333333333334,0.0,133.0,71.0,13.945910149055313,154.0,193.0
MANHATTAN,-12,21,40.786773362000005,-73.94318212266666,15,6,1,1.0,0.3333333333333333,-0.6666666666666667,9,2,23,STREET,20.0,46.666666666666664,40.0,134.0,208.0,22.77258872223978,73.0,45.0
MANHATTAN,-12,22,40.788203521111114,-73.94324012444444,9,2,2,0.3333333333333333,0.6666666666666666,0.3333333333333333,8,0,23,HOUSING,44.44444444444444,33.33333333333333,66.66666666666666,71.0,51.0,18.302585092994047,107.0,212.0
MANHATTAN,-12,23,40.7900592975,-73.94339473500001,8,5,2,0.8333333333333334,0.6666666666666666,-0.16666666666666674,6,0,23,COMMERCIAL,75.0,25.0,37.5,72.0,135.0,14.19722457733622,147.0,117.0
MANHATTAN,-12,24,40.793184010000004,-73.942918792,5,3,0,0.5,0.0,-0.5,3,1,23,STREET,40.0,60.0,0.0,221.0,184.0,8.791759469228055,210.0,77.0
MANHATTAN,-12,25,40.7949554175,-73.94345625375,16,8,3,1.3333333333333333,1.0,-0.33333333333333326,10,1,23,STREET,68.75,68.75,31.25,38.0,141.0,23.833213344056215,65.0,116.0
MANHATTAN,-12,26,40.7971093795,-73.94288670850001,20,6,1,1.0,0.3333333333333333,-0.6666666666666667,12,2,23,HOUSING,65.0,10.0,90.0,135.0,209.0,29.044522437723423,43.0,46.0
MANHATTAN,-12,27,40.799042840000006,-73.94308199722222,18,4,4,0.6666666666666666,1.3333333333333333,0.6666666666666666,12,0,25,STREET,77.77777777777779,61.111111111111114,22.22222222222222,19.0,21.0,26.944438979166442,54.0,237.0
MANHATTAN,-12,28,40.8011319325,-73.9434945775,4,1,0,0.16666666666666666,0.0,-0.16666666666666666,4,0,25,STREET,75.0,100.0,0.0,222.0,126.0,9.6094379124341,204.0,140.0
MANHATTAN,-12,29,40.8035257025,-73.94284688750001,4,1,1,0.16666666666666666,0.3333333333333333,0.16666666666666666,3,0,25,PLAYGROUND,50.0,25.0,0.0,136.0,72.0,7.6094379124341005,217.0,194.0
MANHATTAN,-12,30,40.80653287833333,-73.94305051333333,12,2,3,0.3333333333333333,1.0,0.6666666666666667,9,1,28,STREET,41.66666666666667,66.66666666666666,0.0,39.0,15.0,21.564949357461536,88.0,241.0
MANHATTAN,-12,31,40.808831356153846,-73.94358599923076,13,5,0,0.8333333333333334,0.0,-0.8333333333333334,11,0,32,STREET,53.84615384615385,84.61538461538461,0.0,223.0,222.0,24.63905732961526,62.0,39.0
MANHATTAN,-12,32,40.81039508128205,-73.94302603948718,39,19,2,3.1666666666666665,0.6666666666666666,-2.5,16,7,32,STREET,74.35897435897436,94.87179487179486,0.0,73.0,255.0,42.68887945411394,4.0,2.0
MANHATTAN,-12,33,40.812584253333334,-73.94284652133334,15,10,0,1.6666666666666667,0.0,-1.6666666666666667,10,1,32,STREET,53.333333333333336,86.66666666666667,0.0,224.0,248.0,23.77258872223978,68.0,9.0
MANHATTAN,-12,34,40.814855340526314,-73.94335334210527,19,10,3,1.6666666666666667,1.0,-0.6666666666666667,11,3,32,STREET,68.42105263157895,78.94736842105263,0.0,40.0,210.0,27.99573227355399,49.0,47.0
MANHATTAN,-12,35,40.817107969999995,-73.94285644375,8,2,1,0.3333333333333333,0.3333333333333333,0.0,7,0,32,STREET,50.0,87.5,0.0,137.0,104.0,16.19722457733622,129.0,168.0
MANHATTAN,-12,36,40.8197186973913,-73.94319502652174,23,11,4,1.8333333333333333,1.3333333333333333,-0.5,13,2,32,STREET,56.52173913043478,65.21739130434783,17.391304347826086,20.0,185.0,31.178053830347945,33.0,78.0
MANHATTAN,-12,37,40.82168700710527,-73.94346581210527,38,16,3,2.6666666666666665,1.0,-1.6666666666666665,15,7,32,STREET,60.526315789473685,76.31578947368422,18.421052631578945,41.0,246.0,40.663561646129644,6.0,11.0
MANHATTAN,-12,38,40.82385261111111,-73.94322176222222,9,1,1,0.16666666666666666,0.3333333333333333,0.16666666666666666,7,0,30,STREET,44.44444444444444,88.88888888888889,0.0,138.0,73.0,16.302585092994047,125.0,195.0
MANHATTAN,-12,39,40.82657299666667,-73.94303456,6,2,0,0.3333333333333333,0.0,-0.3333333333333333,5,0,30,STREET,66.66666666666666,83.33333333333334,0.0,225.0,157.0,11.945910149055313,168.0,107.0
MANHATTAN,-12,40,40.82858917153846,-73.94326683076923,13,5,4,0.8333333333333334,1.3333333333333333,0.4999999999999999,9,1,30,STREET,84.61538461538461,76.92307692307693,0.0,21.0,34.0,21.63905732961526,86.0,225.0
MANHATTAN,-12,41,40.83097938666667,-73.94315585333334,9,5,0,0.8333333333333334,0.0,-0.8333333333333334,8,0,30,HOUSING,66.66666666666666,33.33333333333333,44.44444444444444,226.0,223.0,18.302585092994047,108.0,40.0
MANHATTAN,-12,42,40.833122308,-73.94297077266667,15,7,0,1.1666666666666667,0.0,-1.1666666666666667,11,0,33,STREET,66.66666666666666,66.66666666666666,6.666666666666667,227.0,243.0,24.77258872223978,60.0,15.0
MANHATTAN,-12,43,40.83546372714286,-73.94279816142857,7,5,0,0.8333333333333334,0.0,-0.8333333333333334,6,0,33,STREET,71.42857142857143,85.71428571428571,0.0,228.0,224.0,14.079441541679836,149.0,41.0
MANHATTAN,-12,44,40.83759208666667,-73.94299892250001,12,4,3,0.6666666666666666,1.0,0.33333333333333337,8,1,33,STREET,58.333333333333336,91.66666666666666,0.0,42.0,38.0,19.564949357461536,96.0,219.0
MANHATTAN,-11,21,40.78656071058823,-73.94073327058824,17,5,2,0.8333333333333334,0.6666666666666666,-0.16666666666666674,11,1,23,HOUSING,52.94117647058824,5.88235294117647,88.23529411764706,74.0,136.0,25.890371757896165,59.0,118.0
MANHATTAN,-11,22,40.788464014285715,-73.93942643142859,28,11,2,1.8333333333333333,0.6666666666666666,-1.1666666666666665,16,2,23,HOUSING,46.42857142857143,3.571428571428571,96.42857142857143,75.0,240.0,37.367295829986475,14.0,17.0
MANHATTAN,-11,23,40.79062797666667,-73.9401172375,12,4,2,0.6666666666666666,0.6666666666666666,0.0,10,1,23,STREET,75.0,83.33333333333334,8.333333333333332,76.0,105.0,23.564949357461536,72.0,169.0
MANHATTAN,-11,24,40.793107975,-73.94037322666667,6,2,0,0.3333333333333333,0.0,-0.3333333333333333,6,0,23,STREET,66.66666666666666,83.33333333333334,16.666666666666664,229.0,158.0,13.945910149055313,155.0,108.0
MANHATTAN,-11,25,40.79523741210526,-73.93950655789473,19,8,1,1.3333333333333333,0.3333333333333333,-1.0,10,3,23,HOUSING,52.63157894736842,10.526315789473683,78.94736842105263,139.0,236.0,25.99573227355399,58.0,23.0
MANHATTAN,-11,26,40.79682926111111,-73.94015988407408,27,7,2,1.1666666666666667,0.6666666666666666,-0.5000000000000001,13,4,23,HOUSING,62.96296296296296,37.03703703703704,59.25925925925925,77.0,196.0,33.3322045101752,20.0,60.0
MANHATTAN,-11,27,40.79960717451613,-73.94063744354838,31,13,4,2.1666666666666665,1.3333333333333333,-0.8333333333333333,14,6,25,STREET,80.64516129032258,83.87096774193549,0.0,22.0,214.0,37.46573590279973,12.0,43.0
MANHATTAN,-11,28,40.801342623548386,-73.94027131387098,31,15,7,2.5,2.3333333333333335,-0.16666666666666652,15,4,25,STREET,48.38709677419355,74.19354838709677,9.67741935483871,3.0,113.0,37.46573590279973,13.0,144.0
MANHATTAN,-11,29,40.803032805,-73.9397238075,4,1,0,0.16666666666666666,0.0,-0.16666666666666666,4,0,25,HOUSING,75.0,25.0,75.0,230.0,127.0,9.6094379124341,205.0,141.0
MANHATTAN,-11,30,40.80579149333334,-73.940622545,6,3,0,0.5,0.0,-0.5,4,0,25,STREET,50.0,83.33333333333334,0.0,231.0,186.0,9.945910149055313,181.0,79.0
MANHATTAN,-11,31,40.80797201272727,-73.93998302909091,11,2,0,0.3333333333333333,0.0,-0.3333333333333333,6,1,25,STREET,63.63636363636363,90.9090909090909,0.0,232.0,159.0,15.484906649788,136.0,109.0
MANHATTAN,-11,32,40.81074875666667,-73.93994898066666,15,7,0,1.1666666666666667,0.0,-1.1666666666666667,11,0,32,STREET,40.0,73.33333333333333,0.0,233.0,244.0,24.77258872223978,61.0,16.0
MANHATTAN,-11,33,40.813218095555555,-73.9409019188889,9,4,0,0.6666666666666666,0.0,-0.6666666666666666,9,0,32,STREET,55.55555555555556,88.88888888888889,0.0,234.0,202.0,20.302585092994047,94.0,55.0
MANHATTAN,-11,34,40.815160426086955,-73.94058034,23,5,1,0.8333333333333334,0.3333333333333333,-0.5,11,5,32,STREET,47.82608695652174,78.26086956521739,0.0,140.0,187.0,30.178053830347945,36.0,80.0
MANHATTAN,-11,35,40.817387396923074,-73.939828085,26,5,2,0.8333333333333334,0.6666666666666666,-0.16666666666666674,13,5,32,STREET,50.0,88.46153846153845,0.0,78.0,137.0,34.29583686600433,18.0,119.0
MANHATTAN,-11,36,40.819404445,-73.94048349458333,24,7,4,1.1666666666666667,1.3333333333333333,0.16666666666666652,11,4,32,STREET,62.5,62.5,33.33333333333333,23.0,80.0,29.2188758248682,42.0,177.0
MANHATTAN,-11,37,40.82151699238096,-73.93988100428571,21,10,3,1.6666666666666667,1.0,-0.6666666666666667,10,3,32,STREET,57.14285714285714,57.14285714285714,19.047619047619047,43.0,211.0,26.091042453358316,57.0,48.0
MANHATTAN,-11,38,40.82359469875,-73.94067530875,8,2,2,0.3333333333333333,0.6666666666666666,0.3333333333333333,6,0,32,STREET,37.5,75.0,0.0,79.0,52.0,14.19722457733622,148.0,213.0
MANHATTAN,-11,39,40.826356905217395,-73.93953536826086,23,6,2,1.0,0.6666666666666666,-0.33333333333333337,14,1,32,STREET,60.86956521739131,69.56521739130434,4.3478260869565215,80.0,167.0,32.17805383034795,27.0,90.0
MANHATTAN,-11,40,40.82904937400001,-73.93980502599999,5,4,1,0.6666666666666666,0.3333333333333333,-0.3333333333333333,4,0,30,STREET,40.0,100.0,0.0,141.0,160.0,9.791759469228055,191.0,110.0
MANHATTAN,-11,42,40.83333640625,-73.94072128625001,8,4,0,0.6666666666666666,0.0,-0.6666666666666666,7,0,33,STREET,50.0,100.0,0.0,235.0,203.0,16.19722457733622,130.0,56.0
MANHATTAN,-11,43,40.8347956925,-73.940300335,4,2,1,0.3333333333333333,0.3333333333333333,0.0,4,0,33,STREET,75.0,75.0,0.0,142.0,106.0,9.6094379124341,206.0,170.0
MANHATTAN,-11,44,40.83744907,-73.94073446571429,7,2,1,0.3333333333333333,0.3333333333333333,0.0,6,0,33,STREET,71.42857142857143,85.71428571428571,0.0,143.0,107.0,14.079441541679836,150.0,171.0
MANHATTAN,-11,45,40.839474538750004,-73.94058344625,8,2,1,0.3333333333333333,0.3333333333333333,0.0,7,0,33,STREET,87.5,75.0,0.0,144.0,108.0,16.19722457733622,131.0,172.0
MANHATTAN,-10,24,40.79242236125,-73.93777013000002,8,2,0,0.3333333333333333,0.0,-0.3333333333333333,7,0,23,STREET,75.0,75.0,12.5,236.0,161.0,16.19722457733622,132.0,111.0
MANHATTAN,-10,25,40.7947838675,-73.9371577896875,32,6,6,1.0,2.0,1.0,17,3,23,HOUSING,62.5,18.75,71.875,4.0,7.0,40.49650756146648,8.0,250.0
MANHATTAN,-10,26,40.79730189076923,-73.93719967384615,13,11,0,1.8333333333333333,0.0,-1.8333333333333333,8,1,25,STREET,76.92307692307693,92.3076923076923,0.0,237.0,250.0,19.63905732961526,95.0,6.0
MANHATTAN,-10,27,40.79938059875,-73.93714239625,8,5,1,0.8333333333333334,0.3333333333333333,-0.5,8,0,25,STREET,25.0,100.0,0.0,145.0,188.0,18.19722457733622,114.0,81.0
MANHATTAN,-10,28,40.801870474285714,-73.93708537,21,9,5,1.5,1.6666666666666667,0.16666666666666674,13,2,25,STREET,61.904761904761905,71.42857142857143,0.0,11.0,59.0,31.091042453358316,34.0,200.0
MANHATTAN,-10,29,40.803849955625004,-73.93761428375001,16,2,3,0.3333333333333333,1.0,0.6666666666666667,10,1,25,STREET,56.25,93.75,0.0,44.0,16.0,23.833213344056215,66.0,242.0
MANHATTAN,-10,30,40.8062418348718,-73.93709444820513,39,16,2,2.6666666666666665,0.6666666666666666,-2.0,16,8,25,STREET,48.717948717948715,64.1025641025641,23.076923076923077,81.0,253.0,43.68887945411394,3.0,5.0
MANHATTAN,-10,31,40.80841053583333,-73.93738687666666,12,6,2,1.0,0.6666666666666666,-0.33333333333333337,9,1,25,STREET,33.33333333333333,66.66666666666666,8.333333333333332,82.0,168.0,21.564949357461536,89.0,91.0
MANHATTAN,-10,32,40.810617474736844,-73.93731380210527,38,19,4,3.1666666666666665,1.3333333333333333,-1.8333333333333333,18,3,25,HOUSING,57.89473684210527,39.473684210526315,52.63157894736842,24.0,251.0,42.663561646129644,5.0,7.0
MANHATTAN,-10,33,40.811918307999996,-73.93741097,5,3,0,0.5,0.0,-0.5,4,0,25,HOUSING,100.0,0.0,80.0,238.0,189.0,9.791759469228055,192.0,82.0
MANHATTAN,-10,34,40.815332493571425,-73.93695953000001,14,3,1,0.5,0.3333333333333333,-0.16666666666666669,10,1,32,STREET,64.28571428571429,64.28571428571429,0.0,146.0,132.0,23.70805020110221,69.0,125.0
MANHATTAN,-10,35,40.81772448352941,-73.93822455882353,17,6,1,1.0,0.3333333333333333,-0.6666666666666667,11,2,32,STREET,70.58823529411765,100.0,0.0,147.0,212.0,26.890371757896165,56.0,49.0
MANHATTAN,-10,36,40.82005925925926,-73.9376182162963,27,7,3,1.1666666666666667,1.0,-0.16666666666666674,14,4,32,STREET,74.07407407407408,62.96296296296296,29.629629629629626,45.0,138.0,35.3322045101752,16.0,120.0
MANHATTAN,-10,37,40.821826738333336,-73.9373953375,12,5,2,0.8333333333333334,0.6666666666666666,-0.16666666666666674,8,1,32,STREET,75.0,83.33333333333334,0.0,83.0,139.0,19.564949357461536,97.0,121.0
MANHATTAN,-10,38,40.8239973223077,-73.93765447923077,13,7,1,1.1666666666666667,0.3333333333333333,-0.8333333333333335,9,1,32,STREET,46.15384615384615,76.92307692307693,0.0,148.0,228.0,21.63905732961526,87.0,29.0
MANHATTAN,-10,39,40.82633565538462,-73.93735655,13,7,1,1.1666666666666667,0.3333333333333333,-0.8333333333333335,9,0,32,HOUSING,76.92307692307693,38.46153846153847,38.46153846153847,149.0,229.0,20.63905732961526,91.0,30.0
MANHATTAN,-10,40,40.828806603333334,-73.93772115571429,21,5,3,0.8333333333333334,1.0,0.16666666666666663,14,1,32,STREET,57.14285714285714,76.19047619047619,9.523809523809524,46.0,79.0,32.09104245335831,30.0,181.0
MANHATTAN,-10,41,40.829971414615386,-73.93669797692309,26,9,4,1.5,1.3333333333333333,-0.16666666666666674,16,3,32,HOUSING,73.07692307692307,3.8461538461538463,96.15384615384616,25.0,140.0,38.29583686600433,11.0,122.0
MANHATTAN,-10,43,40.83582771,-73.93772094666667,3,2,0,0.3333333333333333,0.0,-0.3333333333333333,3,0,33,STREET,66.66666666666666,66.66666666666666,0.0,239.0,162.0,7.386294361119891,244.0,112.0
MANHATTAN,-10,44,40.837204344444444,-73.93774255222223,9,6,1,1.0,0.3333333333333333,-0.6666666666666667,7,0,33,STREET,66.66666666666666,55.55555555555556,0.0,150.0,213.0,16.302585092994047,126.0,50.0
MANHATTAN,-10,45,40.8403956525,-73.936816225,20,5,4,0.8333333333333334,1.3333333333333333,0.4999999999999999,13,1,33,STREET,55.00000000000001,70.0,0.0,26.0,35.0,30.044522437723423,39.0,226.0
MANHATTAN,-10,46,40.84251136277778,-73.93739805166668,18,7,2,1.1666666666666667,0.6666666666666666,-0.5000000000000001,12,1,33,STREET,55.55555555555556,88.88888888888889,0.0,84.0,197.0,27.944438979166442,50.0,61.0
MANHATTAN,-10,47,40.844448101333334,-73.93703027000001,15,10,0,1.6666666666666667,0.0,-1.6666666666666667,9,1,33,STREET,73.33333333333333,73.33333333333333,0.0,240.0,249.0,21.77258872223978,85.0,10.0
MANHATTAN,-10,48,40.846443212,-73.93784257600001,5,0,1,0.0,0.3333333333333333,0.3333333333333333,5,0,33,STREET,60.0,100.0,0.0,151.0,53.0,11.791759469228055,178.0,214.0
MANHATTAN,-10,49,40.84865139,-73.93677098166667,6,1,0,0.16666666666666666,0.0,-0.16666666666666666,5,0,33,STREET,66.66666666666666,83.33333333333334,0.0,241.0,128.0,11.945910149055313,169.0,142.0
MANHATTAN,-9,25,40.79535503625,-73.9351548375,8,3,0,0.5,0.0,-0.5,7,0,25,STREET,62.5,100.0,0.0,242.0,190.0,16.19722457733622,133.0,83.0
MANHATTAN,-9,26,40.797229563076925,-73.93395808538462,13,6,0,1.0,0.0,-1.0,10,1,25,STREET,76.92307692307693,92.3076923076923,0.0,243.0,237.0,23.63905732961526,71.0,24.0
MANHATTAN,-9,27,40.79956390571428,-73.93368088666666,21,7,1,1.1666666666666667,0.3333333333333333,-0.8333333333333335,11,3,25,HOUSING,61.904761904761905,23.809523809523807,71.42857142857143,152.0,230.0,28.091042453358316,48.0,31.0
MANHATTAN,-9,28,40.8015181868421,-73.93417854789475,19,4,2,0.6666666666666666,0.6666666666666666,0.0,14,1,25,HOUSING,52.63157894736842,26.31578947368421,63.1578947368421,85.0,109.0,31.99573227355399,31.0,173.0
MANHATTAN,-9,29,40.80328304500001,-73.9342955725,4,1,2,0.16666666666666666,0.6666666666666666,0.5,3,0,25,STREET,75.0,75.0,0.0,86.0,30.0,7.6094379124341005,218.0,233.0
MANHATTAN,-9,31,40.80797178666667,-73.93481503,3,1,1,0.16666666666666666,0.3333333333333333,0.16666666666666666,3,0,25,DWELLING,0.0,33.33333333333333,0.0,153.0,74.0,7.386294361119891,245.0,196.0
MANHATTAN,-9,32,40.810643545555564,-73.93521219444445,9,3,0,0.5,0.0,-0.5,8,0,25,HOUSING,77.77777777777779,11.11111111111111,88.88888888888889,244.0,191.0,18.302585092994047,109.0,84.0
MANHATTAN,-9,41,40.83122649,-73.93575225,4,3,0,0.5,0.0,-0.5,4,0,32,HOUSING,50.0,0.0,100.0,245.0,192.0,9.6094379124341,207.0,85.0
MANHATTAN,-9,42,40.83345778,-73.93545016,9,4,0,0.6666666666666666,0.0,-0.6666666666666666,7,0,32,HOUSING,44.44444444444444,0.0,100.0,246.0,204.0,16.302585092994047,127.0,57.0
MANHATTAN,-9,47,40.84464910571429,-73.93447170190477,21,9,2,1.5,0.6666666666666666,-0.8333333333333334,10,4,33,STREET,52.38095238095239,52.38095238095239,19.047619047619047,87.0,225.0,27.091042453358316,53.0,42.0
MANHATTAN,-9,48,40.846760004000004,-73.934306182,15,4,1,0.6666666666666666,0.3333333333333333,-0.3333333333333333,8,2,33,STREET,40.0,86.66666666666667,0.0,154.0,163.0,20.77258872223978,90.0,113.0
MANHATTAN,-9,49,40.848748713333336,-73.93412204666667,3,2,0,0.3333333333333333,0.0,-0.3333333333333333,3,0,34,STREET,100.0,100.0,0.0,247.0,164.0,7.386294361119891,246.0,114.0
MANHATTAN,-9,50,40.851160766363634,-73.9347695309091,11,0,6,0.0,2.0,2.0,7,1,34,STREET,63.63636363636363,81.81818181818183,0.0,5.0,2.0,17.484906649788,115.0,255.0
MANHATTAN,-8,26,40.797602949,-73.93166912699999,10,4,0,0.6666666666666666,0.0,-0.6666666666666666,8,0,25,HOUSING,70.0,40.0,50.0,248.0,205.0,18.397895272798372,101.0,58.0
MANHATTAN,-8,27,40.79894517000001,-73.92991421,4,3,0,0.5,0.0,-0.5,3,0,25,HOUSING,75.0,0.0,100.0,249.0,193.0,7.6094379124341005,219.0,86.0
MANHATTAN,-8,49,40.84867791230769,-73.93157620692307,13,2,1,0.3333333333333333,0.3333333333333333,0.0,10,0,34,STREET,61.53846153846154,76.92307692307693,0.0,155.0,110.0,22.63905732961526,77.0,174.0
MANHATTAN,-8,50,40.85109231727273,-73.93161565727273,11,1,1,0.16666666666666666,0.3333333333333333,0.16666666666666666,7,0,34,STREET,45.45454545454545,81.81818181818183,0.0,156.0,75.0,16.484906649788,120.0,197.0
MANHATTAN,-8,51,40.853427913333334,-73.9305002275,12,6,0,1.0,0.0,-1.0,10,0,34,STREET,50.0,91.66666666666666,0.0,250.0,238.0,22.564949357461536,80.0,25.0
MANHATTAN,-8,52,40.855658043333335,-73.9304709888889,9,4,0,0.6666666666666666,0.0,-0.6666666666666666,6,0,34,STREET,77.77777777777779,66.66666666666666,0.0,251.0,206.0,14.302585092994047,142.0,59.0
MANHATTAN,-7,51,40.85317737111111,-73.92835975111112,9,1,3,0.16666666666666666,1.0,0.8333333333333334,8,0,34,STREET,66.66666666666666,55.55555555555556,0.0,47.0,12.0,18.302585092994047,110.0,248.0
MANHATTAN,-7,52,40.85584825769231,-73.92898277615386,13,4,3,0.6666666666666666,1.0,0.33333333333333337,11,0,34,STREET,46.15384615384615,92.3076923076923,0.0,48.0,39.0,24.63905732961526,63.0,220.0
MANHATTAN,-7,54,40.859981507499995,-73.92778203250002,4,3,0,0.5,0.0,-0.5,4,0,34,STREET,50.0,75.0,0.0,252.0,194.0,9.6094379124341,208.0,87.0
MANHATTAN,-7,55,40.8617450675,-73.92847921375001,8,0,1,0.0,0.3333333333333333,0.3333333333333333,7,0,34,STREET,12.5,100.0,0.0,157.0,54.0,16.19722457733622,134.0,215.0
MANHATTAN,-7,56,40.86460453400001,-73.927766164,5,3,1,0.5,0.3333333333333333,-0.16666666666666669,5,0,34,STREET,60.0,100.0,0.0,158.0,133.0,11.791759469228055,179.0,126.0
MANHATTAN,-6,54,40.86111331,-73.9260889,5,1,0,0.16666666666666666,0.0,-0.16666666666666666,3,1,34,STREET,80.0,80.0,0.0,253.0,129.0,8.791759469228055,211.0,143.0
MANHATTAN,-6,55,40.862588282352945,-73.92499608235295,17,4,2,0.6666666666666666,0.6666666666666666,0.0,13,0,34,STREET,76.47058823529412,100.0,0.0,88.0,111.0,28.890371757896165,47.0,175.0
MANHATTAN,-6,56,40.86417903142857,-73.92530715285716,14,4,4,0.6666666666666666,1.3333333333333333,0.6666666666666666,5,2,34,STREET,71.42857142857143,71.42857142857143,0.0,27.0,22.0,14.70805020110221,140.0,238.0
MANHATTAN,-6,57,40.866653688,-73.925126078,5,3,0,0.5,0.0,-0.5,3,0,34,STREET,80.0,100.0,0.0,254.0,195.0,7.7917594692280545,212.0,88.0
MANHATTAN,-5,54,40.860126709999996,-73.92209526250001,4,2,0,0.3333333333333333,0.0,-0.3333333333333333,4,0,34,HOUSING,75.0,0.0,100.0,255.0,165.0,9.6094379124341,209.0,115.0
MANHATTAN,-5,55,40.86242713,-73.9222959325,12,2,2,0.3333333333333333,0.6666666666666666,0.3333333333333333,8,0,34,HOUSING,66.66666666666666,41.66666666666667,41.66666666666667,89.0,55.0,18.564949357461536,99.0,216.0
MANHATTAN,-5,56,40.86511935666667,-73.9228367752381,21,8,1,1.3333333333333333,0.3333333333333333,-1.0,12,3,34,STREET,66.66666666666666,90.47619047619048,0.0,159.0,239.0,30.091042453358316,37.0,26.0
MANHATTAN,-5,57,40.866979359999995,-73.922853004,5,0,2,0.0,0.6666666666666666,0.6666666666666666,2,1,34,STREET,60.0,100.0,0.0,90.0,23.0,6.7917594692280545,249.0,239.0
MANHATTAN,-4,55,40.862509176,-73.91979027100001,10,3,1,0.5,0.3333333333333333,-0.16666666666666669,10,0,34,STREET,40.0,80.0,0.0,160.0,134.0,22.397895272798372,83.0,127.0
MANHATTAN,-4,56,40.86438021482759,-73.9192401286207,29,5,6,0.8333333333333334,2.0,1.1666666666666665,16,3,34,STREET,55.172413793103445,65.51724137931035,0.0,6.0,5.0,38.40119738166216,10.0,253.0
MANHATTAN,-4,57,40.866367403333335,-73.91987930111111,9,2,3,0.3333333333333333,1.0,0.6666666666666667,8,0,34,STREET,55.55555555555556,77.77777777777779,0.0,49.0,17.0,18.302585092994047,111.0,243.0
MANHATTAN,-4,58,40.868831736666664,-73.91973975333333,3,0,1,0.0,0.3333333333333333,0.3333333333333333,3,0,34,STREET,100.0,66.66666666666666,0.0,161.0,56.0,7.386294361119891,247.0,217.0
MANHATTAN,-3,57,40.8668989788889,-73.91731727,9,0,3,0.0,1.0,1.0,6,1,34,STREET,44.44444444444444,77.77777777777779,0.0,50.0,8.0,15.302585092994047,138.0,251.0
MANHATTAN,-2,60,40.87253272,-73.91248798,3,0,0,0.0,0.0,0.0,3,0,34,COMMERCIAL,33.33333333333333,33.33333333333333,0.0,256.0,112.0,7.386294361119891,248.0,176.0
QUEENS,-16,2,40.7431246,-73.95606807,7,0,3,0.0,1.0,1.0,5,0,108,STREET,57.14285714285714,85.71428571428571,0.0,8.0,4.0,12.079441541679836,115.0,411.0
QUEENS,-14,7,40.75517437,-73.94834159285713,7,2,0,0.3333333333333333,0.0,-0.3333333333333333,6,0,114,HOUSING,57.14285714285714,14.285714285714285,85.71428571428571,146.0,234.0,14.079441541679836,84.0,102.0
QUEENS,-14,11,40.76230771,-73.94952885,3,1,0,0.16666666666666666,0.0,-0.16666666666666666,3,0,114,DWELLING,66.66666666666666,33.33333333333333,0.0,147.0,155.0,7.386294361119891,278.0,195.0
QUEENS,-13,7,40.755079622000004,-73.945754526,10,3,0,0.5,0.0,-0.5,9,0,114,HOUSING,70.0,0.0,100.0,148.0,318.0,20.397895272798372,39.0,49.0
QUEENS,-13,8,40.7565464762963,-73.94549952111112,27,3,2,0.5,0.6666666666666666,0.16666666666666663,14,3,114,HOUSING,51.85185185185185,3.7037037037037033,88.88888888888889,14.0,80.0,34.3322045101752,8.0,333.0
QUEENS,-12,7,40.754964421470596,-73.94353256999999,34,12,2,2.0,0.6666666666666666,-1.3333333333333335,15,5,114,HOUSING,73.52941176470588,5.88235294117647,88.23529411764706,15.0,411.0,38.55534806148941,1.0,5.0
QUEENS,-12,8,40.75661196375,-73.9435048225,8,2,0,0.3333333333333333,0.0,-0.3333333333333333,8,0,114,STREET,100.0,75.0,12.5,149.0,235.0,18.19722457733622,53.0,103.0
QUEENS,-10,10,40.76112228615384,-73.93727738923077,13,3,1,0.5,0.3333333333333333,-0.16666666666666669,9,1,114,HOUSING,46.15384615384615,7.6923076923076925,92.3076923076923,53.0,223.0,21.63905732961526,32.0,189.0
QUEENS,-10,16,40.77390625117648,-73.93631535,17,3,5,0.5,1.6666666666666667,1.1666666666666667,11,2,114,HOUSING,47.05882352941176,0.0,100.0,3.0,1.0,26.890371757896165,18.0,416.0
QUEENS,-9,9,40.75942055666667,-73.93389274666667,6,0,1,0.0,0.3333333333333333,0.3333333333333333,5,0,114,HOUSING,50.0,0.0,100.0,54.0,28.0,11.945910149055313,123.0,368.0
QUEENS,-9,10,40.761218613333334,-73.93432654,3,0,1,0.0,0.3333333333333333,0.3333333333333333,3,0,114,HOUSING,100.0,0.0,100.0,55.0,29.0,7.386294361119891,279.0,369.0
QUEENS,-9,15,40.772807615000005,-73.933457340625,16,6,1,1.0,0.3333333333333333,-0.6666666666666667,11,1,114,HOUSING,50.0,12.5,87.5,56.0,386.0,25.833213344056215,19.0,29.0
QUEENS,-9,16,40.77499854538461,-73.93406345000001,13,6,2,1.0,0.6666666666666666,-0.33333333333333337,11,0,114,HOUSING,61.53846153846154,15.384615384615385,76.92307692307693,16.0,316.0,24.63905732961526,25.0,100.0
QUEENS,-8,3,40.74455031666667,-73.93060178,3,0,0,0.0,0.0,0.0,3,0,108,STREET,33.33333333333333,100.0,0.0,150.0,85.0,7.386294361119891,280.0,263.0
QUEENS,-8,10,40.76118156333334,-73.9319706,9,5,0,0.8333333333333334,0.0,-0.8333333333333334,9,0,114,HOUSING,55.55555555555556,0.0,77.77777777777779,151.0,389.0,20.302585092994047,41.0,17.0
QUEENS,-8,13,40.7683103125,-73.93076415000002,4,3,0,0.5,0.0,-0.5,3,0,114,STREET,25.0,100.0,0.0,152.0,319.0,7.6094379124341005,250.0,50.0
QUEENS,-8,15,40.77255421875,-73.9316659425,8,3,0,0.5,0.0,-0.5,6,0,114,STREET,75.0,75.0,12.5,153.0,320.0,14.19722457733622,77.0,51.0
QUEENS,-8,16,40.77445661666667,-73.93216343666667,6,0,1,0.0,0.3333333333333333,0.3333333333333333,5,0,114,HOUSING,33.33333333333333,16.666666666666664,83.33333333333334,57.0,30.0,11.945910149055313,124.0,370.0
QUEENS,-7,7,40.75420167,-73.92893381,3,0,0,0.0,0.0,0.0,2,0,114,STREET,0.0,66.66666666666666,0.0,154.0,86.0,5.386294361119891,388.0,264.0
QUEENS,-5,7,40.75409184,-73.922148885,4,0,3,0.0,1.0,1.0,3,0,114,STREET,25.0,75.0,0.0,9.0,5.0,7.6094379124341005,251.0,412.0
QUEENS,-3,2,40.74274651,-73.9160952,3,1,1,0.16666666666666666,0.3333333333333333,0.16666666666666666,3,0,108,STREET,33.33333333333333,66.66666666666666,0.0,58.0,51.0,7.386294361119891,281.0,338.0
QUEENS,-3,3,40.74571498666666,-73.91550081,3,2,0,0.3333333333333333,0.0,-0.3333333333333333,2,0,108,DWELLING,33.33333333333333,33.33333333333333,0.0,155.0,236.0,5.386294361119891,389.0,104.0
QUEENS,-3,14,40.7695507075,-73.915033125,12,5,2,0.8333333333333334,0.6666666666666666,-0.16666666666666674,8,1,114,STREET,41.66666666666667,66.66666666666666,25.0,17.0,229.0,19.564949357461536,42.0,184.0
QUEENS,-2,12,40.764890548,-73.91429938399999,5,0,0,0.0,0.0,0.0,4,0,114,STREET,60.0,100.0,0.0,156.0,87.0,9.791759469228055,167.0,265.0
QUEENS,-1,-17,40.700016155,-73.9101268,4,3,0,0.5,0.0,-0.5,4,0,104,STREET,100.0,75.0,0.0,157.0,321.0,9.6094379124341,185.0,52.0
QUEENS,-1,-15,40.70457714333333,-73.91025711,3,1,1,0.16666666666666666,0.3333333333333333,0.16666666666666666,3,0,104,COMMERCIAL,33.33333333333333,33.33333333333333,0.0,59.0,52.0,7.386294361119891,282.0,339.0
QUEENS,-1,7,40.75493348,-73.91039019,8,1,2,0.16666666666666666,0.6666666666666666,0.5,7,0,114,HOUSING,62.5,0.0,100.0,18.0,18.0,16.19722457733622,64.0,391.0
QUEENS,-1,8,40.75738726,-73.91035802,3,0,0,0.0,0.0,0.0,2,0,114,HOUSING,66.66666666666666,0.0,100.0,158.0,88.0,5.386294361119891,390.0,266.0
QUEENS,-1,13,40.7682327575,-73.91077663749999,4,0,2,0.0,0.6666666666666666,0.6666666666666666,3,0,114,STREET,50.0,100.0,0.0,19.0,10.0,7.6094379124341005,252.0,400.0
QUEENS,0,-15,40.70461227,-73.90724666333334,3,1,0,0.16666666666666666,0.0,-0.16666666666666666,3,0,104,STREET,0.0,66.66666666666666,0.0,159.0,156.0,7.386294361119891,283.0,196.0
QUEENS,0,7,40.754243040000006,-73.90847453333333,3,0,1,0.0,0.3333333333333333,0.3333333333333333,2,0,114,STREET,0.0,66.66666666666666,33.33333333333333,60.0,31.0,5.386294361119891,391.0,371.0
QUEENS,0,8,40.757043935714286,-73.90807931142858,7,5,2,0.8333333333333334,0.6666666666666666,-0.16666666666666674,5,0,114,HOUSING,28.57142857142857,28.57142857142857,57.14285714285714,20.0,230.0,12.079441541679836,116.0,185.0
QUEENS,1,-16,40.702567558333335,-73.90517391666668,6,3,0,0.5,0.0,-0.5,5,0,104,STREET,33.33333333333333,100.0,0.0,160.0,322.0,11.945910149055313,125.0,53.0
QUEENS,1,11,40.76430441,-73.90403312000001,6,0,2,0.0,0.6666666666666666,0.6666666666666666,4,1,114,STREET,50.0,83.33333333333334,0.0,21.0,11.0,10.945910149055313,160.0,401.0
QUEENS,2,-19,40.696257943333336,-73.90154838666668,3,1,0,0.16666666666666666,0.0,-0.16666666666666666,3,0,104,STREET,100.0,100.0,0.0,161.0,157.0,7.386294361119891,284.0,197.0
QUEENS,2,-18,40.698030815,-73.9015157175,4,1,1,0.16666666666666666,0.3333333333333333,0.16666666666666666,4,0,104,STREET,50.0,100.0,0.0,61.0,53.0,9.6094379124341,186.0,340.0
QUEENS,2,10,40.760955358000004,-73.90217350600001,5,3,0,0.5,0.0,-0.5,5,0,114,STREET,80.0,100.0,0.0,162.0,323.0,11.791759469228055,138.0,54.0
QUEENS,3,-13,40.70870176666667,-73.89937667333334,3,1,0,0.16666666666666666,0.0,-0.16666666666666666,3,0,104,DWELLING,66.66666666666666,33.33333333333333,0.0,163.0,158.0,7.386294361119891,285.0,198.0
QUEENS,3,5,40.74926801,-73.89791987333335,3,1,1,0.16666666666666666,0.3333333333333333,0.16666666666666666,3,0,108,STREET,33.33333333333333,100.0,0.0,62.0,54.0,7.386294361119891,286.0,341.0
QUEENS,5,-15,40.70443503,-73.89378071,7,1,2,0.16666666666666666,0.6666666666666666,0.5,5,0,104,STREET,28.57142857142857,100.0,0.0,22.0,19.0,12.079441541679836,117.0,392.0
QUEENS,7,2,40.74420152,-73.88561184,3,2,1,0.3333333333333333,0.3333333333333333,0.0,3,0,110,STREET,66.66666666666666,66.66666666666666,0.0,63.0,89.0,7.386294361119891,287.0,267.0
QUEENS,7,3,40.74543886,-73.88691734666666,3,1,1,0.16666666666666666,0.3333333333333333,0.16666666666666666,3,0,110,STREET,66.66666666666666,66.66666666666666,0.0,64.0,55.0,7.386294361119891,288.0,342.0
QUEENS,7,4,40.747204100000005,-73.88542984333334,3,2,1,0.3333333333333333,0.3333333333333333,0.0,2,0,110,STREET,0.0,100.0,0.0,65.0,90.0,5.386294361119891,392.0,268.0
QUEENS,8,0,40.739054081666666,-73.8845778,6,2,3,0.3333333333333333,1.0,0.6666666666666667,5,0,110,STREET,33.33333333333333,83.33333333333334,0.0,10.0,8.0,11.945910149055313,126.0,408.0
QUEENS,8,4,40.747413470000005,-73.88436723,3,0,0,0.0,0.0,0.0,3,0,110,STREET,100.0,66.66666666666666,0.0,164.0,91.0,7.386294361119891,289.0,269.0
QUEENS,8,8,40.75577844333334,-73.88335649000001,3,1,0,0.16666666666666666,0.0,-0.16666666666666666,3,0,115,STREET,66.66666666666666,100.0,0.0,165.0,159.0,7.386294361119891,290.0,199.0
QUEENS,10,3,40.74593548,-73.87777985999999,3,2,0,0.3333333333333333,0.0,-0.3333333333333333,3,0,110,STREET,33.33333333333333,66.66666666666666,0.0,166.0,237.0,7.386294361119891,291.0,105.0
QUEENS,10,4,40.747975627500004,-73.877347845,8,1,0,0.16666666666666666,0.0,-0.16666666666666666,7,0,110,STREET,50.0,87.5,0.0,167.0,160.0,16.19722457733622,65.0,200.0
QUEENS,10,5,40.749985005,-73.87701210333333,6,0,0,0.0,0.0,0.0,5,0,115,STREET,50.0,83.33333333333334,0.0,168.0,92.0,11.945910149055313,127.0,270.0
QUEENS,11,2,40.74361008857143,-73.87420126428572,7,3,0,0.5,0.0,-0.5,6,0,110,STREET,57.14285714285714,85.71428571428571,0.0,169.0,324.0,14.079441541679836,85.0,55.0
QUEENS,11,5,40.75052719333333,-73.87498153333334,3,2,0,0.3333333333333333,0.0,-0.3333333333333333,2,0,115,STREET,0.0,66.66666666666666,0.0,170.0,238.0,5.386294361119891,393.0,106.0
QUEENS,11,8,40.756994606,-73.875877314,5,2,1,0.3333333333333333,0.3333333333333333,0.0,5,0,115,DWELLING,60.0,40.0,0.0,66.0,93.0,11.791759469228055,139.0,271.0
QUEENS,11,10,40.761153746666665,-73.87479915666665,3,0,0,0.0,0.0,0.0,3,0,115,STREET,33.33333333333333,66.66666666666666,0.0,171.0,94.0,7.386294361119891,292.0,272.0
QUEENS,11,13,40.767507755000004,-73.8755745175,4,3,0,0.5,0.0,-0.5,4,0,115,STREET,50.0,100.0,0.0,172.0,325.0,9.6094379124341,187.0,56.0
QUEENS,12,5,40.74972260249999,-73.8719309175,4,1,0,0.16666666666666666,0.0,-0.16666666666666666,3,0,110,STREET,50.0,75.0,0.0,173.0,161.0,7.6094379124341005,253.0,201.0
QUEENS,12,6,40.7521106025,-73.8726111775,4,0,1,0.0,0.3333333333333333,0.3333333333333333,4,0,115,STREET,25.0,75.0,0.0,67.0,32.0,9.6094379124341,188.0,372.0
QUEENS,12,7,40.75421132333334,-73.87225795333333,3,1,0,0.16666666666666666,0.0,-0.16666666666666666,3,0,115,STREET,66.66666666666666,100.0,0.0,174.0,162.0,7.386294361119891,293.0,202.0
QUEENS,12,10,40.7614111875,-73.87230551125,8,1,2,0.16666666666666666,0.6666666666666666,0.5,7,0,115,STREET,75.0,75.0,0.0,23.0,20.0,16.19722457733622,66.0,393.0
QUEENS,12,11,40.76279460666667,-73.87184922,3,2,0,0.3333333333333333,0.0,-0.3333333333333333,3,0,115,STREET,66.66666666666666,100.0,0.0,175.0,239.0,7.386294361119891,294.0,107.0
QUEENS,13,4,40.74807804499999,-73.8696901375,4,0,1,0.0,0.3333333333333333,0.3333333333333333,4,0,110,STREET,25.0,100.0,0.0,68.0,33.0,9.6094379124341,189.0,373.0
QUEENS,13,6,40.752254468,-73.868977978,5,3,0,0.5,0.0,-0.5,5,0,115,STREET,60.0,60.0,0.0,176.0,326.0,11.791759469228055,140.0,57.0
QUEENS,13,11,40.76327790285714,-73.8686807057143,7,3,1,0.5,0.3333333333333333,-0.16666666666666669,7,0,115,STREET,28.57142857142857,71.42857142857143,0.0,69.0,224.0,16.079441541679834,73.0,190.0
QUEENS,14,-1,40.736418433333334,-73.86619502,3,1,0,0.16666666666666666,0.0,-0.16666666666666666,3,0,110,STREET,33.33333333333333,66.66666666666666,0.0,177.0,163.0,7.386294361119891,295.0,203.0
QUEENS,14,7,40.754509405,-73.865279495,4,1,1,0.16666666666666666,0.3333333333333333,0.16666666666666666,4,0,115,STREET,50.0,100.0,0.0,70.0,56.0,9.6094379124341,190.0,343.0
QUEENS,14,8,40.75715504,-73.86666905000001,5,3,0,0.5,0.0,-0.5,5,0,115,STREET,40.0,80.0,0.0,178.0,327.0,11.791759469228055,141.0,58.0
QUEENS,15,-26,40.680396714,-73.86298782,5,2,2,0.3333333333333333,0.6666666666666666,0.3333333333333333,5,0,102,STREET,80.0,100.0,0.0,24.0,34.0,11.791759469228055,142.0,374.0
QUEENS,15,-2,40.73512315,-73.86175092,6,3,0,0.5,0.0,-0.5,4,0,110,DWELLING,33.33333333333333,33.33333333333333,0.0,179.0,328.0,9.945910149055313,163.0,59.0
QUEENS,15,-1,40.73724431083333,-73.86379643416667,12,4,1,0.6666666666666666,0.3333333333333333,-0.3333333333333333,8,1,110,STREET,41.66666666666667,83.33333333333334,0.0,71.0,240.0,19.564949357461536,43.0,108.0
QUEENS,15,0,40.738386291428576,-73.8620947,7,2,1,0.3333333333333333,0.3333333333333333,0.0,6,0,110,STREET,85.71428571428571,100.0,0.0,72.0,95.0,14.079441541679836,86.0,273.0
QUEENS,15,3,40.74519953,-73.86283915333334,3,1,0,0.16666666666666666,0.0,-0.16666666666666666,3,0,110,STREET,0.0,66.66666666666666,0.0,180.0,164.0,7.386294361119891,296.0,204.0
QUEENS,15,4,40.7476930825,-73.86375221750001,4,3,0,0.5,0.0,-0.5,4,0,110,STREET,50.0,100.0,0.0,181.0,329.0,9.6094379124341,191.0,60.0
QUEENS,15,5,40.7502303625,-73.86239358750001,4,0,0,0.0,0.0,0.0,3,0,115,STREET,100.0,100.0,0.0,182.0,96.0,7.6094379124341005,254.0,274.0
QUEENS,15,6,40.7525661625,-73.86356359000001,4,1,0,0.16666666666666666,0.0,-0.16666666666666666,4,0,115,STREET,100.0,75.0,0.0,183.0,165.0,9.6094379124341,192.0,205.0
QUEENS,15,8,40.757419856000006,-73.863113102,5,3,0,0.5,0.0,-0.5,3,0,115,STREET,100.0,80.0,0.0,184.0,330.0,7.7917594692280545,248.0,61.0
QUEENS,15,9,40.75937006,-73.86386039,3,1,0,0.16666666666666666,0.0,-0.16666666666666666,3,0,115,COMMERCIAL,66.66666666666666,33.33333333333333,0.0,185.0,166.0,7.386294361119891,297.0,206.0
QUEENS,16,-26,40.6796981075,-73.86065261750001,4,3,0,0.5,0.0,-0.5,3,0,102,STREET,50.0,75.0,0.0,186.0,331.0,7.6094379124341005,255.0,62.0
QUEENS,16,-24,40.684919736000005,-73.859946174,5,2,0,0.3333333333333333,0.0,-0.3333333333333333,5,0,102,STREET,80.0,80.0,0.0,187.0,241.0,11.791759469228055,143.0,109.0
QUEENS,16,0,40.73838052,-73.86023219142858,7,4,0,0.6666666666666666,0.0,-0.6666666666666666,5,1,110,STREET,100.0,71.42857142857143,0.0,188.0,370.0,13.079441541679836,113.0,32.0
QUEENS,17,-22,40.68912807666667,-73.85642786000001,3,2,0,0.3333333333333333,0.0,-0.3333333333333333,3,0,102,STREET,100.0,100.0,0.0,189.0,242.0,7.386294361119891,298.0,110.0
QUEENS,18,-23,40.686793976000004,-73.85385358399999,5,1,0,0.16666666666666666,0.0,-0.16666666666666666,5,0,102,PLAYGROUND,60.0,40.0,0.0,190.0,167.0,11.791759469228055,144.0,207.0
QUEENS,18,-21,40.691284939999996,-73.85382570666667,3,0,0,0.0,0.0,0.0,2,0,102,STREET,66.66666666666666,100.0,0.0,191.0,97.0,5.386294361119891,394.0,275.0
QUEENS,18,1,40.73989907666667,-73.85364688333333,3,1,1,0.16666666666666666,0.3333333333333333,0.16666666666666666,3,0,110,STREET,66.66666666666666,100.0,0.0,73.0,57.0,7.386294361119891,299.0,344.0
QUEENS,18,9,40.759681318000005,-73.85486464,5,1,2,0.16666666666666666,0.6666666666666666,0.5,5,0,110,STREET,80.0,100.0,0.0,25.0,21.0,11.791759469228055,145.0,394.0
QUEENS,19,0,40.738771856666666,-73.85147219666666,3,0,2,0.0,0.6666666666666666,0.6666666666666666,3,0,110,STREET,33.33333333333333,100.0,0.0,26.0,12.0,7.386294361119891,300.0,402.0
QUEENS,19,2,40.7426967825,-73.85141504,4,2,0,0.3333333333333333,0.0,-0.3333333333333333,4,0,110,PLAYGROUND,100.0,50.0,0.0,192.0,243.0,9.6094379124341,193.0,111.0
QUEENS,21,-19,40.6954473825,-73.8454159175,4,0,0,0.0,0.0,0.0,3,0,102,STREET,25.0,100.0,0.0,193.0,98.0,7.6094379124341005,256.0,276.0
QUEENS,22,-13,40.70922421666666,-73.84165377000001,3,0,0,0.0,0.0,0.0,3,0,102,STREET,33.33333333333333,100.0,0.0,194.0,99.0,7.386294361119891,301.0,277.0
QUEENS,23,-25,40.68239828,-73.84007216,15,8,2,1.3333333333333333,0.6666666666666666,-0.6666666666666666,10,1,106,STREET,66.66666666666666,86.66666666666667,0.0,27.0,371.0,23.77258872223978,27.0,33.0
QUEENS,23,-23,40.68700357666666,-73.83976063333333,3,0,1,0.0,0.3333333333333333,0.3333333333333333,3,0,102,DWELLING,33.33333333333333,33.33333333333333,0.0,74.0,35.0,7.386294361119891,302.0,375.0
QUEENS,23,-19,40.69592263,-73.83870901333333,3,1,2,0.16666666666666666,0.6666666666666666,0.5,2,0,102,STREET,0.0,66.66666666666666,0.0,28.0,22.0,5.386294361119891,395.0,395.0
QUEENS,24,14,40.77026878,-73.83595845,3,1,0,0.16666666666666666,0.0,-0.16666666666666666,3,0,109,STREET,33.33333333333333,100.0,0.0,195.0,168.0,7.386294361119891,303.0,208.0
QUEENS,25,7,40.754547274000004,-73.83318543200001,5,3,1,0.5,0.3333333333333333,-0.16666666666666669,4,0,109,STREET,40.0,60.0,0.0,75.0,225.0,9.791759469228055,168.0,191.0
QUEENS,25,9,40.758612975000005,-73.8329288975,8,6,0,1.0,0.0,-1.0,6,0,109,HOUSING,37.5,12.5,75.0,196.0,401.0,14.19722457733622,78.0,13.0
QUEENS,26,-18,40.699194218,-73.83130650999999,5,2,0,0.3333333333333333,0.0,-0.3333333333333333,5,0,102,STREET,60.0,100.0,0.0,197.0,244.0,11.791759469228055,146.0,112.0
QUEENS,26,8,40.75691387333334,-73.83097529,3,0,1,0.0,0.3333333333333333,0.3333333333333333,3,0,109,STREET,0.0,100.0,0.0,76.0,36.0,7.386294361119891,304.0,376.0
QUEENS,26,12,40.76589834571429,-73.83079450142857,7,3,2,0.5,0.6666666666666666,0.16666666666666663,6,0,109,HOUSING,71.42857142857143,28.57142857142857,57.14285714285714,29.0,81.0,14.079441541679836,87.0,334.0
QUEENS,26,13,40.7676415025,-73.8312934225,4,2,0,0.3333333333333333,0.0,-0.3333333333333333,4,0,109,STREET,25.0,75.0,0.0,198.0,245.0,9.6094379124341,194.0,113.0
QUEENS,27,-20,40.693772314,-73.827686698,5,4,0,0.6666666666666666,0.0,-0.6666666666666666,4,0,102,STREET,40.0,60.0,0.0,199.0,372.0,9.791759469228055,169.0,34.0
QUEENS,27,11,40.7623158,-73.82744800000002,6,2,1,0.3333333333333333,0.3333333333333333,0.0,6,0,109,STREET,83.33333333333334,66.66666666666666,0.0,77.0,100.0,13.945910149055313,92.0,278.0
QUEENS,28,-27,40.676996620000004,-73.82442766000001,3,1,1,0.16666666666666666,0.3333333333333333,0.16666666666666666,3,0,106,COMMERCIAL,66.66666666666666,33.33333333333333,0.0,78.0,58.0,7.386294361119891,305.0,345.0
QUEENS,28,-17,40.70054449,-73.82411438999999,3,2,0,0.3333333333333333,0.0,-0.3333333333333333,3,0,102,STREET,33.33333333333333,100.0,0.0,200.0,246.0,7.386294361119891,306.0,114.0
QUEENS,29,-69,40.58437705666667,-73.82137335,3,1,2,0.16666666666666666,0.6666666666666666,0.5,3,0,100,STREET,66.66666666666666,100.0,0.0,30.0,23.0,7.386294361119891,307.0,396.0
QUEENS,29,-27,40.67799514,-73.82108654666668,3,1,0,0.16666666666666666,0.0,-0.16666666666666666,3,0,106,STREET,33.33333333333333,100.0,0.0,201.0,169.0,7.386294361119891,308.0,209.0
QUEENS,29,-23,40.687226779999996,-73.82081028249999,4,2,0,0.3333333333333333,0.0,-0.3333333333333333,4,0,106,STREET,25.0,100.0,0.0,202.0,247.0,9.6094379124341,195.0,115.0
QUEENS,29,-21,40.69081753333334,-73.82030330333333,3,1,2,0.16666666666666666,0.6666666666666666,0.5,3,0,102,STREET,66.66666666666666,66.66666666666666,0.0,31.0,24.0,7.386294361119891,309.0,397.0
QUEENS,29,-19,40.69580758833334,-73.82063305000001,6,1,0,0.16666666666666666,0.0,-0.16666666666666666,5,0,102,STREET,33.33333333333333,83.33333333333334,0.0,203.0,170.0,11.945910149055313,128.0,210.0
QUEENS,29,-18,40.69854919,-73.82117024,8,2,2,0.3333333333333333,0.6666666666666666,0.3333333333333333,7,0,102,STREET,75.0,87.5,0.0,32.0,37.0,16.19722457733622,67.0,377.0
QUEENS,29,-16,40.701998483333334,-73.82126016666668,3,2,0,0.3333333333333333,0.0,-0.3333333333333333,3,0,102,STREET,66.66666666666666,100.0,0.0,204.0,248.0,7.386294361119891,310.0,116.0
QUEENS,30,-22,40.688926153333334,-73.81725544333334,3,1,1,0.16666666666666666,0.3333333333333333,0.16666666666666666,3,0,106,STREET,66.66666666666666,100.0,0.0,79.0,59.0,7.386294361119891,311.0,346.0
QUEENS,30,-15,40.70490135666667,-73.81764685666667,3,2,0,0.3333333333333333,0.0,-0.3333333333333333,3,0,107,OTHER,66.66666666666666,33.33333333333333,0.0,205.0,249.0,7.386294361119891,312.0,117.0
QUEENS,31,-68,40.58605696666667,-73.81592519166666,6,2,3,0.3333333333333333,1.0,0.6666666666666667,4,0,100,STREET,66.66666666666666,66.66666666666666,16.666666666666664,11.0,9.0,9.945910149055313,164.0,409.0
QUEENS,31,-22,40.688959995,-73.81524268,6,1,1,0.16666666666666666,0.3333333333333333,0.16666666666666666,6,0,106,STREET,83.33333333333334,100.0,0.0,80.0,60.0,13.945910149055313,93.0,347.0
QUEENS,31,-17,40.70045002,-73.81577886,7,1,4,0.16666666666666666,1.3333333333333333,1.1666666666666665,5,0,102,STREET,57.14285714285714,57.14285714285714,0.0,5.0,2.0,12.079441541679836,118.0,415.0
QUEENS,31,-16,40.702706981999995,-73.81453988199999,5,1,0,0.16666666666666666,0.0,-0.16666666666666666,4,0,103,STREET,80.0,80.0,0.0,206.0,171.0,9.791759469228055,170.0,211.0
QUEENS,31,-3,40.73209169,-73.81491742,4,0,1,0.0,0.3333333333333333,0.3333333333333333,4,0,107,HOUSING,50.0,0.0,100.0,81.0,38.0,9.6094379124341,196.0,378.0
QUEENS,31,-1,40.73569934,-73.81470713,3,1,2,0.16666666666666666,0.6666666666666666,0.5,3,0,107,HOUSING,66.66666666666666,0.0,100.0,33.0,25.0,7.386294361119891,313.0,398.0
QUEENS,32,-67,40.58775904692308,-73.81225945153847,13,7,0,1.1666666666666667,0.0,-1.1666666666666667,9,1,100,STREET,53.84615384615385,92.3076923076923,0.0,207.0,405.0,21.63905732961526,33.0,8.0
QUEENS,32,-66,40.58990704333333,-73.81226485666667,3,1,0,0.16666666666666666,0.0,-0.16666666666666666,3,0,100,STREET,66.66666666666666,100.0,0.0,208.0,172.0,7.386294361119891,314.0,212.0
QUEENS,32,-28,40.67563654333334,-73.81251744333333,3,2,0,0.3333333333333333,0.0,-0.3333333333333333,3,0,106,STREET,33.33333333333333,66.66666666666666,0.0,209.0,250.0,7.386294361119891,315.0,118.0
QUEENS,32,-23,40.686934623333336,-73.81286428,3,2,0,0.3333333333333333,0.0,-0.3333333333333333,3,0,106,STREET,66.66666666666666,66.66666666666666,0.0,210.0,251.0,7.386294361119891,316.0,119.0
QUEENS,32,-17,40.699691279999996,-73.81277799,3,1,1,0.16666666666666666,0.3333333333333333,0.16666666666666666,3,0,103,STREET,66.66666666666666,100.0,0.0,82.0,61.0,7.386294361119891,317.0,348.0
QUEENS,32,-16,40.70244676857143,-73.81197405285714,7,0,0,0.0,0.0,0.0,5,1,103,STREET,71.42857142857143,71.42857142857143,0.0,211.0,101.0,13.079441541679836,114.0,279.0
QUEENS,32,-4,40.73024897,-73.81345855250001,4,1,0,0.16666666666666666,0.0,-0.16666666666666666,4,0,107,HOUSING,50.0,0.0,100.0,212.0,173.0,9.6094379124341,197.0,213.0
QUEENS,32,-3,40.7320717,-73.813245802,5,2,0,0.3333333333333333,0.0,-0.3333333333333333,5,0,107,HOUSING,60.0,0.0,100.0,213.0,252.0,11.791759469228055,147.0,120.0
QUEENS,33,-67,40.587745900909084,-73.80979964272727,33,22,2,3.6666666666666665,0.6666666666666666,-3.0,14,5,100,HOUSING,60.60606060606061,6.0606060606060606,93.93939393939394,34.0,416.0,36.52636052461616,3.0,1.0
QUEENS,33,-66,40.589923505,-73.80844774375001,16,2,2,0.3333333333333333,0.6666666666666666,0.3333333333333333,11,0,100,HOUSING,62.5,6.25,93.75,35.0,39.0,24.833213344056215,22.0,379.0
QUEENS,33,-22,40.68911455,-73.8097261625,4,2,0,0.3333333333333333,0.0,-0.3333333333333333,4,0,106,STREET,100.0,100.0,0.0,214.0,253.0,9.6094379124341,198.0,121.0
QUEENS,33,-21,40.691979065999995,-73.80935108,5,3,0,0.5,0.0,-0.5,4,0,103,STREET,60.0,100.0,0.0,215.0,332.0,9.791759469228055,171.0,63.0
QUEENS,33,-17,40.70027611666667,-73.81010574500002,6,3,2,0.5,0.6666666666666666,0.16666666666666663,6,0,103,STREET,66.66666666666666,66.66666666666666,0.0,36.0,82.0,13.945910149055313,94.0,335.0
QUEENS,33,-16,40.702074236,-73.809286144,5,2,0,0.3333333333333333,0.0,-0.3333333333333333,4,0,103,STREET,60.0,80.0,0.0,216.0,254.0,9.791759469228055,172.0,122.0
QUEENS,33,-4,40.730055166666666,-73.81075032,3,0,1,0.0,0.3333333333333333,0.3333333333333333,3,0,107,STREET,66.66666666666666,100.0,0.0,83.0,40.0,7.386294361119891,318.0,380.0
QUEENS,33,-2,40.73467897416667,-73.810628945,12,4,2,0.6666666666666666,0.6666666666666666,0.0,9,0,107,HOUSING,58.333333333333336,0.0,91.66666666666666,37.0,102.0,20.564949357461536,36.0,280.0
QUEENS,34,-67,40.588327883333335,-73.80730070333334,3,0,0,0.0,0.0,0.0,3,0,100,STREET,0.0,100.0,0.0,217.0,103.0,7.386294361119891,319.0,281.0
QUEENS,34,-32,40.666543733333334,-73.80683084000002,3,1,0,0.16666666666666666,0.0,-0.16666666666666666,3,0,106,STREET,0.0,100.0,0.0,218.0,174.0,7.386294361119891,320.0,214.0
QUEENS,34,-29,40.673510533333335,-73.80606200999999,3,0,0,0.0,0.0,0.0,3,0,106,STREET,100.0,66.66666666666666,0.0,219.0,104.0,7.386294361119891,321.0,282.0
QUEENS,34,-28,40.67554846833334,-73.80738457666668,6,4,0,0.6666666666666666,0.0,-0.6666666666666666,6,0,106,STREET,66.66666666666666,100.0,0.0,220.0,373.0,13.945910149055313,95.0,35.0
QUEENS,34,-25,40.682497312,-73.807261028,5,2,1,0.3333333333333333,0.3333333333333333,0.0,4,0,106,STREET,80.0,80.0,0.0,84.0,105.0,9.791759469228055,173.0,283.0
QUEENS,34,-18,40.697969054000005,-73.806924184,5,1,0,0.16666666666666666,0.0,-0.16666666666666666,4,0,103,STREET,100.0,80.0,0.0,221.0,175.0,9.791759469228055,174.0,215.0
QUEENS,34,-17,40.700858333,-73.80765659400001,10,5,1,0.8333333333333334,0.3333333333333333,-0.5,8,0,103,STREET,40.0,90.0,0.0,85.0,333.0,18.397895272798372,47.0,64.0
QUEENS,34,-16,40.70254601909091,-73.80664541,11,2,2,0.3333333333333333,0.6666666666666666,0.3333333333333333,10,0,103,STREET,54.54545454545454,90.9090909090909,0.0,38.0,41.0,22.484906649788,31.0,381.0
QUEENS,34,-15,40.7049890275,-73.80770707250001,4,2,0,0.3333333333333333,0.0,-0.3333333333333333,4,0,103,STREET,50.0,100.0,0.0,222.0,255.0,9.6094379124341,199.0,123.0
QUEENS,34,-14,40.70683916,-73.80589410666667,3,2,0,0.3333333333333333,0.0,-0.3333333333333333,3,0,107,STREET,0.0,66.66666666666666,0.0,223.0,256.0,7.386294361119891,322.0,124.0
QUEENS,35,-30,40.67138275,-73.80463824666667,3,0,1,0.0,0.3333333333333333,0.3333333333333333,3,0,106,STREET,66.66666666666666,100.0,0.0,86.0,42.0,7.386294361119891,323.0,382.0
QUEENS,35,-29,40.674206305,-73.803884025,12,1,1,0.16666666666666666,0.3333333333333333,0.16666666666666666,10,0,106,STREET,66.66666666666666,91.66666666666666,0.0,87.0,62.0,22.564949357461536,29.0,349.0
QUEENS,35,-27,40.6779393325,-73.8040941725,4,2,0,0.3333333333333333,0.0,-0.3333333333333333,4,0,106,STREET,0.0,75.0,0.0,224.0,257.0,9.6094379124341,200.0,125.0
QUEENS,35,-22,40.68893276625,-73.80423991375,8,7,0,1.1666666666666667,0.0,-1.1666666666666667,5,1,103,STREET,50.0,62.5,0.0,225.0,406.0,13.19722457733622,112.0,9.0
QUEENS,35,-20,40.69422170416667,-73.80322322666667,12,4,1,0.6666666666666666,0.3333333333333333,-0.3333333333333333,9,0,103,STREET,83.33333333333334,83.33333333333334,0.0,88.0,258.0,20.564949357461536,37.0,126.0
QUEENS,35,-19,40.69601022625,-73.80406857375,8,2,0,0.3333333333333333,0.0,-0.3333333333333333,7,0,103,STREET,75.0,75.0,0.0,226.0,259.0,16.19722457733622,68.0,127.0
QUEENS,35,-18,40.698090337500005,-73.803416475,4,1,0,0.16666666666666666,0.0,-0.16666666666666666,4,0,103,STREET,25.0,100.0,0.0,227.0,176.0,9.6094379124341,201.0,216.0
QUEENS,35,-16,40.70270535666667,-73.80309659333334,3,2,0,0.3333333333333333,0.0,-0.3333333333333333,3,0,103,STREET,33.33333333333333,100.0,0.0,228.0,260.0,7.386294361119891,324.0,128.0
QUEENS,35,-14,40.70726594,-73.80371613000001,6,1,1,0.16666666666666666,0.3333333333333333,0.16666666666666666,6,0,107,STREET,50.0,100.0,0.0,89.0,63.0,13.945910149055313,96.0,350.0
QUEENS,35,9,40.75925419000001,-73.8035517975,4,2,0,0.3333333333333333,0.0,-0.3333333333333333,4,0,109,DWELLING,75.0,50.0,0.0,229.0,261.0,9.6094379124341,202.0,129.0
QUEENS,36,-65,40.592398153000005,-73.800067374,10,3,2,0.5,0.6666666666666666,0.16666666666666663,8,0,100,HOUSING,70.0,50.0,50.0,39.0,83.0,18.397895272798372,48.0,336.0
QUEENS,36,-64,40.595078535,-73.79995421,4,1,0,0.16666666666666666,0.0,-0.16666666666666666,4,0,100,STREET,100.0,75.0,0.0,230.0,177.0,9.6094379124341,203.0,217.0
QUEENS,36,-63,40.596490346,-73.80052215,5,2,0,0.3333333333333333,0.0,-0.3333333333333333,5,0,100,STREET,80.0,80.0,0.0,231.0,262.0,11.791759469228055,148.0,130.0
QUEENS,36,-27,40.677717200000004,-73.80061088200002,5,2,0,0.3333333333333333,0.0,-0.3333333333333333,5,0,113,STREET,60.0,100.0,0.0,232.0,263.0,11.791759469228055,149.0,131.0
QUEENS,36,-24,40.68435985166667,-73.80077587166667,6,5,0,0.8333333333333334,0.0,-0.8333333333333334,6,0,113,STREET,66.66666666666666,83.33333333333334,0.0,233.0,390.0,13.945910149055313,97.0,18.0
QUEENS,36,-23,40.6871890625,-73.8003981225,4,2,1,0.3333333333333333,0.3333333333333333,0.0,4,0,113,STREET,0.0,75.0,0.0,90.0,106.0,9.6094379124341,204.0,284.0
QUEENS,36,-22,40.690234520000004,-73.800946306,5,2,1,0.3333333333333333,0.3333333333333333,0.0,4,0,103,STREET,40.0,60.0,0.0,91.0,107.0,9.791759469228055,175.0,285.0
QUEENS,36,-20,40.69393210692307,-73.80086817153845,26,13,1,2.1666666666666665,0.3333333333333333,-1.8333333333333333,15,4,103,STREET,42.30769230769231,88.46153846153845,0.0,92.0,414.0,37.29583686600433,2.0,3.0
QUEENS,36,-19,40.69551644166667,-73.80076477333333,6,4,0,0.6666666666666666,0.0,-0.6666666666666666,4,0,103,STREET,50.0,100.0,0.0,234.0,374.0,9.945910149055313,165.0,36.0
QUEENS,36,-17,40.70060552333334,-73.80144862666667,3,1,0,0.16666666666666666,0.0,-0.16666666666666666,3,0,103,STREET,0.0,100.0,0.0,235.0,178.0,7.386294361119891,325.0,218.0
QUEENS,36,-16,40.70290665,-73.80011048727272,11,2,0,0.3333333333333333,0.0,-0.3333333333333333,7,1,103,STREET,27.27272727272727,90.9090909090909,0.0,236.0,264.0,17.484906649788,54.0,132.0
QUEENS,36,-14,40.70717819666667,-73.79978191333333,3,1,0,0.16666666666666666,0.0,-0.16666666666666666,3,0,103,STREET,33.33333333333333,66.66666666666666,0.0,237.0,179.0,7.386294361119891,326.0,219.0
QUEENS,37,-65,40.59248337176471,-73.79873680588236,17,5,1,0.8333333333333334,0.3333333333333333,-0.5,9,3,100,STREET,70.58823529411765,88.23529411764706,0.0,93.0,334.0,23.890371757896165,26.0,65.0
QUEENS,37,-63,40.597099363999995,-73.797195984,5,1,0,0.16666666666666666,0.0,-0.16666666666666666,5,0,100,STREET,100.0,80.0,0.0,238.0,180.0,11.791759469228055,150.0,220.0
QUEENS,37,-30,40.67072976,-73.79895406,3,1,1,0.16666666666666666,0.3333333333333333,0.16666666666666666,3,0,113,STREET,33.33333333333333,66.66666666666666,0.0,94.0,64.0,7.386294361119891,327.0,351.0
QUEENS,37,-29,40.674160474,-73.798382776,5,3,0,0.5,0.0,-0.5,4,0,113,STREET,80.0,100.0,0.0,239.0,335.0,9.791759469228055,176.0,66.0
QUEENS,37,-27,40.67809852333333,-73.79787309666668,3,0,2,0.0,0.6666666666666666,0.6666666666666666,2,0,113,STREET,66.66666666666666,66.66666666666666,0.0,40.0,13.0,5.386294361119891,396.0,403.0
QUEENS,37,-24,40.68507528666667,-73.79708635,3,3,0,0.5,0.0,-0.5,2,0,113,STREET,33.33333333333333,66.66666666666666,0.0,240.0,336.0,5.386294361119891,397.0,67.0
QUEENS,37,-22,40.689379888333335,-73.79701495500001,6,1,1,0.16666666666666666,0.3333333333333333,0.16666666666666666,6,0,113,STREET,50.0,66.66666666666666,0.0,95.0,65.0,13.945910149055313,98.0,352.0
QUEENS,37,-21,40.691199491666666,-73.79808219666667,12,4,1,0.6666666666666666,0.3333333333333333,-0.3333333333333333,10,0,103,STREET,41.66666666666667,91.66666666666666,0.0,96.0,265.0,22.564949357461536,30.0,133.0
QUEENS,37,-20,40.69363978333334,-73.7975387,6,3,0,0.5,0.0,-0.5,5,0,103,STREET,33.33333333333333,100.0,0.0,241.0,337.0,11.945910149055313,129.0,68.0
QUEENS,37,-19,40.69610582333333,-73.79719462666667,3,2,0,0.3333333333333333,0.0,-0.3333333333333333,2,0,103,STREET,33.33333333333333,100.0,0.0,242.0,266.0,5.386294361119891,398.0,134.0
QUEENS,37,-15,40.704642365714285,-73.79840661571428,7,0,3,0.0,1.0,1.0,7,0,103,STREET,14.285714285714285,57.14285714285714,0.0,12.0,6.0,16.079441541679834,74.0,413.0
QUEENS,37,-14,40.70721237833333,-73.797098315,6,2,1,0.3333333333333333,0.3333333333333333,0.0,6,0,103,STREET,66.66666666666666,66.66666666666666,0.0,97.0,108.0,13.945910149055313,99.0,286.0
QUEENS,38,-65,40.59281437153846,-73.79568601923077,13,2,1,0.3333333333333333,0.3333333333333333,0.0,9,1,100,STREET,61.53846153846154,92.3076923076923,0.0,98.0,109.0,21.63905732961526,34.0,287.0
QUEENS,38,-64,40.59396136,-73.79526039,3,0,0,0.0,0.0,0.0,3,0,100,STREET,66.66666666666666,100.0,0.0,243.0,110.0,7.386294361119891,328.0,288.0
QUEENS,38,-30,40.6710278075,-73.79494452,4,2,0,0.3333333333333333,0.0,-0.3333333333333333,4,0,113,STREET,25.0,100.0,0.0,244.0,267.0,9.6094379124341,205.0,135.0
QUEENS,38,-29,40.6731318925,-73.79467578500001,4,4,0,0.6666666666666666,0.0,-0.6666666666666666,3,0,113,STREET,100.0,50.0,0.0,245.0,375.0,7.6094379124341005,257.0,37.0
QUEENS,38,-27,40.678453899999994,-73.794220455,4,0,0,0.0,0.0,0.0,4,0,113,STREET,50.0,75.0,0.0,246.0,111.0,9.6094379124341,206.0,289.0
QUEENS,38,-26,40.68083554333333,-73.79401060333335,3,3,0,0.5,0.0,-0.5,3,0,113,STREET,33.33333333333333,100.0,0.0,247.0,338.0,7.386294361119891,329.0,69.0
QUEENS,38,-23,40.687031261,-73.79417631300001,10,4,0,0.6666666666666666,0.0,-0.6666666666666666,9,0,113,STREET,50.0,80.0,0.0,248.0,376.0,20.397895272798372,40.0,38.0
QUEENS,38,-22,40.689044552000006,-73.795713416,5,2,1,0.3333333333333333,0.3333333333333333,0.0,5,0,113,STREET,40.0,80.0,0.0,99.0,112.0,11.791759469228055,151.0,290.0
QUEENS,38,-21,40.692061145000004,-73.79473258499999,6,3,0,0.5,0.0,-0.5,5,0,103,STREET,100.0,66.66666666666666,0.0,249.0,339.0,11.945910149055313,130.0,70.0
QUEENS,38,-20,40.694388059999994,-73.79436600833334,6,2,1,0.3333333333333333,0.3333333333333333,0.0,6,0,103,HOUSING,66.66666666666666,33.33333333333333,50.0,100.0,113.0,13.945910149055313,100.0,291.0
QUEENS,38,-19,40.696322397777784,-73.79429612888889,9,3,1,0.5,0.3333333333333333,-0.16666666666666669,7,0,103,HOUSING,55.55555555555556,0.0,100.0,101.0,226.0,16.302585092994047,60.0,192.0
QUEENS,38,-18,40.698064260624996,-73.794958961875,16,4,1,0.6666666666666666,0.3333333333333333,-0.3333333333333333,13,0,103,STREET,68.75,62.5,31.25,102.0,268.0,28.833213344056215,13.0,136.0
QUEENS,38,-15,40.705159737500004,-73.7956717825,4,0,1,0.0,0.3333333333333333,0.3333333333333333,4,0,103,STREET,25.0,75.0,0.0,103.0,43.0,9.6094379124341,207.0,383.0
QUEENS,38,-14,40.7068584425,-73.79549705250001,4,1,0,0.16666666666666666,0.0,-0.16666666666666666,3,0,103,STREET,25.0,100.0,0.0,250.0,181.0,7.6094379124341005,258.0,221.0
QUEENS,38,-13,40.7093392675,-73.79408994500001,4,2,0,0.3333333333333333,0.0,-0.3333333333333333,4,0,103,STREET,50.0,75.0,0.0,251.0,269.0,9.6094379124341,208.0,137.0
QUEENS,39,-31,40.6681697,-73.79271596333334,3,0,0,0.0,0.0,0.0,3,0,113,STREET,100.0,100.0,0.0,252.0,114.0,7.386294361119891,330.0,292.0
QUEENS,39,-29,40.6741245,-73.79161432777778,9,5,1,0.8333333333333334,0.3333333333333333,-0.5,7,1,113,STREET,55.55555555555556,100.0,0.0,104.0,340.0,17.302585092994047,56.0,71.0
QUEENS,39,-27,40.677255207,-73.791298149,10,5,1,0.8333333333333334,0.3333333333333333,-0.5,8,0,113,STREET,100.0,80.0,0.0,105.0,341.0,18.397895272798372,49.0,72.0
QUEENS,39,-26,40.68013378692308,-73.79197563307693,13,5,0,0.8333333333333334,0.0,-0.8333333333333334,8,0,113,STREET,46.15384615384615,92.3076923076923,0.0,253.0,391.0,18.63905732961526,45.0,19.0
QUEENS,39,-25,40.6823729075,-73.7912545525,4,2,0,0.3333333333333333,0.0,-0.3333333333333333,3,0,113,STREET,75.0,100.0,0.0,254.0,270.0,7.6094379124341005,259.0,138.0
QUEENS,39,-24,40.685219780000004,-73.79192861,3,2,0,0.3333333333333333,0.0,-0.3333333333333333,3,0,113,STREET,100.0,100.0,0.0,255.0,271.0,7.386294361119891,331.0,139.0
QUEENS,39,-22,40.689166089000004,-73.791701865,10,5,0,0.8333333333333334,0.0,-0.8333333333333334,8,0,113,STREET,50.0,70.0,0.0,256.0,392.0,18.397895272798372,50.0,20.0
QUEENS,39,-21,40.69195927333333,-73.7915049,3,0,0,0.0,0.0,0.0,2,0,103,STREET,33.33333333333333,100.0,0.0,257.0,115.0,5.386294361119891,399.0,293.0
QUEENS,39,-20,40.69376497375,-73.79174537749999,8,5,1,0.8333333333333334,0.3333333333333333,-0.5,6,0,103,HOUSING,37.5,12.5,87.5,106.0,342.0,14.19722457733622,79.0,73.0
QUEENS,39,-19,40.69578499470588,-73.79152603647059,17,6,1,1.0,0.3333333333333333,-0.6666666666666667,9,2,103,STREET,41.17647058823529,94.11764705882352,5.88235294117647,107.0,387.0,22.890371757896165,28.0,30.0
QUEENS,39,-18,40.69861251565217,-73.79206519869565,23,6,1,1.0,0.3333333333333333,-0.6666666666666667,15,2,103,STREET,52.17391304347826,86.95652173913044,0.0,108.0,388.0,35.17805383034795,7.0,31.0
QUEENS,39,-17,40.70023127,-73.792095145,6,1,0,0.16666666666666666,0.0,-0.16666666666666666,6,0,103,STREET,66.66666666666666,66.66666666666666,0.0,258.0,182.0,13.945910149055313,101.0,222.0
QUEENS,39,-14,40.707208734782604,-73.7926949921739,23,10,8,1.6666666666666667,2.6666666666666665,0.9999999999999998,12,3,103,STREET,39.130434782608695,82.6086956521739,0.0,1.0,7.0,30.178053830347945,11.0,410.0
QUEENS,40,-67,40.58883571,-73.78908812000002,3,2,0,0.3333333333333333,0.0,-0.3333333333333333,3,0,100,STREET,100.0,66.66666666666666,0.0,259.0,272.0,7.386294361119891,332.0,140.0
QUEENS,40,-66,40.58989694466666,-73.78874199533333,15,5,2,0.8333333333333334,0.6666666666666666,-0.16666666666666674,11,0,101,STREET,33.33333333333333,66.66666666666666,0.0,41.0,231.0,24.77258872223978,23.0,186.0
QUEENS,40,-65,40.59232428888889,-73.78838617888889,9,4,0,0.6666666666666666,0.0,-0.6666666666666666,8,0,101,STREET,77.77777777777779,66.66666666666666,0.0,260.0,377.0,18.302585092994047,52.0,39.0
QUEENS,40,-64,40.59441077333334,-73.78828794333333,3,2,0,0.3333333333333333,0.0,-0.3333333333333333,2,0,101,HOUSING,33.33333333333333,33.33333333333333,33.33333333333333,261.0,273.0,5.386294361119891,400.0,141.0
QUEENS,40,-63,40.59600449,-73.78823248,3,1,0,0.16666666666666666,0.0,-0.16666666666666666,3,0,101,HOUSING,100.0,0.0,100.0,262.0,183.0,7.386294361119891,333.0,223.0
QUEENS,40,-29,40.673799707499995,-73.78944010250001,4,0,1,0.0,0.3333333333333333,0.3333333333333333,3,0,113,STREET,75.0,75.0,0.0,109.0,44.0,7.6094379124341005,260.0,384.0
QUEENS,40,-28,40.675799993333335,-73.78958100333334,3,1,0,0.16666666666666666,0.0,-0.16666666666666666,3,0,113,STREET,100.0,66.66666666666666,0.0,263.0,184.0,7.386294361119891,334.0,224.0
QUEENS,40,-27,40.677979117499994,-73.78857787000001,4,2,0,0.3333333333333333,0.0,-0.3333333333333333,4,0,113,STREET,75.0,75.0,0.0,264.0,274.0,9.6094379124341,209.0,142.0
QUEENS,40,-26,40.68043716333333,-73.78908444555556,9,2,1,0.3333333333333333,0.3333333333333333,0.0,7,0,113,STREET,44.44444444444444,77.77777777777779,0.0,110.0,116.0,16.302585092994047,61.0,294.0
QUEENS,40,-22,40.68960283285715,-73.78807739285715,7,3,0,0.5,0.0,-0.5,6,0,113,STREET,85.71428571428571,71.42857142857143,0.0,265.0,343.0,14.079441541679836,88.0,74.0
QUEENS,40,-21,40.691264749999995,-73.78869439500001,4,2,1,0.3333333333333333,0.3333333333333333,0.0,4,0,113,STREET,100.0,100.0,0.0,111.0,117.0,9.6094379124341,210.0,295.0
QUEENS,40,-20,40.694070184000005,-73.788990594,5,3,0,0.5,0.0,-0.5,5,0,103,STREET,60.0,80.0,0.0,266.0,344.0,11.791759469228055,152.0,75.0
QUEENS,40,-19,40.69566040428572,-73.78927549428572,7,4,0,0.6666666666666666,0.0,-0.6666666666666666,3,2,103,STREET,57.14285714285714,100.0,0.0,267.0,378.0,10.079441541679836,162.0,40.0
QUEENS,40,-15,40.7045586,-73.78793693333334,3,1,0,0.16666666666666666,0.0,-0.16666666666666666,3,0,103,STREET,100.0,100.0,0.0,268.0,185.0,7.386294361119891,335.0,225.0
QUEENS,40,-14,40.7073746225,-73.78799951500001,4,2,0,0.3333333333333333,0.0,-0.3333333333333333,2,0,103,STREET,75.0,50.0,0.0,269.0,275.0,5.6094379124341005,385.0,143.0
QUEENS,40,-5,40.72703713,-73.7878197,3,0,0,0.0,0.0,0.0,2,0,107,STREET,100.0,100.0,0.0,270.0,118.0,5.386294361119891,401.0,296.0
QUEENS,41,-66,40.59099250666667,-73.78578438,6,1,1,0.16666666666666666,0.3333333333333333,0.16666666666666666,5,0,101,STREET,16.666666666666664,66.66666666666666,0.0,112.0,66.0,11.945910149055313,131.0,353.0
QUEENS,41,-65,40.59232818,-73.78620256666666,3,2,0,0.3333333333333333,0.0,-0.3333333333333333,3,0,101,STREET,66.66666666666666,100.0,0.0,271.0,276.0,7.386294361119891,336.0,144.0
QUEENS,41,-64,40.594795231052636,-73.78576409105264,19,9,1,1.5,0.3333333333333333,-1.1666666666666667,11,2,101,HOUSING,57.89473684210527,5.263157894736842,94.73684210526315,113.0,407.0,26.99573227355399,16.0,10.0
QUEENS,41,-63,40.596808790000004,-73.78531441666667,24,12,2,2.0,0.6666666666666666,-1.3333333333333335,14,3,101,HOUSING,62.5,4.166666666666666,91.66666666666666,42.0,412.0,34.2188758248682,9.0,6.0
QUEENS,41,-24,40.683884322000004,-73.784845386,5,1,0,0.16666666666666666,0.0,-0.16666666666666666,5,0,113,STREET,40.0,80.0,0.0,272.0,186.0,11.791759469228055,153.0,226.0
QUEENS,41,-22,40.689406104,-73.78637629800001,10,5,0,0.8333333333333334,0.0,-0.8333333333333334,7,1,113,STREET,60.0,60.0,0.0,273.0,393.0,17.397895272798372,55.0,21.0
QUEENS,41,-19,40.696107465,-73.7865928425,4,3,0,0.5,0.0,-0.5,4,0,103,STREET,50.0,100.0,0.0,274.0,345.0,9.6094379124341,211.0,76.0
QUEENS,41,-18,40.69834193333333,-73.78609462333333,3,1,0,0.16666666666666666,0.0,-0.16666666666666666,3,0,103,STREET,33.33333333333333,100.0,0.0,275.0,187.0,7.386294361119891,337.0,227.0
QUEENS,41,-17,40.700519027999995,-73.785570708,5,2,0,0.3333333333333333,0.0,-0.3333333333333333,5,0,103,STREET,80.0,80.0,0.0,276.0,277.0,11.791759469228055,154.0,145.0
QUEENS,41,-16,40.70260269285714,-73.78649347714286,7,3,0,0.5,0.0,-0.5,6,0,103,STREET,57.14285714285714,57.14285714285714,0.0,277.0,346.0,14.079441541679836,89.0,77.0
QUEENS,41,-14,40.70759062,-73.78643404333334,3,1,1,0.16666666666666666,0.3333333333333333,0.16666666666666666,3,0,103,STREET,33.33333333333333,100.0,0.0,114.0,67.0,7.386294361119891,338.0,354.0
QUEENS,41,-12,40.7118865975,-73.78591648,4,0,0,0.0,0.0,0.0,4,0,103,STREET,75.0,50.0,0.0,278.0,119.0,9.6094379124341,212.0,297.0
QUEENS,42,-64,40.594875753043475,-73.7831032,23,5,4,0.8333333333333334,1.3333333333333333,0.4999999999999999,13,1,101,HOUSING,43.47826086956522,21.73913043478261,78.26086956521739,6.0,27.0,30.178053830347945,12.0,390.0
QUEENS,42,-63,40.597631490000005,-73.7830923875,8,5,0,0.8333333333333334,0.0,-0.8333333333333334,7,0,101,HOUSING,37.5,12.5,87.5,279.0,394.0,16.19722457733622,69.0,22.0
QUEENS,42,-25,40.68274581666667,-73.78228252500001,6,3,1,0.5,0.3333333333333333,-0.16666666666666669,6,0,113,STREET,50.0,100.0,0.0,115.0,227.0,13.945910149055313,102.0,193.0
QUEENS,42,-24,40.684605537391306,-73.78275336217392,23,7,2,1.1666666666666667,0.6666666666666666,-0.5000000000000001,14,2,113,HOUSING,39.130434782608695,30.434782608695656,69.56521739130434,43.0,369.0,33.17805383034795,10.0,48.0
QUEENS,42,-22,40.689358814,-73.782380768,5,2,0,0.3333333333333333,0.0,-0.3333333333333333,5,0,113,STREET,60.0,100.0,0.0,280.0,278.0,11.791759469228055,155.0,146.0
QUEENS,42,-20,40.693864337499996,-73.7829452075,4,3,0,0.5,0.0,-0.5,3,0,113,STREET,100.0,100.0,0.0,281.0,347.0,7.6094379124341005,261.0,78.0
QUEENS,42,-19,40.69662761357143,-73.78360646642858,14,7,0,1.1666666666666667,0.0,-1.1666666666666667,11,0,103,STREET,71.42857142857143,100.0,0.0,282.0,408.0,24.70805020110221,24.0,11.0
QUEENS,42,-18,40.6978271475,-73.78369504,4,1,0,0.16666666666666666,0.0,-0.16666666666666666,4,0,103,STREET,75.0,100.0,0.0,283.0,188.0,9.6094379124341,213.0,228.0
QUEENS,42,-12,40.711791922500005,-73.7829914325,4,2,0,0.3333333333333333,0.0,-0.3333333333333333,4,0,103,STREET,75.0,75.0,0.0,284.0,279.0,9.6094379124341,214.0,147.0
QUEENS,43,-27,40.677753130000006,-73.7803973425,4,1,0,0.16666666666666666,0.0,-0.16666666666666666,4,0,113,STREET,50.0,100.0,0.0,285.0,189.0,9.6094379124341,215.0,229.0
QUEENS,43,-25,40.682768895,-73.77998392333333,6,2,0,0.3333333333333333,0.0,-0.3333333333333333,6,0,113,STREET,83.33333333333334,100.0,0.0,286.0,280.0,13.945910149055313,103.0,148.0
QUEENS,43,-20,40.69415837,-73.7802333225,4,2,0,0.3333333333333333,0.0,-0.3333333333333333,4,0,113,STREET,75.0,75.0,0.0,287.0,281.0,9.6094379124341,216.0,149.0
QUEENS,43,-16,40.702869774444444,-73.78036239944444,18,6,0,1.0,0.0,-1.0,10,2,103,STREET,83.33333333333334,88.88888888888889,0.0,288.0,402.0,24.944438979166442,21.0,14.0
QUEENS,43,-15,40.70446406666667,-73.78045814,3,1,0,0.16666666666666666,0.0,-0.16666666666666666,3,0,103,STREET,66.66666666666666,66.66666666666666,0.0,289.0,190.0,7.386294361119891,339.0,230.0
QUEENS,44,-64,40.59515271,-73.7772374325,4,1,0,0.16666666666666666,0.0,-0.16666666666666666,4,0,101,STREET,50.0,75.0,0.0,290.0,191.0,9.6094379124341,217.0,231.0
QUEENS,44,-31,40.66898273666666,-73.77688842666667,3,3,0,0.5,0.0,-0.5,3,0,113,STREET,66.66666666666666,66.66666666666666,0.0,291.0,348.0,7.386294361119891,340.0,79.0
QUEENS,44,-30,40.670863843333336,-73.77689535,3,1,0,0.16666666666666666,0.0,-0.16666666666666666,3,0,113,STREET,33.33333333333333,66.66666666666666,0.0,292.0,192.0,7.386294361119891,341.0,232.0
QUEENS,44,-29,40.673980570000005,-73.7765487475,4,2,0,0.3333333333333333,0.0,-0.3333333333333333,2,0,113,STREET,75.0,75.0,0.0,293.0,282.0,5.6094379124341005,386.0,150.0
QUEENS,44,-28,40.67612485833333,-73.77627628666667,6,3,0,0.5,0.0,-0.5,5,0,113,DWELLING,83.33333333333334,33.33333333333333,0.0,294.0,349.0,11.945910149055313,132.0,80.0
QUEENS,44,-26,40.679958058846154,-73.77629666346155,26,9,4,1.5,1.3333333333333333,-0.16666666666666674,15,3,113,STREET,50.0,84.61538461538461,3.8461538461538463,7.0,232.0,36.29583686600433,4.0,187.0
QUEENS,44,-23,40.68770149,-73.77642344750001,4,1,0,0.16666666666666666,0.0,-0.16666666666666666,4,0,113,COMMERCIAL,75.0,25.0,0.0,295.0,193.0,9.6094379124341,218.0,233.0
QUEENS,44,-13,40.709087770000004,-73.77695858999999,3,0,2,0.0,0.6666666666666666,0.6666666666666666,3,0,103,STREET,0.0,66.66666666666666,0.0,44.0,14.0,7.386294361119891,342.0,404.0
QUEENS,45,-64,40.594973931666665,-73.77342567833334,6,0,2,0.0,0.6666666666666666,0.6666666666666666,6,0,101,HOUSING,50.0,50.0,50.0,45.0,15.0,13.945910149055313,104.0,405.0
QUEENS,45,-30,40.67120376,-73.77479255333333,3,2,0,0.3333333333333333,0.0,-0.3333333333333333,3,0,113,STREET,100.0,100.0,0.0,296.0,283.0,7.386294361119891,343.0,151.0
QUEENS,45,-29,40.67264626666667,-73.77461824333334,9,0,2,0.0,0.6666666666666666,0.6666666666666666,7,0,113,STREET,55.55555555555556,77.77777777777779,0.0,46.0,16.0,16.302585092994047,62.0,406.0
QUEENS,45,-27,40.67820288714286,-73.77361883,7,4,0,0.6666666666666666,0.0,-0.6666666666666666,7,0,113,STREET,85.71428571428571,85.71428571428571,0.0,297.0,379.0,16.079441541679834,75.0,41.0
QUEENS,45,-24,40.68490240166667,-73.77403176499999,6,2,2,0.3333333333333333,0.6666666666666666,0.3333333333333333,5,0,113,STREET,83.33333333333334,66.66666666666666,0.0,47.0,45.0,11.945910149055313,133.0,385.0
QUEENS,45,-23,40.68688082,-73.7746747,4,3,0,0.5,0.0,-0.5,3,0,113,STREET,0.0,75.0,0.0,298.0,350.0,7.6094379124341005,262.0,81.0
QUEENS,45,-18,40.698044082,-73.77423955,5,5,0,0.8333333333333334,0.0,-0.8333333333333334,5,0,113,STREET,60.0,80.0,0.0,299.0,395.0,11.791759469228055,156.0,23.0
QUEENS,45,-15,40.70493344666667,-73.77292453,3,1,0,0.16666666666666666,0.0,-0.16666666666666666,3,0,103,STREET,100.0,100.0,0.0,300.0,194.0,7.386294361119891,344.0,234.0
QUEENS,45,-14,40.70633839,-73.77319867,3,0,0,0.0,0.0,0.0,3,0,103,STREET,100.0,100.0,0.0,301.0,120.0,7.386294361119891,345.0,298.0
QUEENS,45,-13,40.70927152,-73.7754719,3,2,0,0.3333333333333333,0.0,-0.3333333333333333,3,0,103,STREET,33.33333333333333,66.66666666666666,0.0,302.0,284.0,7.386294361119891,346.0,152.0
QUEENS,46,-63,40.596402677368424,-73.77209515894738,19,7,0,1.1666666666666667,0.0,-1.1666666666666667,11,2,101,HOUSING,63.1578947368421,10.526315789473683,89.47368421052632,303.0,409.0,26.99573227355399,17.0,12.0
QUEENS,46,-33,40.66457174333333,-73.77123562666667,3,0,0,0.0,0.0,0.0,2,0,105,STREET,100.0,100.0,0.0,304.0,121.0,5.386294361119891,402.0,299.0
QUEENS,46,-25,40.68185434750001,-73.77114929749999,4,2,0,0.3333333333333333,0.0,-0.3333333333333333,4,0,113,STREET,75.0,75.0,0.0,305.0,285.0,9.6094379124341,219.0,153.0
QUEENS,46,-17,40.7005077975,-73.77042527750001,4,1,0,0.16666666666666666,0.0,-0.16666666666666666,4,0,113,STREET,75.0,100.0,0.0,306.0,195.0,9.6094379124341,220.0,235.0
QUEENS,46,-16,40.70320463666667,-73.77220187666667,3,0,0,0.0,0.0,0.0,3,0,103,STREET,33.33333333333333,100.0,0.0,307.0,122.0,7.386294361119891,347.0,300.0
QUEENS,46,-12,40.7117160725,-73.77111170500001,4,3,0,0.5,0.0,-0.5,4,0,103,STREET,75.0,100.0,0.0,308.0,351.0,9.6094379124341,221.0,82.0
QUEENS,47,-63,40.59797403,-73.766893466,5,0,1,0.0,0.3333333333333333,0.3333333333333333,4,0,101,STREET,60.0,80.0,0.0,116.0,46.0,9.791759469228055,177.0,386.0
QUEENS,47,-35,40.660838143333336,-73.767469265,6,2,1,0.3333333333333333,0.3333333333333333,0.0,6,0,105,STREET,16.666666666666664,83.33333333333334,0.0,117.0,123.0,13.945910149055313,105.0,301.0
QUEENS,47,-34,40.662256355000004,-73.7682996425,4,1,0,0.16666666666666666,0.0,-0.16666666666666666,4,0,105,DWELLING,0.0,25.0,0.0,309.0,196.0,9.6094379124341,222.0,236.0
QUEENS,47,-33,40.6639990025,-73.76849275,4,2,0,0.3333333333333333,0.0,-0.3333333333333333,4,0,105,STREET,75.0,100.0,0.0,310.0,286.0,9.6094379124341,223.0,154.0
QUEENS,47,-29,40.673505954999996,-73.76868145,4,0,0,0.0,0.0,0.0,4,0,113,PLAYGROUND,25.0,50.0,0.0,311.0,124.0,9.6094379124341,224.0,302.0
QUEENS,47,-28,40.67579770333334,-73.76883453666667,3,1,0,0.16666666666666666,0.0,-0.16666666666666666,2,0,113,STREET,66.66666666666666,66.66666666666666,0.0,312.0,197.0,5.386294361119891,403.0,237.0
QUEENS,47,-26,40.68035038,-73.76815385750001,4,2,1,0.3333333333333333,0.3333333333333333,0.0,4,0,113,DWELLING,75.0,50.0,0.0,118.0,125.0,9.6094379124341,225.0,303.0
QUEENS,47,-25,40.68225318375,-73.76729635000001,8,3,3,0.5,1.0,0.5,6,0,113,STREET,50.0,75.0,0.0,13.0,26.0,14.19722457733622,80.0,399.0
QUEENS,47,-23,40.68647230333333,-73.76799826333334,3,1,0,0.16666666666666666,0.0,-0.16666666666666666,3,0,113,DWELLING,33.33333333333333,33.33333333333333,0.0,313.0,198.0,7.386294361119891,348.0,238.0
QUEENS,47,-18,40.697568828,-73.76850781200001,5,2,0,0.3333333333333333,0.0,-0.3333333333333333,4,0,113,STREET,60.0,100.0,0.0,314.0,287.0,9.791759469228055,178.0,155.0
QUEENS,47,-16,40.703110795,-73.76782044,4,0,0,0.0,0.0,0.0,3,0,113,STREET,25.0,100.0,0.0,315.0,126.0,7.6094379124341005,263.0,304.0
QUEENS,47,-14,40.707572122500004,-73.76835134,4,3,0,0.5,0.0,-0.5,4,0,103,DWELLING,25.0,50.0,0.0,316.0,352.0,9.6094379124341,226.0,83.0
QUEENS,47,-13,40.7098311675,-73.76805854000001,4,3,0,0.5,0.0,-0.5,4,0,103,STREET,75.0,100.0,0.0,317.0,353.0,9.6094379124341,227.0,84.0
QUEENS,47,-12,40.711767626,-73.76841197,10,5,0,0.8333333333333334,0.0,-0.8333333333333334,7,0,103,STREET,80.0,80.0,0.0,318.0,396.0,16.397895272798372,57.0,24.0
QUEENS,48,-64,40.59539365,-73.76398532777779,9,4,0,0.6666666666666666,0.0,-0.6666666666666666,7,0,101,STREET,55.55555555555556,66.66666666666666,0.0,319.0,380.0,16.302585092994047,63.0,42.0
QUEENS,48,-63,40.596185725,-73.76430600999998,4,0,0,0.0,0.0,0.0,4,0,101,DWELLING,0.0,50.0,0.0,320.0,127.0,9.6094379124341,228.0,305.0
QUEENS,48,-62,40.598857347499994,-73.76475570500001,4,1,1,0.16666666666666666,0.3333333333333333,0.16666666666666666,4,0,101,STREET,75.0,100.0,0.0,119.0,68.0,9.6094379124341,229.0,355.0
QUEENS,48,-34,40.661561,-73.7641281925,4,2,0,0.3333333333333333,0.0,-0.3333333333333333,3,0,105,STREET,0.0,50.0,0.0,321.0,288.0,7.6094379124341005,264.0,156.0
QUEENS,48,-33,40.66423766,-73.76503817666668,6,0,0,0.0,0.0,0.0,5,0,105,STREET,83.33333333333334,83.33333333333334,0.0,322.0,128.0,11.945910149055313,134.0,306.0
QUEENS,48,-31,40.6688501075,-73.76495854500001,4,3,0,0.5,0.0,-0.5,3,0,113,STREET,75.0,75.0,0.0,323.0,354.0,7.6094379124341005,265.0,85.0
QUEENS,48,-30,40.67172999375,-73.76458024,8,4,0,0.6666666666666666,0.0,-0.6666666666666666,6,0,113,STREET,37.5,62.5,0.0,324.0,381.0,14.19722457733622,81.0,43.0
QUEENS,48,-26,40.68056495666667,-73.76545777333334,3,1,0,0.16666666666666666,0.0,-0.16666666666666666,3,0,113,STREET,100.0,100.0,0.0,325.0,199.0,7.386294361119891,349.0,239.0
QUEENS,48,-25,40.6816799625,-73.76553737583333,12,8,0,1.3333333333333333,0.0,-1.3333333333333333,9,0,113,STREET,58.333333333333336,66.66666666666666,0.0,326.0,410.0,20.564949357461536,38.0,7.0
QUEENS,48,-23,40.68672906,-73.76512718333333,6,3,1,0.5,0.3333333333333333,-0.16666666666666669,5,0,113,STREET,33.33333333333333,83.33333333333334,0.0,120.0,228.0,11.945910149055313,135.0,194.0
QUEENS,48,-21,40.69201153333333,-73.76497155666667,6,4,0,0.6666666666666666,0.0,-0.6666666666666666,6,0,113,STREET,66.66666666666666,83.33333333333334,0.0,327.0,382.0,13.945910149055313,106.0,44.0
QUEENS,48,-17,40.700108300000004,-73.76615719,3,0,0,0.0,0.0,0.0,3,0,113,STREET,66.66666666666666,66.66666666666666,0.0,328.0,129.0,7.386294361119891,350.0,307.0
QUEENS,48,-16,40.70226914,-73.765737497,10,6,0,1.0,0.0,-1.0,8,0,113,STREET,80.0,80.0,0.0,329.0,403.0,18.397895272798372,51.0,15.0
QUEENS,48,-13,40.709980636666664,-73.76495509333333,3,2,0,0.3333333333333333,0.0,-0.3333333333333333,3,0,103,STREET,66.66666666666666,100.0,0.0,330.0,289.0,7.386294361119891,351.0,157.0
QUEENS,49,-63,40.597565282000005,-73.762712772,10,4,0,0.6666666666666666,0.0,-0.6666666666666666,7,0,101,STREET,40.0,90.0,0.0,331.0,383.0,16.397895272798372,58.0,45.0
QUEENS,49,-62,40.599400761666665,-73.76140002666666,6,1,1,0.16666666666666666,0.3333333333333333,0.16666666666666666,6,0,101,STREET,50.0,100.0,0.0,121.0,69.0,13.945910149055313,107.0,356.0
QUEENS,49,-32,40.666799160000004,-73.76200003666666,3,1,0,0.16666666666666666,0.0,-0.16666666666666666,3,0,113,STREET,33.33333333333333,66.66666666666666,0.0,332.0,200.0,7.386294361119891,352.0,240.0
QUEENS,49,-31,40.668557506666666,-73.76281323666667,3,1,0,0.16666666666666666,0.0,-0.16666666666666666,3,0,113,STREET,100.0,100.0,0.0,333.0,201.0,7.386294361119891,353.0,241.0
QUEENS,49,-30,40.671169213333336,-73.76261049,3,1,0,0.16666666666666666,0.0,-0.16666666666666666,3,0,113,STREET,66.66666666666666,66.66666666666666,0.0,334.0,202.0,7.386294361119891,354.0,242.0
QUEENS,49,-29,40.67311076666667,-73.76176600666666,3,0,0,0.0,0.0,0.0,3,0,113,STREET,66.66666666666666,100.0,0.0,335.0,130.0,7.386294361119891,355.0,308.0
QUEENS,49,-26,40.680073682499994,-73.7623546625,4,2,1,0.3333333333333333,0.3333333333333333,0.0,4,0,113,STREET,25.0,50.0,0.0,122.0,131.0,9.6094379124341,230.0,309.0
QUEENS,49,-22,40.68920835666667,-73.76148974333334,3,1,0,0.16666666666666666,0.0,-0.16666666666666666,3,0,113,STREET,66.66666666666666,100.0,0.0,336.0,203.0,7.386294361119891,356.0,243.0
QUEENS,49,-21,40.69158827857144,-73.76227936142857,7,5,1,0.8333333333333334,0.3333333333333333,-0.5,5,0,113,STREET,71.42857142857143,100.0,0.0,123.0,355.0,12.079441541679836,119.0,86.0
QUEENS,49,-20,40.69406060666666,-73.76256625666667,3,2,0,0.3333333333333333,0.0,-0.3333333333333333,3,0,113,STREET,100.0,100.0,0.0,337.0,290.0,7.386294361119891,357.0,158.0
QUEENS,49,-19,40.696245959,-73.76196992000001,10,6,0,1.0,0.0,-1.0,6,1,113,STREET,60.0,80.0,0.0,338.0,404.0,15.39789527279837,76.0,16.0
QUEENS,49,-18,40.69899634,-73.7620924575,4,0,0,0.0,0.0,0.0,3,0,113,STREET,75.0,100.0,0.0,339.0,132.0,7.6094379124341005,266.0,310.0
QUEENS,49,-17,40.700978363333334,-73.76256686,3,2,1,0.3333333333333333,0.3333333333333333,0.0,3,0,113,VEHICLE,66.66666666666666,33.33333333333333,0.0,124.0,133.0,7.386294361119891,358.0,311.0
QUEENS,49,-11,40.713789395,-73.7614733275,4,2,0,0.3333333333333333,0.0,-0.3333333333333333,3,0,103,STREET,75.0,75.0,0.0,340.0,291.0,7.6094379124341005,267.0,159.0
QUEENS,50,-64,40.5945703175,-73.75897116666665,12,3,0,0.5,0.0,-0.5,8,1,101,STREET,83.33333333333334,91.66666666666666,0.0,341.0,356.0,19.564949357461536,44.0,87.0
QUEENS,50,-63,40.59758741,-73.75988691666667,3,1,0,0.16666666666666666,0.0,-0.16666666666666666,3,0,101,STREET,33.33333333333333,66.66666666666666,0.0,342.0,204.0,7.386294361119891,359.0,244.0
QUEENS,50,-62,40.599123479999996,-73.75874467500002,4,0,0,0.0,0.0,0.0,4,0,101,STREET,0.0,50.0,0.0,343.0,134.0,9.6094379124341,231.0,312.0
QUEENS,50,-60,40.603906388,-73.75825922199999,5,2,2,0.3333333333333333,0.6666666666666666,0.3333333333333333,5,0,101,STREET,40.0,80.0,0.0,48.0,47.0,11.791759469228055,157.0,387.0
QUEENS,50,-59,40.60574188166667,-73.75808421333333,12,5,0,0.8333333333333334,0.0,-0.8333333333333334,7,2,101,STREET,66.66666666666666,75.0,0.0,344.0,397.0,18.564949357461536,46.0,25.0
QUEENS,50,-58,40.60823782000001,-73.75884408499999,4,2,1,0.3333333333333333,0.3333333333333333,0.0,4,0,101,STREET,50.0,75.0,0.0,125.0,135.0,9.6094379124341,232.0,313.0
QUEENS,50,-31,40.66906255333333,-73.75973054333333,3,0,1,0.0,0.3333333333333333,0.3333333333333333,3,0,113,STREET,66.66666666666666,66.66666666666666,0.0,126.0,48.0,7.386294361119891,360.0,388.0
QUEENS,50,-30,40.67164405,-73.75952417250001,4,1,0,0.16666666666666666,0.0,-0.16666666666666666,3,0,113,STREET,75.0,100.0,0.0,345.0,205.0,7.6094379124341005,268.0,245.0
QUEENS,50,-29,40.6730858725,-73.75974699250001,8,2,0,0.3333333333333333,0.0,-0.3333333333333333,6,0,113,STREET,50.0,75.0,0.0,346.0,292.0,14.19722457733622,82.0,160.0
QUEENS,50,-28,40.67560856666667,-73.75914696,3,1,0,0.16666666666666666,0.0,-0.16666666666666666,3,0,113,STREET,0.0,66.66666666666666,0.0,347.0,206.0,7.386294361119891,361.0,246.0
QUEENS,50,-23,40.686462215,-73.75907951250001,4,2,0,0.3333333333333333,0.0,-0.3333333333333333,4,0,113,STREET,75.0,75.0,0.0,348.0,293.0,9.6094379124341,233.0,161.0
QUEENS,50,-21,40.69160076166667,-73.75901287333333,6,2,0,0.3333333333333333,0.0,-0.3333333333333333,5,0,113,STREET,50.0,100.0,0.0,349.0,294.0,11.945910149055313,136.0,162.0
QUEENS,50,-20,40.6932212375,-73.75809767249999,4,0,0,0.0,0.0,0.0,3,0,113,STREET,50.0,75.0,0.0,350.0,136.0,7.6094379124341005,269.0,314.0
QUEENS,50,-14,40.70667782142857,-73.75885626,7,2,1,0.3333333333333333,0.3333333333333333,0.0,6,0,113,STREET,28.57142857142857,85.71428571428571,0.0,127.0,137.0,14.079441541679836,90.0,315.0
QUEENS,50,-12,40.711491030000005,-73.75869267,3,2,0,0.3333333333333333,0.0,-0.3333333333333333,3,0,103,STREET,0.0,100.0,0.0,351.0,295.0,7.386294361119891,362.0,163.0
QUEENS,50,-8,40.72133912,-73.75905986333333,3,2,0,0.3333333333333333,0.0,-0.3333333333333333,2,0,105,COMMERCIAL,33.33333333333333,33.33333333333333,0.0,352.0,296.0,5.386294361119891,404.0,164.0
QUEENS,51,-62,40.59930109,-73.756088275,4,2,0,0.3333333333333333,0.0,-0.3333333333333333,4,0,101,STREET,50.0,75.0,0.0,353.0,297.0,9.6094379124341,234.0,165.0
QUEENS,51,-61,40.601621030000004,-73.75636068749999,4,2,0,0.3333333333333333,0.0,-0.3333333333333333,4,0,101,STREET,50.0,50.0,0.0,354.0,298.0,9.6094379124341,235.0,166.0
QUEENS,51,-60,40.60342964,-73.75615062,3,1,0,0.16666666666666666,0.0,-0.16666666666666666,3,0,101,STREET,33.33333333333333,100.0,0.0,355.0,207.0,7.386294361119891,363.0,247.0
QUEENS,51,-59,40.60636733178572,-73.75610078392857,28,10,0,1.6666666666666667,0.0,-1.6666666666666667,14,4,101,STREET,60.71428571428571,71.42857142857143,0.0,356.0,413.0,35.367295829986475,6.0,4.0
QUEENS,51,-58,40.60861026999999,-73.755842128,5,1,0,0.16666666666666666,0.0,-0.16666666666666666,4,0,101,STREET,60.0,100.0,0.0,357.0,208.0,9.791759469228055,179.0,248.0
QUEENS,51,-34,40.66189850000001,-73.75618017500001,4,2,0,0.3333333333333333,0.0,-0.3333333333333333,4,0,105,STREET,50.0,75.0,0.0,358.0,299.0,9.6094379124341,236.0,167.0
QUEENS,51,-32,40.667295625,-73.756588505,4,3,0,0.5,0.0,-0.5,4,0,105,STREET,50.0,100.0,0.0,359.0,357.0,9.6094379124341,237.0,88.0
QUEENS,51,-30,40.67170288,-73.75617677666666,6,0,0,0.0,0.0,0.0,5,0,105,STREET,33.33333333333333,83.33333333333334,0.0,360.0,138.0,11.945910149055313,137.0,316.0
QUEENS,51,-29,40.67298871166667,-73.75699282000001,6,1,0,0.16666666666666666,0.0,-0.16666666666666666,6,0,113,STREET,33.33333333333333,66.66666666666666,0.0,361.0,209.0,13.945910149055313,108.0,249.0
QUEENS,51,-22,40.689687,-73.75718137,3,1,0,0.16666666666666666,0.0,-0.16666666666666666,3,0,113,STREET,100.0,66.66666666666666,0.0,362.0,210.0,7.386294361119891,364.0,250.0
QUEENS,51,-20,40.69357685166666,-73.75590446,6,1,0,0.16666666666666666,0.0,-0.16666666666666666,4,0,113,STREET,83.33333333333334,100.0,0.0,363.0,211.0,9.945910149055313,166.0,251.0
QUEENS,51,-18,40.698788975,-73.7561264125,4,2,1,0.3333333333333333,0.3333333333333333,0.0,4,0,113,STREET,25.0,75.0,0.0,128.0,139.0,9.6094379124341,238.0,317.0
QUEENS,51,-17,40.69983125,-73.7561000575,4,2,0,0.3333333333333333,0.0,-0.3333333333333333,3,0,113,STREET,75.0,100.0,0.0,364.0,300.0,7.6094379124341005,270.0,168.0
QUEENS,51,-14,40.70718399333333,-73.75542602666667,3,0,0,0.0,0.0,0.0,1,1,103,STREET,66.66666666666666,100.0,0.0,365.0,140.0,4.386294361119891,416.0,318.0
QUEENS,51,-13,40.709749626000004,-73.756552336,5,2,0,0.3333333333333333,0.0,-0.3333333333333333,5,0,103,STREET,80.0,100.0,0.0,366.0,301.0,11.791759469228055,158.0,169.0
QUEENS,51,-11,40.713608543333336,-73.75583411,3,1,0,0.16666666666666666,0.0,-0.16666666666666666,2,0,103,STREET,100.0,100.0,0.0,367.0,212.0,5.386294361119891,405.0,252.0
QUEENS,52,-62,40.59907240333333,-73.75257871333334,3,2,1,0.3333333333333333,0.3333333333333333,0.0,2,0,101,STREET,33.33333333333333,66.66666666666666,0.0,129.0,141.0,5.386294361119891,406.0,319.0
QUEENS,52,-61,40.601525190000004,-73.753697264,5,2,1,0.3333333333333333,0.3333333333333333,0.0,4,0,101,STREET,20.0,80.0,0.0,130.0,142.0,9.791759469228055,180.0,320.0
QUEENS,52,-60,40.603657979333335,-73.753390494,15,3,2,0.5,0.6666666666666666,0.16666666666666663,11,1,101,STREET,26.666666666666668,80.0,0.0,49.0,84.0,25.77258872223978,20.0,337.0
QUEENS,52,-59,40.606360491428575,-73.75427129571429,7,1,1,0.16666666666666666,0.3333333333333333,0.16666666666666666,5,0,101,STREET,71.42857142857143,100.0,0.0,131.0,70.0,12.079441541679836,120.0,357.0
QUEENS,52,-58,40.608496298750005,-73.75324413624999,8,5,0,0.8333333333333334,0.0,-0.8333333333333334,7,0,101,STREET,75.0,62.5,37.5,368.0,398.0,16.19722457733622,70.0,26.0
QUEENS,52,-57,40.61003551,-73.75359096,6,1,1,0.16666666666666666,0.3333333333333333,0.16666666666666666,6,0,101,HOUSING,66.66666666666666,16.666666666666664,83.33333333333334,132.0,71.0,13.945910149055313,109.0,358.0
QUEENS,52,-32,40.666869569999996,-73.7530827125,4,1,0,0.16666666666666666,0.0,-0.16666666666666666,4,0,105,STREET,75.0,100.0,0.0,369.0,213.0,9.6094379124341,239.0,253.0
QUEENS,52,-28,40.6751531375,-73.753307105,4,1,0,0.16666666666666666,0.0,-0.16666666666666666,4,0,105,STREET,25.0,75.0,0.0,370.0,214.0,9.6094379124341,240.0,254.0
QUEENS,52,-27,40.67812196714286,-73.7536963157143,7,3,0,0.5,0.0,-0.5,5,0,105,STREET,42.857142857142854,85.71428571428571,0.0,371.0,358.0,12.079441541679836,121.0,89.0
QUEENS,52,-26,40.68052791,-73.75299879666666,3,0,0,0.0,0.0,0.0,2,0,113,STREET,66.66666666666666,66.66666666666666,0.0,372.0,143.0,5.386294361119891,407.0,321.0
QUEENS,52,-24,40.684781210000004,-73.753590946,5,2,0,0.3333333333333333,0.0,-0.3333333333333333,4,0,113,STREET,60.0,100.0,0.0,373.0,302.0,9.791759469228055,181.0,170.0
QUEENS,52,-21,40.69197778,-73.75364272333334,3,1,1,0.16666666666666666,0.3333333333333333,0.16666666666666666,3,0,113,DWELLING,33.33333333333333,33.33333333333333,0.0,133.0,72.0,7.386294361119891,365.0,359.0
QUEENS,52,-20,40.6944154075,-73.7523802725,4,1,1,0.16666666666666666,0.3333333333333333,0.16666666666666666,4,0,113,STREET,50.0,100.0,0.0,134.0,73.0,9.6094379124341,241.0,360.0
QUEENS,52,-17,40.700514018750006,-73.75384845125001,8,3,0,0.5,0.0,-0.5,7,0,113,STREET,75.0,75.0,0.0,374.0,359.0,16.19722457733622,71.0,90.0
QUEENS,52,-15,40.70409205333333,-73.75352101,3,2,0,0.3333333333333333,0.0,-0.3333333333333333,2,0,113,STREET,100.0,100.0,0.0,375.0,303.0,5.386294361119891,408.0,171.0
QUEENS,52,-14,40.706722344285716,-73.75358703,7,3,0,0.5,0.0,-0.5,6,0,103,STREET,42.857142857142854,71.42857142857143,0.0,376.0,360.0,14.079441541679836,91.0,91.0
QUEENS,52,-12,40.710833093333335,-73.75431609000002,3,1,0,0.16666666666666666,0.0,-0.16666666666666666,3,0,103,STREET,33.33333333333333,100.0,0.0,377.0,215.0,7.386294361119891,366.0,255.0
QUEENS,52,-11,40.714283116666664,-73.75253702666666,3,2,1,0.3333333333333333,0.3333333333333333,0.0,3,0,105,STREET,66.66666666666666,100.0,0.0,135.0,144.0,7.386294361119891,367.0,322.0
QUEENS,53,-64,40.59453261875,-73.75094533375001,8,1,1,0.16666666666666666,0.3333333333333333,0.16666666666666666,7,0,101,STREET,62.5,75.0,0.0,136.0,74.0,16.19722457733622,72.0,361.0
QUEENS,53,-63,40.59769604,-73.7490669,4,1,1,0.16666666666666666,0.3333333333333333,0.16666666666666666,3,0,101,STREET,100.0,100.0,0.0,137.0,75.0,7.6094379124341005,271.0,362.0
QUEENS,53,-62,40.59948138,-73.75004447666667,3,3,0,0.5,0.0,-0.5,2,0,101,STREET,33.33333333333333,100.0,0.0,378.0,361.0,5.386294361119891,409.0,92.0
QUEENS,53,-61,40.60164202,-73.74997490526316,19,6,2,1.0,0.6666666666666666,-0.33333333333333337,11,3,101,STREET,63.1578947368421,94.73684210526315,0.0,50.0,317.0,27.99573227355399,14.0,101.0
QUEENS,53,-60,40.60289553583333,-73.75002207958335,24,9,5,1.5,1.6666666666666667,0.16666666666666674,16,1,101,STREET,66.66666666666666,79.16666666666666,4.166666666666666,4.0,50.0,36.2188758248682,5.0,367.0
QUEENS,53,-58,40.60747096,-73.75020783333333,3,2,0,0.3333333333333333,0.0,-0.3333333333333333,3,0,101,STREET,66.66666666666666,100.0,0.0,379.0,304.0,7.386294361119891,368.0,172.0
QUEENS,53,-57,40.60977931,-73.75061338,24,15,1,2.5,0.3333333333333333,-2.1666666666666665,10,4,101,HOUSING,50.0,8.333333333333332,91.66666666666666,138.0,415.0,27.2188758248682,15.0,2.0
QUEENS,53,-33,40.66419891,-73.74991850333333,3,0,0,0.0,0.0,0.0,3,0,105,STREET,66.66666666666666,100.0,0.0,380.0,145.0,7.386294361119891,369.0,323.0
QUEENS,53,-23,40.6877256,-73.75001176666667,3,3,0,0.5,0.0,-0.5,2,0,113,STREET,100.0,100.0,0.0,381.0,362.0,5.386294361119891,410.0,93.0
QUEENS,53,-20,40.69374387714286,-73.75050282,7,4,0,0.6666666666666666,0.0,-0.6666666666666666,5,0,113,COMMERCIAL,71.42857142857143,42.857142857142854,0.0,382.0,384.0,12.079441541679836,122.0,46.0
QUEENS,53,-17,40.700522135,-73.75092130249999,4,1,1,0.16666666666666666,0.3333333333333333,0.16666666666666666,4,0,113,STREET,50.0,75.0,0.0,139.0,76.0,9.6094379124341,242.0,363.0
QUEENS,53,-16,40.702456735000005,-73.75038751000001,4,0,0,0.0,0.0,0.0,3,0,113,STREET,75.0,100.0,0.0,383.0,146.0,7.6094379124341005,272.0,324.0
QUEENS,53,-15,40.70524366666667,-73.74957698333333,3,3,0,0.5,0.0,-0.5,2,0,105,STREET,66.66666666666666,100.0,0.0,384.0,363.0,5.386294361119891,411.0,94.0
QUEENS,53,-14,40.707194917500004,-73.75070971875,8,5,0,0.8333333333333334,0.0,-0.8333333333333334,6,0,105,STREET,75.0,62.5,0.0,385.0,399.0,14.19722457733622,83.0,27.0
QUEENS,54,-63,40.5969102775,-73.74778253250001,4,0,2,0.0,0.6666666666666666,0.6666666666666666,2,0,101,STREET,25.0,100.0,0.0,51.0,17.0,5.6094379124341005,387.0,407.0
QUEENS,54,-61,40.601449896666665,-73.74817171666668,3,0,0,0.0,0.0,0.0,3,0,101,STREET,66.66666666666666,100.0,0.0,386.0,147.0,7.386294361119891,370.0,325.0
QUEENS,54,-57,40.61088817666667,-73.74807967333334,3,3,0,0.5,0.0,-0.5,3,0,101,STREET,66.66666666666666,100.0,0.0,387.0,364.0,7.386294361119891,371.0,95.0
QUEENS,54,-36,40.65796384333333,-73.74831999666665,3,2,0,0.3333333333333333,0.0,-0.3333333333333333,3,0,105,STREET,66.66666666666666,66.66666666666666,0.0,388.0,305.0,7.386294361119891,372.0,173.0
QUEENS,54,-27,40.678455486000004,-73.746969752,5,1,0,0.16666666666666666,0.0,-0.16666666666666666,4,0,105,STREET,80.0,80.0,0.0,389.0,216.0,9.791759469228055,182.0,256.0
QUEENS,54,-26,40.68015789333333,-73.74776032333334,3,2,1,0.3333333333333333,0.3333333333333333,0.0,2,0,105,STREET,66.66666666666666,100.0,0.0,140.0,148.0,5.386294361119891,412.0,326.0
QUEENS,54,-20,40.693433225,-73.74753640249999,4,2,1,0.3333333333333333,0.3333333333333333,0.0,4,0,113,STREET,75.0,75.0,0.0,141.0,149.0,9.6094379124341,243.0,327.0
QUEENS,54,-19,40.696214862000005,-73.747004768,5,5,0,0.8333333333333334,0.0,-0.8333333333333334,4,0,113,STREET,80.0,100.0,0.0,390.0,400.0,9.791759469228055,183.0,28.0
QUEENS,54,-14,40.706851872499996,-73.74758566999999,4,1,0,0.16666666666666666,0.0,-0.16666666666666666,4,0,105,STREET,0.0,100.0,0.0,391.0,217.0,9.6094379124341,244.0,257.0
QUEENS,54,-10,40.71568585000001,-73.746925445,4,2,0,0.3333333333333333,0.0,-0.3333333333333333,4,0,105,STREET,75.0,50.0,0.0,392.0,306.0,9.6094379124341,245.0,174.0
QUEENS,55,-27,40.67779878333333,-73.74466391000001,3,0,0,0.0,0.0,0.0,3,0,105,STREET,33.33333333333333,66.66666666666666,0.0,393.0,150.0,7.386294361119891,373.0,328.0
QUEENS,55,-25,40.68258403833333,-73.74453982666667,6,3,0,0.5,0.0,-0.5,6,0,105,STREET,50.0,83.33333333333334,0.0,394.0,365.0,13.945910149055313,110.0,96.0
QUEENS,55,-19,40.696272802,-73.743791367,10,5,2,0.8333333333333334,0.6666666666666666,-0.16666666666666674,7,0,105,STREET,20.0,90.0,0.0,52.0,233.0,16.397895272798372,59.0,188.0
QUEENS,55,-15,40.70539019666666,-73.74464599333334,3,0,0,0.0,0.0,0.0,3,0,105,STREET,66.66666666666666,100.0,0.0,395.0,151.0,7.386294361119891,374.0,329.0
QUEENS,55,-11,40.71413438333334,-73.74393072333334,3,0,1,0.0,0.3333333333333333,0.3333333333333333,2,0,105,STREET,100.0,100.0,0.0,142.0,49.0,5.386294361119891,413.0,389.0
QUEENS,56,-35,40.65977213666667,-73.74087211333334,6,1,1,0.16666666666666666,0.3333333333333333,0.16666666666666666,4,1,105,STREET,50.0,83.33333333333334,0.0,143.0,77.0,10.945910149055313,161.0,364.0
QUEENS,56,-28,40.676000179999996,-73.74104519333333,3,3,0,0.5,0.0,-0.5,2,0,105,STREET,100.0,66.66666666666666,0.0,396.0,366.0,5.386294361119891,414.0,97.0
QUEENS,56,-15,40.70537687,-73.74154303666667,3,2,0,0.3333333333333333,0.0,-0.3333333333333333,3,0,105,STREET,33.33333333333333,66.66666666666666,0.0,397.0,307.0,7.386294361119891,375.0,175.0
QUEENS,56,-12,40.7113511975,-73.7410759,4,2,0,0.3333333333333333,0.0,-0.3333333333333333,3,0,105,STREET,25.0,100.0,0.0,398.0,308.0,7.6094379124341005,273.0,176.0
QUEENS,57,-35,40.659964284,-73.7390578,5,1,0,0.16666666666666666,0.0,-0.16666666666666666,3,0,105,STREET,60.0,80.0,0.0,399.0,218.0,7.7917594692280545,249.0,258.0
QUEENS,57,-29,40.67340193,-73.73838154500001,4,2,0,0.3333333333333333,0.0,-0.3333333333333333,3,0,105,STREET,50.0,75.0,0.0,400.0,309.0,7.6094379124341005,274.0,177.0
QUEENS,57,-28,40.675154372,-73.73875898000001,5,1,0,0.16666666666666666,0.0,-0.16666666666666666,5,0,105,COMMERCIAL,60.0,40.0,0.0,401.0,219.0,11.791759469228055,159.0,259.0
QUEENS,57,-15,40.70560969666666,-73.73970627666667,3,1,0,0.16666666666666666,0.0,-0.16666666666666666,3,0,105,STREET,100.0,66.66666666666666,0.0,402.0,220.0,7.386294361119891,376.0,260.0
QUEENS,58,-37,40.655208162,-73.735238088,5,4,0,0.6666666666666666,0.0,-0.6666666666666666,4,0,105,STREET,100.0,80.0,0.0,403.0,385.0,9.791759469228055,184.0,47.0
QUEENS,58,-33,40.66448659166667,-73.73496997000001,6,3,0,0.5,0.0,-0.5,6,0,105,STREET,66.66666666666666,66.66666666666666,0.0,404.0,367.0,13.945910149055313,111.0,98.0
QUEENS,58,-29,40.67403334,-73.735726645,4,0,0,0.0,0.0,0.0,3,0,105,STREET,100.0,100.0,0.0,405.0,152.0,7.6094379124341005,275.0,330.0
QUEENS,58,-28,40.674831610000005,-73.736721195,4,1,1,0.16666666666666666,0.3333333333333333,0.16666666666666666,4,0,105,STREET,100.0,100.0,0.0,144.0,78.0,9.6094379124341,246.0,365.0
QUEENS,58,-20,40.69395733500001,-73.73555392,4,2,0,0.3333333333333333,0.0,-0.3333333333333333,3,0,105,STREET,25.0,50.0,0.0,406.0,310.0,7.6094379124341005,276.0,178.0
QUEENS,58,-13,40.709343886666666,-73.73505914,3,1,1,0.16666666666666666,0.3333333333333333,0.16666666666666666,3,0,105,STREET,33.33333333333333,66.66666666666666,0.0,145.0,79.0,7.386294361119891,377.0,366.0
QUEENS,58,-11,40.71355877333334,-73.73538266666667,3,1,0,0.16666666666666666,0.0,-0.16666666666666666,3,0,105,STREET,100.0,100.0,0.0,407.0,221.0,7.386294361119891,378.0,261.0
QUEENS,58,-9,40.718626203333336,-73.73563310333334,3,2,0,0.3333333333333333,0.0,-0.3333333333333333,3,0,105,STREET,33.33333333333333,100.0,0.0,408.0,311.0,7.386294361119891,379.0,179.0
QUEENS,58,-5,40.72652938,-73.73486454,20,8,7,1.3333333333333333,2.3333333333333335,1.0000000000000002,8,2,105,STREET,50.0,85.0,0.0,2.0,3.0,21.044522437723423,35.0,414.0
QUEENS,59,-36,40.657745506666664,-73.73265342666667,3,2,0,0.3333333333333333,0.0,-0.3333333333333333,3,0,105,STREET,33.33333333333333,100.0,0.0,409.0,312.0,7.386294361119891,380.0,180.0
QUEENS,59,-34,40.66214515,-73.73293376000001,3,1,0,0.16666666666666666,0.0,-0.16666666666666666,3,0,105,STREET,100.0,100.0,0.0,410.0,222.0,7.386294361119891,381.0,262.0
QUEENS,59,-20,40.69338294666667,-73.73345173,3,2,0,0.3333333333333333,0.0,-0.3333333333333333,3,0,105,STREET,66.66666666666666,100.0,0.0,411.0,313.0,7.386294361119891,382.0,181.0
QUEENS,59,-8,40.7200168075,-73.73282421500001,4,2,0,0.3333333333333333,0.0,-0.3333333333333333,3,0,105,STREET,50.0,100.0,0.0,412.0,314.0,7.6094379124341005,277.0,182.0
QUEENS,60,-36,40.65767809333333,-73.72964541,3,2,0,0.3333333333333333,0.0,-0.3333333333333333,3,0,105,STREET,100.0,66.66666666666666,0.0,413.0,315.0,7.386294361119891,383.0,183.0
QUEENS,60,-29,40.674120582499995,-73.7295661425,4,3,0,0.5,0.0,-0.5,4,0,105,PARKING LOT,50.0,25.0,0.0,414.0,368.0,9.6094379124341,247.0,99.0
QUEENS,60,-15,40.705529856666665,-73.73006810666666,3,0,0,0.0,0.0,0.0,3,0,105,STREET,33.33333333333333,100.0,0.0,415.0,153.0,7.386294361119891,384.0,331.0
QUEENS,60,-13,40.70956423333333,-73.72870996333333,3,0,0,0.0,0.0,0.0,2,0,105,STREET,66.66666666666666,100.0,0.0,416.0,154.0,5.386294361119891,415.0,332.0
STATEN ISLAND,-89,-44,40.63903392903226,-74.17125696741937,31,16,0,2.6666666666666665,0.0,-2.6666666666666665,13,6,120,STREET,45.16129032258064,64.51612903225806,0.0,24.0,59.0,35.46573590279973,2.0,1.0
STATEN ISLAND,-87,-50,40.62651623,-74.16575294,3,3,0,0.5,0.0,-0.5,2,0,120,STREET,66.66666666666666,66.66666666666666,0.0,25.0,43.0,5.386294361119891,55.0,10.0
STATEN ISLAND,-87,-48,40.631039582,-74.165295336,5,2,0,0.3333333333333333,0.0,-0.3333333333333333,5,0,120,HOUSING,80.0,20.0,60.0,26.0,31.0,11.791759469228055,27.0,18.0
STATEN ISLAND,-87,-47,40.633248072499995,-74.165748645,4,1,0,0.16666666666666666,0.0,-0.16666666666666666,4,0,121,STREET,25.0,75.0,0.0,27.0,20.0,9.6094379124341,34.0,33.0
STATEN ISLAND,-87,-46,40.63562139333334,-74.16549171888889,9,2,0,0.3333333333333333,0.0,-0.3333333333333333,7,1,121,STREET,33.33333333333333,100.0,0.0,28.0,32.0,17.302585092994047,17.0,19.0
STATEN ISLAND,-86,-48,40.63066061800001,-74.16233656600001,5,5,0,0.8333333333333334,0.0,-0.8333333333333334,5,0,120,HOUSING,60.0,20.0,80.0,29.0,52.0,11.791759469228055,28.0,6.0
STATEN ISLAND,-86,-47,40.632498852727274,-74.16345456909092,11,4,1,0.6666666666666666,0.3333333333333333,-0.3333333333333333,10,0,121,HOUSING,72.72727272727273,0.0,100.0,9.0,33.0,22.484906649788,9.0,20.0
STATEN ISLAND,-85,-50,40.62636883333334,-74.16000542333335,3,1,0,0.16666666666666666,0.0,-0.16666666666666666,3,0,121,STREET,33.33333333333333,66.66666666666666,0.0,30.0,21.0,7.386294361119891,42.0,34.0
STATEN ISLAND,-85,-45,40.63747943333333,-74.16089799666668,3,1,0,0.16666666666666666,0.0,-0.16666666666666666,3,0,121,STREET,33.33333333333333,100.0,0.0,31.0,22.0,7.386294361119891,43.0,35.0
STATEN ISLAND,-83,-47,40.63292458,-74.15514289,3,1,0,0.16666666666666666,0.0,-0.16666666666666666,3,0,120,STREET,66.66666666666666,66.66666666666666,0.0,32.0,23.0,7.386294361119891,44.0,36.0
STATEN ISLAND,-81,-51,40.62349291833333,-74.14898740333334,6,0,3,0.0,1.0,1.0,5,0,121,STREET,66.66666666666666,100.0,0.0,2.0,2.0,11.945910149055313,25.0,58.0
STATEN ISLAND,-80,-46,40.63480762666667,-74.14451981666666,3,0,0,0.0,0.0,0.0,3,0,121,STREET,66.66666666666666,100.0,0.0,33.0,11.0,7.386294361119891,45.0,41.0
STATEN ISLAND,-79,-48,40.630627393333334,-74.14150490333333,3,2,0,0.3333333333333333,0.0,-0.3333333333333333,2,0,120,STREET,33.33333333333333,100.0,0.0,34.0,34.0,5.386294361119891,56.0,21.0
STATEN ISLAND,-78,-45,40.636845793333336,-74.13882301666668,3,1,0,0.16666666666666666,0.0,-0.16666666666666666,3,0,121,STREET,33.33333333333333,100.0,0.0,35.0,24.0,7.386294361119891,46.0,37.0
STATEN ISLAND,-77,-47,40.633683097500004,-74.13595755,4,3,0,0.5,0.0,-0.5,4,0,120,STREET,25.0,75.0,0.0,36.0,44.0,9.6094379124341,35.0,11.0
STATEN ISLAND,-77,-46,40.63595601,-74.13615014333334,3,2,0,0.3333333333333333,0.0,-0.3333333333333333,3,0,120,STREET,33.33333333333333,66.66666666666666,0.0,37.0,35.0,7.386294361119891,47.0,22.0
STATEN ISLAND,-77,-45,40.636946872,-74.136467544,5,2,0,0.3333333333333333,0.0,-0.3333333333333333,4,0,120,STREET,60.0,60.0,0.0,38.0,36.0,9.791759469228055,32.0,23.0
STATEN ISLAND,-76,-45,40.638029,-74.13224710000001,4,0,0,0.0,0.0,0.0,3,0,121,STREET,50.0,100.0,0.0,39.0,12.0,7.6094379124341005,40.0,42.0
STATEN ISLAND,-73,-46,40.63549363333333,-74.12433626,3,0,1,0.0,0.3333333333333333,0.3333333333333333,3,0,120,STREET,0.0,66.66666666666666,0.0,10.0,5.0,7.386294361119891,48.0,53.0
STATEN ISLAND,-72,-58,40.60795187000001,-74.1207248925,4,2,1,0.3333333333333333,0.3333333333333333,0.0,4,0,122,HOUSING,25.0,25.0,75.0,11.0,13.0,9.6094379124341,36.0,43.0
STATEN ISLAND,-72,-46,40.63489206333333,-74.12090513833334,6,3,0,0.5,0.0,-0.5,4,0,120,STREET,66.66666666666666,100.0,0.0,40.0,45.0,9.945910149055313,31.0,12.0
STATEN ISLAND,-71,-47,40.633448584,-74.11736812400001,5,3,0,0.5,0.0,-0.5,5,0,120,STREET,80.0,80.0,0.0,41.0,46.0,11.791759469228055,29.0,13.0
STATEN ISLAND,-71,-46,40.635015664,-74.11809289933333,15,6,0,1.0,0.0,-1.0,10,1,120,STREET,66.66666666666666,53.333333333333336,40.0,42.0,56.0,23.77258872223978,6.0,3.0
STATEN ISLAND,-71,-45,40.63691561647059,-74.11840023529413,17,0,1,0.0,0.3333333333333333,0.3333333333333333,9,3,120,HOUSING,64.70588235294117,17.647058823529413,76.47058823529412,12.0,6.0,23.890371757896165,5.0,54.0
STATEN ISLAND,-70,-46,40.635822377142865,-74.11502314428571,7,2,0,0.3333333333333333,0.0,-0.3333333333333333,6,0,120,STREET,100.0,85.71428571428571,0.0,43.0,37.0,14.079441541679836,20.0,24.0
STATEN ISLAND,-70,-45,40.637060382857136,-74.11569544857143,7,0,0,0.0,0.0,0.0,5,0,120,STREET,71.42857142857143,100.0,0.0,44.0,14.0,12.079441541679836,24.0,44.0
STATEN ISLAND,-70,-44,40.639702803333336,-74.11507427666666,3,1,0,0.16666666666666666,0.0,-0.16666666666666666,3,0,120,STREET,66.66666666666666,100.0,0.0,45.0,25.0,7.386294361119891,49.0,38.0
STATEN ISLAND,-67,-46,40.63505195,-74.10681070333334,3,0,0,0.0,0.0,0.0,2,0,120,STREET,33.33333333333333,100.0,0.0,46.0,15.0,5.386294361119891,57.0,45.0
STATEN ISLAND,-66,-54,40.616619490000005,-74.10309400999999,3,0,2,0.0,0.6666666666666666,0.6666666666666666,2,0,120,STREET,100.0,100.0,0.0,3.0,3.0,5.386294361119891,58.0,56.0
STATEN ISLAND,-65,-68,40.58662807,-74.10093672,4,0,0,0.0,0.0,0.0,3,0,122,HOUSING,75.0,25.0,75.0,47.0,16.0,7.6094379124341005,41.0,46.0
STATEN ISLAND,-61,-46,40.635955583333335,-74.08772109,3,1,0,0.16666666666666666,0.0,-0.16666666666666666,3,0,120,STREET,100.0,100.0,0.0,48.0,26.0,7.386294361119891,50.0,39.0
STATEN ISLAND,-61,-45,40.63747622777778,-74.08767664666667,9,5,0,0.8333333333333334,0.0,-0.8333333333333334,7,1,120,STREET,66.66666666666666,88.88888888888889,0.0,49.0,53.0,17.302585092994047,18.0,7.0
STATEN ISLAND,-61,-44,40.639597699999996,-74.08748033500001,16,5,2,0.8333333333333334,0.6666666666666666,-0.16666666666666674,13,0,120,STREET,62.5,81.25,0.0,4.0,30.0,28.833213344056215,4.0,30.0
STATEN ISLAND,-61,-43,40.64125203,-74.08782774,3,2,1,0.3333333333333333,0.3333333333333333,0.0,2,0,120,STREET,100.0,66.66666666666666,0.0,13.0,17.0,5.386294361119891,59.0,47.0
STATEN ISLAND,-61,-42,40.644605254285715,-74.08747078285715,7,0,2,0.0,0.6666666666666666,0.6666666666666666,3,1,120,HOUSING,28.57142857142857,14.285714285714285,71.42857142857143,5.0,4.0,9.079441541679836,39.0,57.0
STATEN ISLAND,-61,-41,40.6466769225,-74.0885019925,8,3,0,0.5,0.0,-0.5,8,0,120,STREET,50.0,50.0,37.5,50.0,47.0,18.19722457733622,16.0,14.0
STATEN ISLAND,-60,-55,40.614903472857144,-74.08486502214285,14,5,1,0.8333333333333334,0.3333333333333333,-0.5,9,1,120,STREET,35.714285714285715,71.42857142857143,0.0,14.0,48.0,21.70805020110221,12.0,15.0
STATEN ISLAND,-60,-54,40.61745101,-74.08542512333334,3,0,1,0.0,0.3333333333333333,0.3333333333333333,3,0,120,STREET,0.0,100.0,0.0,15.0,7.0,7.386294361119891,51.0,55.0
STATEN ISLAND,-60,-53,40.62020108,-74.08447767,3,0,0,0.0,0.0,0.0,3,0,120,STREET,66.66666666666666,66.66666666666666,0.0,51.0,18.0,7.386294361119891,52.0,48.0
STATEN ISLAND,-60,-52,40.62106351,-74.08495545,4,2,0,0.3333333333333333,0.0,-0.3333333333333333,2,0,120,STREET,100.0,75.0,0.0,52.0,38.0,5.6094379124341005,54.0,25.0
STATEN ISLAND,-60,-45,40.637221696666664,-74.08548405333333,6,5,0,0.8333333333333334,0.0,-0.8333333333333334,4,1,120,STREET,33.33333333333333,83.33333333333334,0.0,53.0,54.0,10.945910149055313,30.0,8.0
STATEN ISLAND,-60,-44,40.639554114999996,-74.08610267285715,14,3,1,0.5,0.3333333333333333,-0.16666666666666669,10,1,120,STREET,50.0,92.85714285714286,0.0,16.0,28.0,23.70805020110221,7.0,31.0
STATEN ISLAND,-60,-43,40.641565559375,-74.08677734125001,16,2,0,0.3333333333333333,0.0,-0.3333333333333333,8,3,120,STREET,68.75,87.5,12.5,54.0,39.0,21.833213344056215,11.0,26.0
STATEN ISLAND,-59,-58,40.608798983999996,-74.083013744,5,2,0,0.3333333333333333,0.0,-0.3333333333333333,4,0,120,STREET,60.0,60.0,0.0,55.0,40.0,9.791759469228055,33.0,27.0
STATEN ISLAND,-59,-56,40.61273649125,-74.08306834375,8,3,0,0.5,0.0,-0.5,6,0,120,DWELLING,62.5,50.0,0.0,56.0,49.0,14.19722457733622,19.0,16.0
STATEN ISLAND,-59,-55,40.61540691843751,-74.0818776425,32,11,2,1.8333333333333333,0.6666666666666666,-1.1666666666666665,16,5,120,STREET,53.125,75.0,0.0,6.0,58.0,40.49650756146648,1.0,2.0
STATEN ISLAND,-59,-54,40.61721923733334,-74.08206344599999,15,4,0,0.6666666666666666,0.0,-0.6666666666666666,10,0,120,STREET,66.66666666666666,100.0,0.0,57.0,51.0,22.77258872223978,8.0,9.0
STATEN ISLAND,-59,-53,40.61909834555556,-74.08313189666667,9,3,0,0.5,0.0,-0.5,8,0,120,STREET,33.33333333333333,100.0,0.0,58.0,50.0,18.302585092994047,15.0,17.0
STATEN ISLAND,-59,-52,40.6215415575,-74.0827656125,12,8,1,1.3333333333333333,0.3333333333333333,-1.0,8,1,120,HOUSING,66.66666666666666,33.33333333333333,58.333333333333336,17.0,57.0,19.564949357461536,14.0,4.0
STATEN ISLAND,-59,-51,40.62368839428572,-74.08214776238096,21,7,1,1.1666666666666667,0.3333333333333333,-0.8333333333333335,13,3,120,HOUSING,52.38095238095239,42.857142857142854,52.38095238095239,18.0,55.0,32.09104245335831,3.0,5.0
STATEN ISLAND,-59,-45,40.63692958,-74.08279374142856,7,3,2,0.5,0.6666666666666666,0.16666666666666663,6,0,120,STREET,85.71428571428571,71.42857142857143,0.0,7.0,9.0,14.079441541679836,21.0,50.0
STATEN ISLAND,-58,-54,40.61699978,-74.07994054,6,1,1,0.16666666666666666,0.3333333333333333,0.16666666666666666,6,0,120,STREET,50.0,83.33333333333334,0.0,19.0,8.0,13.945910149055313,22.0,52.0
STATEN ISLAND,-58,-52,40.6214156,-74.08007851,6,4,1,0.6666666666666666,0.3333333333333333,-0.3333333333333333,5,0,120,HOUSING,66.66666666666666,16.666666666666664,83.33333333333334,20.0,41.0,11.945910149055313,26.0,28.0
STATEN ISLAND,-58,-49,40.628619767500005,-74.079415265,4,3,1,0.5,0.3333333333333333,-0.16666666666666669,4,0,120,STREET,75.0,100.0,0.0,21.0,29.0,9.6094379124341,37.0,32.0
STATEN ISLAND,-57,-50,40.62591892142858,-74.07618142714286,7,3,2,0.5,0.6666666666666666,0.16666666666666663,5,1,120,STREET,71.42857142857143,71.42857142857143,0.0,8.0,10.0,13.079441541679836,23.0,51.0
STATEN ISLAND,-57,-49,40.628844074545455,-74.07667967818182,11,4,1,0.6666666666666666,0.3333333333333333,-0.3333333333333333,10,0,120,STREET,45.45454545454545,72.72727272727273,0.0,22.0,42.0,22.484906649788,10.0,29.0
STATEN ISLAND,-57,-44,40.64046341,-74.07655758749999,4,1,0,0.16666666666666666,0.0,-0.16666666666666666,2,1,120,STREET,50.0,75.0,0.0,59.0,27.0,6.6094379124341005,53.0,40.0
STATEN ISLAND,-57,-42,40.64472094,-74.07703272,16,4,8,0.6666666666666666,2.6666666666666665,2.0,8,1,120,STREET,50.0,75.0,6.25,1.0,1.0,19.833213344056215,13.0,59.0
STATEN ISLAND,-56,-50,40.62571045000001,-74.07508707500001,4,2,1,0.3333333333333333,0.3333333333333333,0.0,4,0,120,STREET,50.0,75.0,0.0,23.0,19.0,9.6094379124341,38.0,49.0
